Event Index,UTC Timestamp,UTC Date and Time,Local Timestamp,Local Timezone,Local Date and Time,Experiment ID,Experiment Version,Tree Node Key,Repeat Key,Schedule ID,Participant Public ID,Participant Private ID,Participant Starting Group,Participant Status,Participant Completion Code,Participant External Session ID,Participant Device Type,Participant Device,Participant OS,Participant Browser,Participant Monitor Size,Participant Viewport Size,Checkpoint,Room ID,Room Order,Task Name,Task Version,branch-74d9,checkpoint-9nfr,checkpoint-33a1,randomiser-pv2z,Spreadsheet,Trial Number,Display,Screen,Screen ID,Screen Counter,Response Type,Response,Onset Time,Clock Time,Reaction Time,Absolute Onset Time,Absolute Clock Time,Absolute Reaction Time,Correct,Response Onset,Response Duration,Proportion,Tag,Component Name,Object Name,Object Number,Object ID,Spreadsheet: display,Spreadsheet: item,Spreadsheet: nsl_id_gloss,Spreadsheet: norsk_video,Spreadsheet: picture_name,Spreadsheet: trial_number,Manipulation: Spreadsheet,Store: progress
1,1699364162744,07/11/2023 13:36:02,1699367762744,1,07/11/2023 15:36:02,142915,21,task-qcg3,,32770837,poeinvlv,9696122,,complete,,,computer,Desktop or Laptop,Windows 10,Edge 118.0.2088.61,1280x720,842x606,Accepted,,0,familiarity ratings,30,Not on phone,Accepted,,,survey_list,,,,,,5,BEGIN,,,,,,,0,,,,,,,,,,,,,,,,
2,1699364221252,07/11/2023 13:37:01,1699367821252,1,07/11/2023 15:37:01,142915,21,task-qcg3,,32770837,poeinvlv,9696122,,complete,,,computer,Desktop or Laptop,Windows 10,Edge 118.0.2088.61,1280x720,842x606,Accepted,,0,familiarity ratings,30,Not on phone,Accepted,,,survey_list,1,Instructions,Screen 1,apt9h7,1,continue,,57679.754999997764,57669.31,57679.754999997764,57679.754999997764,57669.31,57679.754999997764,1,57679.754999997764,0,0,,Click To Continue,Continue Button,2,object-4,Instructions,,,,,,,
3,1699364221356,07/11/2023 13:37:01,1699367821356,1,07/11/2023 15:37:01,142915,21,task-qcg3,,32770837,poeinvlv,9696122,,complete,,,computer,Desktop or Laptop,Windows 10,Edge 118.0.2088.61,1280x720,842x606,Accepted,,0,familiarity ratings,30,Not on phone,Accepted,,,survey_list,1,trial,Screen 1,9lhd9n,1,info,Video start,114.41799999851105,99.87600000000384,114.41799999851105,114.41799999851105,99.87600000000384,114.41799999851105,1,114.41799999851105,0,0,,Video,Video,2,object-8,trial,children,barn,Barn.mp4,Children 1.jpg,1,,1
4,1699364234511,07/11/2023 13:37:14,1699367834511,1,07/11/2023 15:37:14,142915,21,task-qcg3,,32770837,poeinvlv,9696122,,complete,,,computer,Desktop or Laptop,Windows 10,Edge 118.0.2088.61,1280x720,842x606,Accepted,,0,familiarity ratings,30,Not on phone,Accepted,,,survey_list,1,trial,Screen 1,9lhd9n,1,continue,,13255.662999999986,13239.009999999995,13255.662999999986,13255.662999999986,13239.009999999995,13255.662999999986,1,13255.662999999986,0,0,,Click To Continue,Continue Button,10,object-24,trial,children,barn,Barn.mp4,Children 1.jpg,1,,2
5,1699364234513,07/11/2023 13:37:14,1699367834513,1,07/11/2023 15:37:14,142915,21,task-qcg3,,32770837,poeinvlv,9696122,,complete,,,computer,Desktop or Laptop,Windows 10,Edge 118.0.2088.61,1280x720,842x606,Accepted,,0,familiarity ratings,30,Not on phone,Accepted,,,survey_list,1,trial,Screen 1,9lhd9n,1,response,1,4895.851000000002,13239.009999999995,13255.662999999986,4895.851000000002,13239.009999999995,13255.662999999986,1,4895.851000000002,8359.811999999984,0,,Rating Scale,Familiarity,5,object-10,trial,children,barn,Barn.mp4,Children 1.jpg,1,,3
6,1699364234513,07/11/2023 13:37:14,1699367834513,1,07/11/2023 15:37:14,142915,21,task-qcg3,,32770837,poeinvlv,9696122,,complete,,,computer,Desktop or Laptop,Windows 10,Edge 118.0.2088.61,1280x720,842x606,Accepted,,0,familiarity ratings,30,Not on phone,Accepted,,,survey_list,1,trial,Screen 1,9lhd9n,1,response,no,6361.221000000005,13239.009999999995,13255.662999999986,6361.221000000005,13239.009999999995,13255.662999999986,1,6361.221000000005,6894.441999999981,0,,Rating Scale,Use,7,object-12,trial,children,barn,Barn.mp4,Children 1.jpg,1,,4
7,1699364234514,07/11/2023 13:37:14,1699367834514,1,07/11/2023 15:37:14,142915,21,task-qcg3,,32770837,poeinvlv,9696122,,complete,,,computer,Desktop or Laptop,Windows 10,Edge 118.0.2088.61,1280x720,842x606,Accepted,,0,familiarity ratings,30,Not on phone,Accepted,,,survey_list,1,trial,Screen 1,9lhd9n,1,response,1,11573.635999999999,13239.009999999995,13255.662999999986,11573.635999999999,13239.009999999995,13255.662999999986,1,11573.635999999999,1682.0269999999873,0,,Rating Scale,Similarity,9,object-14,trial,children,barn,Barn.mp4,Children 1.jpg,1,,5
8,1699364234595,07/11/2023 13:37:14,1699367834595,1,07/11/2023 15:37:14,142915,21,task-qcg3,,32770837,poeinvlv,9696122,,complete,,,computer,Desktop or Laptop,Windows 10,Edge 118.0.2088.61,1280x720,842x606,Accepted,,0,familiarity ratings,30,Not on phone,Accepted,,,survey_list,2,trial,Screen 1,9lhd9n,1,info,Video start,114.41399999702617,99.77400000000489,114.41399999702617,114.41399999702617,99.77400000000489,114.41399999702617,1,114.41399999702617,0,0,,Video,Video,2,object-8,trial,flower,blomst,Blomst.mp4,Flower 1.jpg,2,,6
9,1699364240217,07/11/2023 13:37:20,1699367840217,1,07/11/2023 15:37:20,142915,21,task-qcg3,,32770837,poeinvlv,9696122,,complete,,,computer,Desktop or Laptop,Windows 10,Edge 118.0.2088.61,1280x720,842x606,Accepted,,0,familiarity ratings,30,Not on phone,Accepted,,,survey_list,2,trial,Screen 1,9lhd9n,1,continue,,5735.835000000006,5728.689000000013,5735.835000000006,5735.835000000006,5728.689000000013,5735.835000000006,1,5735.835000000006,0,0,,Click To Continue,Continue Button,10,object-24,trial,flower,blomst,Blomst.mp4,Flower 1.jpg,2,,7
10,1699364240218,07/11/2023 13:37:20,1699367840218,1,07/11/2023 15:37:20,142915,21,task-qcg3,,32770837,poeinvlv,9696122,,complete,,,computer,Desktop or Laptop,Windows 10,Edge 118.0.2088.61,1280x720,842x606,Accepted,,0,familiarity ratings,30,Not on phone,Accepted,,,survey_list,2,trial,Screen 1,9lhd9n,1,response,7,2914.148000000001,5728.689000000013,5737.835000000006,2914.148000000001,5728.689000000013,5737.835000000006,1,2914.148000000001,2823.6870000000054,0,,Rating Scale,Familiarity,5,object-10,trial,flower,blomst,Blomst.mp4,Flower 1.jpg,2,,8
11,1699364240219,07/11/2023 13:37:20,1699367840219,1,07/11/2023 15:37:20,142915,21,task-qcg3,,32770837,poeinvlv,9696122,,complete,,,computer,Desktop or Laptop,Windows 10,Edge 118.0.2088.61,1280x720,842x606,Accepted,,0,familiarity ratings,30,Not on phone,Accepted,,,survey_list,2,trial,Screen 1,9lhd9n,1,response,yes,3763.5,5728.689000000013,5738.634999997026,3763.5,5728.689000000013,5738.634999997026,1,3763.5,1975.1349999970262,0,,Rating Scale,Use,7,object-12,trial,flower,blomst,Blomst.mp4,Flower 1.jpg,2,,9
12,1699364240220,07/11/2023 13:37:20,1699367840220,1,07/11/2023 15:37:20,142915,21,task-qcg3,,32770837,poeinvlv,9696122,,complete,,,computer,Desktop or Laptop,Windows 10,Edge 118.0.2088.61,1280x720,842x606,Accepted,,0,familiarity ratings,30,Not on phone,Accepted,,,survey_list,2,trial,Screen 1,9lhd9n,1,response,7,4779.3080000000045,5728.689000000013,5739.234999998516,4779.3080000000045,5728.689000000013,5739.234999998516,1,4779.3080000000045,959.9269999985117,0,,Rating Scale,Similarity,9,object-14,trial,flower,blomst,Blomst.mp4,Flower 1.jpg,2,,10
13,1699364240319,07/11/2023 13:37:20,1699367840319,1,07/11/2023 15:37:20,142915,21,task-qcg3,,32770837,poeinvlv,9696122,,complete,,,computer,Desktop or Laptop,Windows 10,Edge 118.0.2088.61,1280x720,842x606,Accepted,,0,familiarity ratings,30,Not on phone,Accepted,,,survey_list,3,trial,Screen 1,9lhd9n,1,info,Video start,109.35799999775818,99.7719999999972,109.35799999775818,109.35799999775818,99.7719999999972,109.35799999775818,1,109.35799999775818,0,0,,Video,Video,2,object-8,trial,book,bok,Bok.mp4,Book 1.jpg,3,,11
14,1699364245140,07/11/2023 13:37:25,1699367845140,1,07/11/2023 15:37:25,142915,21,task-qcg3,,32770837,poeinvlv,9696122,,complete,,,computer,Desktop or Laptop,Windows 10,Edge 118.0.2088.61,1280x720,842x606,Accepted,,0,familiarity ratings,30,Not on phone,Accepted,,,survey_list,3,trial,Screen 1,9lhd9n,1,continue,,4930.645999999993,4929.081999999995,4930.645999999993,4930.645999999993,4929.081999999995,4930.645999999993,1,4930.645999999993,0,0,,Click To Continue,Continue Button,10,object-24,trial,book,bok,Bok.mp4,Book 1.jpg,3,,12
15,1699364245145,07/11/2023 13:37:25,1699367845145,1,07/11/2023 15:37:25,142915,21,task-qcg3,,32770837,poeinvlv,9696122,,complete,,,computer,Desktop or Laptop,Windows 10,Edge 118.0.2088.61,1280x720,842x606,Accepted,,0,familiarity ratings,30,Not on phone,Accepted,,,survey_list,3,trial,Screen 1,9lhd9n,1,response,7,2481.203999999998,4929.081999999995,4936.245999997758,2481.203999999998,4929.081999999995,4936.245999997758,1,2481.203999999998,2455.0419999977603,0,,Rating Scale,Familiarity,5,object-10,trial,book,bok,Bok.mp4,Book 1.jpg,3,,13
16,1699364245147,07/11/2023 13:37:25,1699367845147,1,07/11/2023 15:37:25,142915,21,task-qcg3,,32770837,poeinvlv,9696122,,complete,,,computer,Desktop or Laptop,Windows 10,Edge 118.0.2088.61,1280x720,842x606,Accepted,,0,familiarity ratings,30,Not on phone,Accepted,,,survey_list,3,trial,Screen 1,9lhd9n,1,response,yes,3163.899999999994,4929.081999999995,4937.345999999248,3163.899999999994,4929.081999999995,4937.345999999248,1,3163.899999999994,1773.4459999992541,0,,Rating Scale,Use,7,object-12,trial,book,bok,Bok.mp4,Book 1.jpg,3,,14
17,1699364245148,07/11/2023 13:37:25,1699367845148,1,07/11/2023 15:37:25,142915,21,task-qcg3,,32770837,poeinvlv,9696122,,complete,,,computer,Desktop or Laptop,Windows 10,Edge 118.0.2088.61,1280x720,842x606,Accepted,,0,familiarity ratings,30,Not on phone,Accepted,,,survey_list,3,trial,Screen 1,9lhd9n,1,response,7,4096.45199999999,4929.081999999995,4938.445999997013,4096.45199999999,4929.081999999995,4938.445999997013,1,4096.45199999999,841.9939999970229,0,,Rating Scale,Similarity,9,object-14,trial,book,bok,Bok.mp4,Book 1.jpg,3,,15
18,1699364245248,07/11/2023 13:37:25,1699367845248,1,07/11/2023 15:37:25,142915,21,task-qcg3,,32770837,poeinvlv,9696122,,complete,,,computer,Desktop or Laptop,Windows 10,Edge 118.0.2088.61,1280x720,842x606,Accepted,,0,familiarity ratings,30,Not on phone,Accepted,,,survey_list,4,trial,Screen 1,9lhd9n,1,info,Video start,109.51299999701826,100.07099999999627,109.51299999701826,109.51299999701826,100.07099999999627,109.51299999701826,1,109.51299999701826,0,0,,Video,Video,2,object-8,trial,magazine,dagbladet,Dagbladet.mp4,Magazine 1.jpg,4,,16
19,1699364249889,07/11/2023 13:37:29,1699367849889,1,07/11/2023 15:37:29,142915,21,task-qcg3,,32770837,poeinvlv,9696122,,complete,,,computer,Desktop or Laptop,Windows 10,Edge 118.0.2088.61,1280x720,842x606,Accepted,,0,familiarity ratings,30,Not on phone,Accepted,,,survey_list,4,trial,Screen 1,9lhd9n,1,continue,,4750.763999999253,4746.110000000001,4750.763999999253,4750.763999999253,4746.110000000001,4750.763999999253,1,4750.763999999253,0,0,,Click To Continue,Continue Button,10,object-24,trial,magazine,dagbladet,Dagbladet.mp4,Magazine 1.jpg,4,,17
20,1699364249891,07/11/2023 13:37:29,1699367849891,1,07/11/2023 15:37:29,142915,21,task-qcg3,,32770837,poeinvlv,9696122,,complete,,,computer,Desktop or Laptop,Windows 10,Edge 118.0.2088.61,1280x720,842x606,Accepted,,0,familiarity ratings,30,Not on phone,Accepted,,,survey_list,4,trial,Screen 1,9lhd9n,1,response,1,2731.2780000000057,4746.110000000001,4752.463999998508,2731.2780000000057,4746.110000000001,4752.463999998508,1,2731.2780000000057,2021.1859999985027,0,,Rating Scale,Familiarity,5,object-10,trial,magazine,dagbladet,Dagbladet.mp4,Magazine 1.jpg,4,,18
21,1699364249892,07/11/2023 13:37:29,1699367849892,1,07/11/2023 15:37:29,142915,21,task-qcg3,,32770837,poeinvlv,9696122,,complete,,,computer,Desktop or Laptop,Windows 10,Edge 118.0.2088.61,1280x720,842x606,Accepted,,0,familiarity ratings,30,Not on phone,Accepted,,,survey_list,4,trial,Screen 1,9lhd9n,1,response,no,3430.7320000000036,4746.110000000001,4753.663999997763,3430.7320000000036,4746.110000000001,4753.663999997763,1,3430.7320000000036,1322.9319999977597,0,,Rating Scale,Use,7,object-12,trial,magazine,dagbladet,Dagbladet.mp4,Magazine 1.jpg,4,,19
22,1699364249893,07/11/2023 13:37:29,1699367849893,1,07/11/2023 15:37:29,142915,21,task-qcg3,,32770837,poeinvlv,9696122,,complete,,,computer,Desktop or Laptop,Windows 10,Edge 118.0.2088.61,1280x720,842x606,Accepted,,0,familiarity ratings,30,Not on phone,Accepted,,,survey_list,4,trial,Screen 1,9lhd9n,1,response,1,4229.948000000004,4746.110000000001,4754.863999997018,4229.948000000004,4746.110000000001,4754.863999997018,1,4229.948000000004,524.9159999970143,0,,Rating Scale,Similarity,9,object-14,trial,magazine,dagbladet,Dagbladet.mp4,Magazine 1.jpg,4,,20
23,1699364249995,07/11/2023 13:37:29,1699367849995,1,07/11/2023 15:37:29,142915,21,task-qcg3,,32770837,poeinvlv,9696122,,complete,,,computer,Desktop or Laptop,Windows 10,Edge 118.0.2088.61,1280x720,842x606,Accepted,,0,familiarity ratings,30,Not on phone,Accepted,,,survey_list,5,trial,Screen 1,9lhd9n,1,info,Video start,110.69499999925284,99.89500000000407,110.69499999925284,110.69499999925284,99.89500000000407,110.69499999925284,1,110.69499999925284,0,0,,Video,Video,2,object-8,trial,doll,dukke,Dukke.mp4,Doll 1.jpg,5,,21
24,1699364254733,07/11/2023 13:37:34,1699367854733,1,07/11/2023 15:37:34,142915,21,task-qcg3,,32770837,poeinvlv,9696122,,complete,,,computer,Desktop or Laptop,Windows 10,Edge 118.0.2088.61,1280x720,842x606,Accepted,,0,familiarity ratings,30,Not on phone,Accepted,,,survey_list,5,trial,Screen 1,9lhd9n,1,continue,,4845.942999999999,4829.347999999998,4845.942999999999,4845.942999999999,4829.347999999998,4845.942999999999,1,4845.942999999999,0,0,,Click To Continue,Continue Button,10,object-24,trial,doll,dukke,Dukke.mp4,Doll 1.jpg,5,,22
25,1699364254733,07/11/2023 13:37:34,1699367854733,1,07/11/2023 15:37:34,142915,21,task-qcg3,,32770837,poeinvlv,9696122,,complete,,,computer,Desktop or Laptop,Windows 10,Edge 118.0.2088.61,1280x720,842x606,Accepted,,0,familiarity ratings,30,Not on phone,Accepted,,,survey_list,5,trial,Screen 1,9lhd9n,1,response,7,2314.9419999999955,4829.347999999998,4845.942999999999,2314.9419999999955,4829.347999999998,4845.942999999999,1,2314.9419999999955,2531.001000000004,0,,Rating Scale,Familiarity,5,object-10,trial,doll,dukke,Dukke.mp4,Doll 1.jpg,5,,23
26,1699364254735,07/11/2023 13:37:34,1699367854735,1,07/11/2023 15:37:34,142915,21,task-qcg3,,32770837,poeinvlv,9696122,,complete,,,computer,Desktop or Laptop,Windows 10,Edge 118.0.2088.61,1280x720,842x606,Accepted,,0,familiarity ratings,30,Not on phone,Accepted,,,survey_list,5,trial,Screen 1,9lhd9n,1,response,yes,3114.1300000000047,4829.347999999998,4845.942999999999,3114.1300000000047,4829.347999999998,4845.942999999999,1,3114.1300000000047,1731.8129999999946,0,,Rating Scale,Use,7,object-12,trial,doll,dukke,Dukke.mp4,Doll 1.jpg,5,,24
27,1699364254735,07/11/2023 13:37:34,1699367854735,1,07/11/2023 15:37:34,142915,21,task-qcg3,,32770837,poeinvlv,9696122,,complete,,,computer,Desktop or Laptop,Windows 10,Edge 118.0.2088.61,1280x720,842x606,Accepted,,0,familiarity ratings,30,Not on phone,Accepted,,,survey_list,5,trial,Screen 1,9lhd9n,1,response,7,3996.8169999999955,4829.347999999998,4845.942999999999,3996.8169999999955,4829.347999999998,4845.942999999999,1,3996.8169999999955,849.1260000000038,0,,Rating Scale,Similarity,9,object-14,trial,doll,dukke,Dukke.mp4,Doll 1.jpg,5,,25
28,1699364254827,07/11/2023 13:37:34,1699367854827,1,07/11/2023 15:37:34,142915,21,task-qcg3,,32770837,poeinvlv,9696122,,complete,,,computer,Desktop or Laptop,Windows 10,Edge 118.0.2088.61,1280x720,842x606,Accepted,,0,familiarity ratings,30,Not on phone,Accepted,,,survey_list,6,trial,Screen 1,9lhd9n,1,info,Video start,112.33299999776459,99.875,112.33299999776459,112.33299999776459,99.875,112.33299999776459,1,112.33299999776459,0,0,,Video,Video,2,object-8,trial,change,endring,Endring.mp4,Change 1.jpg,6,,26
29,1699364265327,07/11/2023 13:37:45,1699367865327,1,07/11/2023 15:37:45,142915,21,task-qcg3,,32770837,poeinvlv,9696122,,complete,,,computer,Desktop or Laptop,Windows 10,Edge 118.0.2088.61,1280x720,842x606,Accepted,,0,familiarity ratings,30,Not on phone,Accepted,,,survey_list,6,trial,Screen 1,9lhd9n,1,continue,,10611.90599999702,10607.934999999998,10611.90599999702,10611.90599999702,10607.934999999998,10611.90599999702,1,10611.90599999702,0,0,,Click To Continue,Continue Button,10,object-24,trial,change,endring,Endring.mp4,Change 1.jpg,6,,27
30,1699364265336,07/11/2023 13:37:45,1699367865336,1,07/11/2023 15:37:45,142915,21,task-qcg3,,32770837,poeinvlv,9696122,,complete,,,computer,Desktop or Laptop,Windows 10,Edge 118.0.2088.61,1280x720,842x606,Accepted,,0,familiarity ratings,30,Not on phone,Accepted,,,survey_list,6,trial,Screen 1,9lhd9n,1,response,4,4862.733999999997,10607.934999999998,10621.40599999702,4862.733999999997,10607.934999999998,10621.40599999702,1,4862.733999999997,5758.671999997023,0,,Rating Scale,Familiarity,5,object-10,trial,change,endring,Endring.mp4,Change 1.jpg,6,,28
31,1699364265338,07/11/2023 13:37:45,1699367865338,1,07/11/2023 15:37:45,142915,21,task-qcg3,,32770837,poeinvlv,9696122,,complete,,,computer,Desktop or Laptop,Windows 10,Edge 118.0.2088.61,1280x720,842x606,Accepted,,0,familiarity ratings,30,Not on phone,Accepted,,,survey_list,6,trial,Screen 1,9lhd9n,1,response,yes,8176.656000000003,10607.934999999998,10623.106,8176.656000000003,10607.934999999998,10623.106,1,8176.656000000003,2446.449999999997,0,,Rating Scale,Use,7,object-12,trial,change,endring,Endring.mp4,Change 1.jpg,6,,29
32,1699364265339,07/11/2023 13:37:45,1699367865339,1,07/11/2023 15:37:45,142915,21,task-qcg3,,32770837,poeinvlv,9696122,,complete,,,computer,Desktop or Laptop,Windows 10,Edge 118.0.2088.61,1280x720,842x606,Accepted,,0,familiarity ratings,30,Not on phone,Accepted,,,survey_list,6,trial,Screen 1,9lhd9n,1,response,4,9725.331999999995,10607.934999999998,10624.00599999851,9725.331999999995,10607.934999999998,10624.00599999851,1,9725.331999999995,898.6739999985148,0,,Rating Scale,Similarity,9,object-14,trial,change,endring,Endring.mp4,Change 1.jpg,6,,30
33,1699364265432,07/11/2023 13:37:45,1699367865432,1,07/11/2023 15:37:45,142915,21,task-qcg3,,32770837,poeinvlv,9696122,,complete,,,computer,Desktop or Laptop,Windows 10,Edge 118.0.2088.61,1280x720,842x606,Accepted,,0,familiarity ratings,30,Not on phone,Accepted,,,survey_list,7,trial,Screen 1,9lhd9n,1,info,Video start,109.73099999851198,100.07200000000012,109.73099999851198,109.73099999851198,100.07200000000012,109.73099999851198,1,109.73099999851198,0,0,,Video,Video,2,object-8,trial,family,familie,Familie.mp4,Family 1.jpg,7,,31
34,1699364270900,07/11/2023 13:37:50,1699367870900,1,07/11/2023 15:37:50,142915,21,task-qcg3,,32770837,poeinvlv,9696122,,complete,,,computer,Desktop or Laptop,Windows 10,Edge 118.0.2088.61,1280x720,842x606,Accepted,,0,familiarity ratings,30,Not on phone,Accepted,,,survey_list,7,trial,Screen 1,9lhd9n,1,continue,,5576.570999998512,5562.184000000008,5576.570999998512,5576.570999998512,5562.184000000008,5576.570999998512,1,5576.570999998512,0,0,,Click To Continue,Continue Button,10,object-24,trial,family,familie,Familie.mp4,Family 1.jpg,7,,32
35,1699364270902,07/11/2023 13:37:50,1699367870902,1,07/11/2023 15:37:50,142915,21,task-qcg3,,32770837,poeinvlv,9696122,,complete,,,computer,Desktop or Laptop,Windows 10,Edge 118.0.2088.61,1280x720,842x606,Accepted,,0,familiarity ratings,30,Not on phone,Accepted,,,survey_list,7,trial,Screen 1,9lhd9n,1,response,7,3580.396000000008,5562.184000000008,5578.470999997022,3580.396000000008,5562.184000000008,5578.470999997022,1,3580.396000000008,1998.074999997014,0,,Rating Scale,Familiarity,5,object-10,trial,family,familie,Familie.mp4,Family 1.jpg,7,,33
36,1699364270905,07/11/2023 13:37:50,1699367870905,1,07/11/2023 15:37:50,142915,21,task-qcg3,,32770837,poeinvlv,9696122,,complete,,,computer,Desktop or Laptop,Windows 10,Edge 118.0.2088.61,1280x720,842x606,Accepted,,0,familiarity ratings,30,Not on phone,Accepted,,,survey_list,7,trial,Screen 1,9lhd9n,1,response,yes,4213.241000000009,5562.184000000008,5578.81200000002,4213.241000000009,5562.184000000008,5578.81200000002,1,4213.241000000009,1365.5710000000108,0,,Rating Scale,Use,7,object-12,trial,family,familie,Familie.mp4,Family 1.jpg,7,,34
37,1699364270907,07/11/2023 13:37:50,1699367870907,1,07/11/2023 15:37:50,142915,21,task-qcg3,,32770837,poeinvlv,9696122,,complete,,,computer,Desktop or Laptop,Windows 10,Edge 118.0.2088.61,1280x720,842x606,Accepted,,0,familiarity ratings,30,Not on phone,Accepted,,,survey_list,7,trial,Screen 1,9lhd9n,1,response,7,4912.692999999999,5562.184000000008,5578.81200000002,4912.692999999999,5562.184000000008,5578.81200000002,1,4912.692999999999,666.1190000000206,0,,Rating Scale,Similarity,9,object-14,trial,family,familie,Familie.mp4,Family 1.jpg,7,,35
38,1699364270995,07/11/2023 13:37:50,1699367870995,1,07/11/2023 15:37:50,142915,21,task-qcg3,,32770837,poeinvlv,9696122,,complete,,,computer,Desktop or Laptop,Windows 10,Edge 118.0.2088.61,1280x720,842x606,Accepted,,0,familiarity ratings,30,Not on phone,Accepted,,,survey_list,8,trial,Screen 1,9lhd9n,1,info,Video start,110.07599999850359,99.77099999999336,110.07599999850359,110.07599999850359,99.77099999999336,110.07599999850359,1,110.07599999850359,0,0,,Video,Video,2,object-8,trial,color,farge,Farge.mp4,Color 1.jpg,8,,36
39,1699364276286,07/11/2023 13:37:56,1699367876286,1,07/11/2023 15:37:56,142915,21,task-qcg3,,32770837,poeinvlv,9696122,,complete,,,computer,Desktop or Laptop,Windows 10,Edge 118.0.2088.61,1280x720,842x606,Accepted,,0,familiarity ratings,30,Not on phone,Accepted,,,survey_list,8,trial,Screen 1,9lhd9n,1,continue,,5401.2869999970135,5395.531999999992,5401.2869999970135,5401.2869999970135,5395.531999999992,5401.2869999970135,1,5401.2869999970135,0,0,,Click To Continue,Continue Button,10,object-24,trial,color,farge,Farge.mp4,Color 1.jpg,8,,37
40,1699364276296,07/11/2023 13:37:56,1699367876296,1,07/11/2023 15:37:56,142915,21,task-qcg3,,32770837,poeinvlv,9696122,,complete,,,computer,Desktop or Laptop,Windows 10,Edge 118.0.2088.61,1280x720,842x606,Accepted,,0,familiarity ratings,30,Not on phone,Accepted,,,survey_list,8,trial,Screen 1,9lhd9n,1,response,1,3213.979999999996,5395.531999999992,5411.386999998504,3213.979999999996,5395.531999999992,5411.386999998504,1,3213.979999999996,2197.4069999985077,0,,Rating Scale,Familiarity,5,object-10,trial,color,farge,Farge.mp4,Color 1.jpg,8,,38
41,1699364276298,07/11/2023 13:37:56,1699367876298,1,07/11/2023 15:37:56,142915,21,task-qcg3,,32770837,poeinvlv,9696122,,complete,,,computer,Desktop or Laptop,Windows 10,Edge 118.0.2088.61,1280x720,842x606,Accepted,,0,familiarity ratings,30,Not on phone,Accepted,,,survey_list,8,trial,Screen 1,9lhd9n,1,response,no,4362.922999999995,5395.531999999992,5412.290999999997,4362.922999999995,5395.531999999992,5412.290999999997,1,4362.922999999995,1049.3680000000022,0,,Rating Scale,Use,7,object-12,trial,color,farge,Farge.mp4,Color 1.jpg,8,,39
42,1699364276299,07/11/2023 13:37:56,1699367876299,1,07/11/2023 15:37:56,142915,21,task-qcg3,,32770837,poeinvlv,9696122,,complete,,,computer,Desktop or Laptop,Windows 10,Edge 118.0.2088.61,1280x720,842x606,Accepted,,0,familiarity ratings,30,Not on phone,Accepted,,,survey_list,8,trial,Screen 1,9lhd9n,1,response,1,5012.447,5395.531999999992,5412.290999999997,5012.447,5395.531999999992,5412.290999999997,1,5012.447,399.8439999999973,0,,Rating Scale,Similarity,9,object-14,trial,color,farge,Farge.mp4,Color 1.jpg,8,,40
43,1699364276392,07/11/2023 13:37:56,1699367876392,1,07/11/2023 15:37:56,142915,21,task-qcg3,,32770837,poeinvlv,9696122,,complete,,,computer,Desktop or Laptop,Windows 10,Edge 118.0.2088.61,1280x720,842x606,Accepted,,0,familiarity ratings,30,Not on phone,Accepted,,,survey_list,9,trial,Screen 1,9lhd9n,1,info,Video start,111.55599999851162,99.92699999999604,111.55599999851162,111.55599999851162,99.92699999999604,111.55599999851162,1,111.55599999851162,0,0,,Video,Video,2,object-8,trial,engagement,forlovet,Forlovet.mp4,Engagement 1.jpg,9,,41
44,1699364284748,07/11/2023 13:38:04,1699367884748,1,07/11/2023 15:38:04,142915,21,task-qcg3,,32770837,poeinvlv,9696122,,complete,,,computer,Desktop or Laptop,Windows 10,Edge 118.0.2088.61,1280x720,842x606,Accepted,,0,familiarity ratings,30,Not on phone,Accepted,,,survey_list,9,trial,Screen 1,9lhd9n,1,continue,,8466.854999998512,8459.657999999996,8466.854999998512,8466.854999998512,8459.657999999996,8466.854999998512,1,8466.854999998512,0,0,,Click To Continue,Continue Button,10,object-24,trial,engagement,forlovet,Forlovet.mp4,Engagement 1.jpg,9,,42
45,1699364284750,07/11/2023 13:38:04,1699367884750,1,07/11/2023 15:38:04,142915,21,task-qcg3,,32770837,poeinvlv,9696122,,complete,,,computer,Desktop or Laptop,Windows 10,Edge 118.0.2088.61,1280x720,842x606,Accepted,,0,familiarity ratings,30,Not on phone,Accepted,,,survey_list,9,trial,Screen 1,9lhd9n,1,response,4,3130.7660000000033,8459.657999999996,8469.354999998512,3130.7660000000033,8459.657999999996,8469.354999998512,1,3130.7660000000033,5338.588999998508,0,,Rating Scale,Familiarity,5,object-10,trial,engagement,forlovet,Forlovet.mp4,Engagement 1.jpg,9,,43
46,1699364284753,07/11/2023 13:38:04,1699367884753,1,07/11/2023 15:38:04,142915,21,task-qcg3,,32770837,poeinvlv,9696122,,complete,,,computer,Desktop or Laptop,Windows 10,Edge 118.0.2088.61,1280x720,842x606,Accepted,,0,familiarity ratings,30,Not on phone,Accepted,,,survey_list,9,trial,Screen 1,9lhd9n,1,response,yes,4779.289000000004,8459.657999999996,8472.154999999257,4779.289000000004,8459.657999999996,8472.154999999257,1,4779.289000000004,3692.8659999992524,0,,Rating Scale,Use,7,object-12,trial,engagement,forlovet,Forlovet.mp4,Engagement 1.jpg,9,,44
47,1699364284756,07/11/2023 13:38:04,1699367884756,1,07/11/2023 15:38:04,142915,21,task-qcg3,,32770837,poeinvlv,9696122,,complete,,,computer,Desktop or Laptop,Windows 10,Edge 118.0.2088.61,1280x720,842x606,Accepted,,0,familiarity ratings,30,Not on phone,Accepted,,,survey_list,9,trial,Screen 1,9lhd9n,1,response,4,6777.747000000003,8459.657999999996,8474.354999998512,6777.747000000003,8459.657999999996,8474.354999998512,1,6777.747000000003,1696.6079999985086,0,,Rating Scale,Similarity,9,object-14,trial,engagement,forlovet,Forlovet.mp4,Engagement 1.jpg,9,,45
48,1699364284850,07/11/2023 13:38:04,1699367884850,1,07/11/2023 15:38:04,142915,21,task-qcg3,,32770837,poeinvlv,9696122,,complete,,,computer,Desktop or Laptop,Windows 10,Edge 118.0.2088.61,1280x720,842x606,Accepted,,0,familiarity ratings,30,Not on phone,Accepted,,,survey_list,10,trial,Screen 1,9lhd9n,1,info,Video start,109.97599999851582,100.03900000000431,109.97599999851582,109.97599999851582,100.03900000000431,109.97599999851582,1,109.97599999851582,0,0,,Video,Video,2,object-8,trial,frog,frosk,Frosk.mp4,Frog 1.jpg,10,,46
49,1699364289154,07/11/2023 13:38:09,1699367889154,1,07/11/2023 15:38:09,142915,21,task-qcg3,,32770837,poeinvlv,9696122,,complete,,,computer,Desktop or Laptop,Windows 10,Edge 118.0.2088.61,1280x720,842x606,Accepted,,0,familiarity ratings,30,Not on phone,Accepted,,,survey_list,10,trial,Screen 1,9lhd9n,1,continue,,4414.396999997771,4412.930000000008,4414.396999997771,4414.396999997771,4412.930000000008,4414.396999997771,1,4414.396999997771,0,0,,Click To Continue,Continue Button,10,object-24,trial,frog,frosk,Frosk.mp4,Frog 1.jpg,10,,47
50,1699364289160,07/11/2023 13:38:09,1699367889160,1,07/11/2023 15:38:09,142915,21,task-qcg3,,32770837,poeinvlv,9696122,,complete,,,computer,Desktop or Laptop,Windows 10,Edge 118.0.2088.61,1280x720,842x606,Accepted,,0,familiarity ratings,30,Not on phone,Accepted,,,survey_list,10,trial,Screen 1,9lhd9n,1,response,7,2414.642000000007,4412.930000000008,4419.996999999261,2414.642000000007,4412.930000000008,4419.996999999261,1,2414.642000000007,2005.3549999992538,0,,Rating Scale,Familiarity,5,object-10,trial,frog,frosk,Frosk.mp4,Frog 1.jpg,10,,48
51,1699364289161,07/11/2023 13:38:09,1699367889161,1,07/11/2023 15:38:09,142915,21,task-qcg3,,32770837,poeinvlv,9696122,,complete,,,computer,Desktop or Laptop,Windows 10,Edge 118.0.2088.61,1280x720,842x606,Accepted,,0,familiarity ratings,30,Not on phone,Accepted,,,survey_list,10,trial,Screen 1,9lhd9n,1,response,yes,2997.545000000013,4412.930000000008,4420.996999999261,2997.545000000013,4412.930000000008,4420.996999999261,1,2997.545000000013,1423.451999999248,0,,Rating Scale,Use,7,object-12,trial,frog,frosk,Frosk.mp4,Frog 1.jpg,10,,49
52,1699364289161,07/11/2023 13:38:09,1699367889161,1,07/11/2023 15:38:09,142915,21,task-qcg3,,32770837,poeinvlv,9696122,,complete,,,computer,Desktop or Laptop,Windows 10,Edge 118.0.2088.61,1280x720,842x606,Accepted,,0,familiarity ratings,30,Not on phone,Accepted,,,survey_list,10,trial,Screen 1,9lhd9n,1,response,7,3746.899000000005,4412.930000000008,4421.797000000006,3746.899000000005,4412.930000000008,4421.797000000006,1,3746.899000000005,674.898000000001,0,,Rating Scale,Similarity,9,object-14,trial,frog,frosk,Frosk.mp4,Frog 1.jpg,10,,50
53,1699364289262,07/11/2023 13:38:09,1699367889262,1,07/11/2023 15:38:09,142915,21,task-qcg3,,32770837,poeinvlv,9696122,,complete,,,computer,Desktop or Laptop,Windows 10,Edge 118.0.2088.61,1280x720,842x606,Accepted,,0,familiarity ratings,30,Not on phone,Accepted,,,survey_list,11,trial,Screen 1,9lhd9n,1,info,Video start,109.33399999701814,99.92399999999907,109.33399999701814,109.33399999701814,99.92399999999907,109.33399999701814,1,109.33399999701814,0,0,,Video,Video,2,object-8,trial,gorilla,gorilla,Gorilla.mp4,Gorilla 1.jpg,11,,51
54,1699364293049,07/11/2023 13:38:13,1699367893049,1,07/11/2023 15:38:13,142915,21,task-qcg3,,32770837,poeinvlv,9696122,,complete,,,computer,Desktop or Laptop,Windows 10,Edge 118.0.2088.61,1280x720,842x606,Accepted,,0,familiarity ratings,30,Not on phone,Accepted,,,survey_list,11,trial,Screen 1,9lhd9n,1,continue,,3896.466999997763,3880.2690000000002,3896.466999997763,3896.466999997763,3880.2690000000002,3896.466999997763,1,3896.466999997763,0,0,,Click To Continue,Continue Button,10,object-24,trial,gorilla,gorilla,Gorilla.mp4,Gorilla 1.jpg,11,,52
55,1699364293050,07/11/2023 13:38:13,1699367893050,1,07/11/2023 15:38:13,142915,21,task-qcg3,,32770837,poeinvlv,9696122,,complete,,,computer,Desktop or Laptop,Windows 10,Edge 118.0.2088.61,1280x720,842x606,Accepted,,0,familiarity ratings,30,Not on phone,Accepted,,,survey_list,11,trial,Screen 1,9lhd9n,1,response,7,1632.051999999996,3880.2690000000002,3896.9370000000054,1632.051999999996,3880.2690000000002,3896.9370000000054,1,1632.051999999996,2264.8850000000093,0,,Rating Scale,Familiarity,5,object-10,trial,gorilla,gorilla,Gorilla.mp4,Gorilla 1.jpg,11,,53
56,1699364293051,07/11/2023 13:38:13,1699367893051,1,07/11/2023 15:38:13,142915,21,task-qcg3,,32770837,poeinvlv,9696122,,complete,,,computer,Desktop or Laptop,Windows 10,Edge 118.0.2088.61,1280x720,842x606,Accepted,,0,familiarity ratings,30,Not on phone,Accepted,,,survey_list,11,trial,Screen 1,9lhd9n,1,response,yes,2331.535999999993,3880.2690000000002,3896.9370000000054,2331.535999999993,3880.2690000000002,3896.9370000000054,1,2331.535999999993,1565.4010000000126,0,,Rating Scale,Use,7,object-12,trial,gorilla,gorilla,Gorilla.mp4,Gorilla 1.jpg,11,,54
57,1699364293051,07/11/2023 13:38:13,1699367893051,1,07/11/2023 15:38:13,142915,21,task-qcg3,,32770837,poeinvlv,9696122,,complete,,,computer,Desktop or Laptop,Windows 10,Edge 118.0.2088.61,1280x720,842x606,Accepted,,0,familiarity ratings,30,Not on phone,Accepted,,,survey_list,11,trial,Screen 1,9lhd9n,1,response,7,3214.146999999997,3880.2690000000002,3896.9370000000054,3214.146999999997,3880.2690000000002,3896.9370000000054,1,3214.146999999997,682.7900000000081,0,,Rating Scale,Similarity,9,object-14,trial,gorilla,gorilla,Gorilla.mp4,Gorilla 1.jpg,11,,55
58,1699364293145,07/11/2023 13:38:13,1699367893145,1,07/11/2023 15:38:13,142915,21,task-qcg3,,32770837,poeinvlv,9696122,,complete,,,computer,Desktop or Laptop,Windows 10,Edge 118.0.2088.61,1280x720,842x606,Accepted,,0,familiarity ratings,30,Not on phone,Accepted,,,survey_list,12,trial,Screen 1,9lhd9n,1,info,Video start,112.11399999850802,99.97299999999814,112.11399999850802,112.11399999850802,99.97299999999814,112.11399999850802,1,112.11399999850802,0,0,,Video,Video,2,object-8,trial,cry,gråte,Gråte.mp4,Cry 1.jpg,12,,56
59,1699364298636,07/11/2023 13:38:18,1699367898636,1,07/11/2023 15:38:18,142915,21,task-qcg3,,32770837,poeinvlv,9696122,,complete,,,computer,Desktop or Laptop,Windows 10,Edge 118.0.2088.61,1280x720,842x606,Accepted,,0,familiarity ratings,30,Not on phone,Accepted,,,survey_list,12,trial,Screen 1,9lhd9n,1,continue,,5602.997999998508,5595.369000000006,5602.997999998508,5602.997999998508,5595.369000000006,5602.997999998508,1,5602.997999998508,0,0,,Click To Continue,Continue Button,10,object-24,trial,cry,gråte,Gråte.mp4,Cry 1.jpg,12,,57
60,1699364298637,07/11/2023 13:38:18,1699367898637,1,07/11/2023 15:38:18,142915,21,task-qcg3,,32770837,poeinvlv,9696122,,complete,,,computer,Desktop or Laptop,Windows 10,Edge 118.0.2088.61,1280x720,842x606,Accepted,,0,familiarity ratings,30,Not on phone,Accepted,,,survey_list,12,trial,Screen 1,9lhd9n,1,response,7,2497.8010000000068,5595.369000000006,5604.197999997763,2497.8010000000068,5595.369000000006,5604.197999997763,1,2497.8010000000068,3106.396999997756,0,,Rating Scale,Familiarity,5,object-10,trial,cry,gråte,Gråte.mp4,Cry 1.jpg,12,,58
61,1699364298638,07/11/2023 13:38:18,1699367898638,1,07/11/2023 15:38:18,142915,21,task-qcg3,,32770837,poeinvlv,9696122,,complete,,,computer,Desktop or Laptop,Windows 10,Edge 118.0.2088.61,1280x720,842x606,Accepted,,0,familiarity ratings,30,Not on phone,Accepted,,,survey_list,12,trial,Screen 1,9lhd9n,1,response,yes,4013.4459999999963,5595.369000000006,5604.797999999253,4013.4459999999963,5595.369000000006,5604.797999999253,1,4013.4459999999963,1591.3519999992568,0,,Rating Scale,Use,7,object-12,trial,cry,gråte,Gråte.mp4,Cry 1.jpg,12,,59
62,1699364298639,07/11/2023 13:38:18,1699367898639,1,07/11/2023 15:38:18,142915,21,task-qcg3,,32770837,poeinvlv,9696122,,complete,,,computer,Desktop or Laptop,Windows 10,Edge 118.0.2088.61,1280x720,842x606,Accepted,,0,familiarity ratings,30,Not on phone,Accepted,,,survey_list,12,trial,Screen 1,9lhd9n,1,response,7,4829.32699999999,5595.369000000006,5605.697999997763,4829.32699999999,5595.369000000006,5605.697999997763,1,4829.32699999999,776.3709999977727,0,,Rating Scale,Similarity,9,object-14,trial,cry,gråte,Gråte.mp4,Cry 1.jpg,12,,60
63,1699364298738,07/11/2023 13:38:18,1699367898738,1,07/11/2023 15:38:18,142915,21,task-qcg3,,32770837,poeinvlv,9696122,,complete,,,computer,Desktop or Laptop,Windows 10,Edge 118.0.2088.61,1280x720,842x606,Accepted,,0,familiarity ratings,30,Not on phone,Accepted,,,survey_list,13,trial,Screen 1,9lhd9n,1,info,Video start,109.63799999924703,100.02099999997881,109.63799999924703,109.63799999924703,100.02099999997881,109.63799999924703,1,109.63799999924703,0,0,,Video,Video,2,object-8,trial,boy,gutt,Gutt.mp4,Boy 1.jpg,13,,61
64,1699364305975,07/11/2023 13:38:25,1699367905975,1,07/11/2023 15:38:25,142915,21,task-qcg3,,32770837,poeinvlv,9696122,,complete,,,computer,Desktop or Laptop,Windows 10,Edge 118.0.2088.61,1280x720,842x606,Accepted,,0,familiarity ratings,30,Not on phone,Accepted,,,survey_list,13,trial,Screen 1,9lhd9n,1,continue,,7346.228999999992,7343.851999999984,7346.228999999992,7346.228999999992,7343.851999999984,7346.228999999992,1,7346.228999999992,0,0,,Click To Continue,Continue Button,10,object-24,trial,boy,gutt,Gutt.mp4,Boy 1.jpg,13,,62
65,1699364305987,07/11/2023 13:38:25,1699367905987,1,07/11/2023 15:38:25,142915,21,task-qcg3,,32770837,poeinvlv,9696122,,complete,,,computer,Desktop or Laptop,Windows 10,Edge 118.0.2088.61,1280x720,842x606,Accepted,,0,familiarity ratings,30,Not on phone,Accepted,,,survey_list,13,trial,Screen 1,9lhd9n,1,response,4,5112.5229999999865,7343.851999999984,7358.128999998502,5112.5229999999865,7343.851999999984,7358.128999998502,1,5112.5229999999865,2245.6059999985155,0,,Rating Scale,Familiarity,5,object-10,trial,boy,gutt,Gutt.mp4,Boy 1.jpg,13,,63
66,1699364305988,07/11/2023 13:38:25,1699367905988,1,07/11/2023 15:38:25,142915,21,task-qcg3,,32770837,poeinvlv,9696122,,complete,,,computer,Desktop or Laptop,Windows 10,Edge 118.0.2088.61,1280x720,842x606,Accepted,,0,familiarity ratings,30,Not on phone,Accepted,,,survey_list,13,trial,Screen 1,9lhd9n,1,response,yes,5845.179000000004,7343.851999999984,7359.428999999247,5845.179000000004,7343.851999999984,7359.428999999247,1,5845.179000000004,1514.2499999992433,0,,Rating Scale,Use,7,object-12,trial,boy,gutt,Gutt.mp4,Boy 1.jpg,13,,64
67,1699364305989,07/11/2023 13:38:25,1699367905989,1,07/11/2023 15:38:25,142915,21,task-qcg3,,32770837,poeinvlv,9696122,,complete,,,computer,Desktop or Laptop,Windows 10,Edge 118.0.2088.61,1280x720,842x606,Accepted,,0,familiarity ratings,30,Not on phone,Accepted,,,survey_list,13,trial,Screen 1,9lhd9n,1,response,4,6661.194999999978,7343.851999999984,7360.428999999247,6661.194999999978,7343.851999999984,7360.428999999247,1,6661.194999999978,699.2339999992691,0,,Rating Scale,Similarity,9,object-14,trial,boy,gutt,Gutt.mp4,Boy 1.jpg,13,,65
68,1699364306083,07/11/2023 13:38:26,1699367906083,1,07/11/2023 15:38:26,142915,21,task-qcg3,,32770837,poeinvlv,9696122,,complete,,,computer,Desktop or Laptop,Windows 10,Edge 118.0.2088.61,1280x720,842x606,Accepted,,0,familiarity ratings,30,Not on phone,Accepted,,,survey_list,14,trial,Screen 1,9lhd9n,1,info,Video start,110.15899999851757,99.98500000001513,110.15899999851757,110.15899999851757,99.98500000001513,110.15899999851757,1,110.15899999851757,0,0,,Video,Video,2,object-8,trial,jump,hoppe,Hoppe.mp4,Jump 1.jpg,14,,66
69,1699364310580,07/11/2023 13:38:30,1699367910580,1,07/11/2023 15:38:30,142915,21,task-qcg3,,32770837,poeinvlv,9696122,,complete,,,computer,Desktop or Laptop,Windows 10,Edge 118.0.2088.61,1280x720,842x606,Accepted,,0,familiarity ratings,30,Not on phone,Accepted,,,survey_list,14,trial,Screen 1,9lhd9n,1,continue,,4607.676999997027,4596.258000000002,4607.676999997027,4607.676999997027,4596.258000000002,4607.676999997027,1,4607.676999997027,0,0,,Click To Continue,Continue Button,10,object-24,trial,jump,hoppe,Hoppe.mp4,Jump 1.jpg,14,,67
70,1699364310581,07/11/2023 13:38:30,1699367910581,1,07/11/2023 15:38:30,142915,21,task-qcg3,,32770837,poeinvlv,9696122,,complete,,,computer,Desktop or Laptop,Windows 10,Edge 118.0.2088.61,1280x720,842x606,Accepted,,0,familiarity ratings,30,Not on phone,Accepted,,,survey_list,14,trial,Screen 1,9lhd9n,1,response,7,1948.6820000000007,4596.258000000002,4608.377000000008,1948.6820000000007,4596.258000000002,4608.377000000008,1,1948.6820000000007,2659.695000000007,0,,Rating Scale,Familiarity,5,object-10,trial,jump,hoppe,Hoppe.mp4,Jump 1.jpg,14,,68
71,1699364310582,07/11/2023 13:38:30,1699367910582,1,07/11/2023 15:38:30,142915,21,task-qcg3,,32770837,poeinvlv,9696122,,complete,,,computer,Desktop or Laptop,Windows 10,Edge 118.0.2088.61,1280x720,842x606,Accepted,,0,familiarity ratings,30,Not on phone,Accepted,,,survey_list,14,trial,Screen 1,9lhd9n,1,response,yes,3047.5200000000186,4596.258000000002,4609.276999998518,3047.5200000000186,4596.258000000002,4609.276999998518,1,3047.5200000000186,1561.756999998499,0,,Rating Scale,Use,7,object-12,trial,jump,hoppe,Hoppe.mp4,Jump 1.jpg,14,,69
72,1699364310582,07/11/2023 13:38:30,1699367910582,1,07/11/2023 15:38:30,142915,21,task-qcg3,,32770837,poeinvlv,9696122,,complete,,,computer,Desktop or Laptop,Windows 10,Edge 118.0.2088.61,1280x720,842x606,Accepted,,0,familiarity ratings,30,Not on phone,Accepted,,,survey_list,14,trial,Screen 1,9lhd9n,1,response,7,3896.890000000014,4596.258000000002,4609.877000000008,3896.890000000014,4596.258000000002,4609.877000000008,1,3896.890000000014,712.9869999999937,0,,Rating Scale,Similarity,9,object-14,trial,jump,hoppe,Hoppe.mp4,Jump 1.jpg,14,,70
73,1699364310679,07/11/2023 13:38:30,1699367910679,1,07/11/2023 15:38:30,142915,21,task-qcg3,,32770837,poeinvlv,9696122,,complete,,,computer,Desktop or Laptop,Windows 10,Edge 118.0.2088.61,1280x720,842x606,Accepted,,0,familiarity ratings,30,Not on phone,Accepted,,,survey_list,15,trial,Screen 1,9lhd9n,1,info,Video start,109.23300000000606,99.97500000000582,109.23300000000606,109.23300000000606,99.97500000000582,109.23300000000606,1,109.23300000000606,0,0,,Video,Video,2,object-8,trial,coffee,kaffe,Kaffe.mp4,Coffee 1.jpg,15,,71
74,1699364314021,07/11/2023 13:38:34,1699367914021,1,07/11/2023 15:38:34,142915,21,task-qcg3,,32770837,poeinvlv,9696122,,complete,,,computer,Desktop or Laptop,Windows 10,Edge 118.0.2088.61,1280x720,842x606,Accepted,,0,familiarity ratings,30,Not on phone,Accepted,,,survey_list,15,trial,Screen 1,9lhd9n,1,continue,,3451.418999997026,3447.350000000006,3451.418999997026,3451.418999997026,3447.350000000006,3451.418999997026,1,3451.418999997026,0,0,,Click To Continue,Continue Button,10,object-24,trial,coffee,kaffe,Kaffe.mp4,Coffee 1.jpg,15,,72
75,1699364314023,07/11/2023 13:38:34,1699367914023,1,07/11/2023 15:38:34,142915,21,task-qcg3,,32770837,poeinvlv,9696122,,complete,,,computer,Desktop or Laptop,Windows 10,Edge 118.0.2088.61,1280x720,842x606,Accepted,,0,familiarity ratings,30,Not on phone,Accepted,,,survey_list,15,trial,Screen 1,9lhd9n,1,response,1,1631.9550000000163,3447.350000000006,3453.818999999261,1631.9550000000163,3447.350000000006,3453.818999999261,1,1631.9550000000163,1821.8639999992447,0,,Rating Scale,Familiarity,5,object-10,trial,coffee,kaffe,Kaffe.mp4,Coffee 1.jpg,15,,73
76,1699364314025,07/11/2023 13:38:34,1699367914025,1,07/11/2023 15:38:34,142915,21,task-qcg3,,32770837,poeinvlv,9696122,,complete,,,computer,Desktop or Laptop,Windows 10,Edge 118.0.2088.61,1280x720,842x606,Accepted,,0,familiarity ratings,30,Not on phone,Accepted,,,survey_list,15,trial,Screen 1,9lhd9n,1,response,no,2314.8040000000037,3447.350000000006,3455.718999997771,2314.8040000000037,3447.350000000006,3455.718999997771,1,2314.8040000000037,1140.9149999977672,0,,Rating Scale,Use,7,object-12,trial,coffee,kaffe,Kaffe.mp4,Coffee 1.jpg,15,,74
77,1699364314027,07/11/2023 13:38:34,1699367914027,1,07/11/2023 15:38:34,142915,21,task-qcg3,,32770837,poeinvlv,9696122,,complete,,,computer,Desktop or Laptop,Windows 10,Edge 118.0.2088.61,1280x720,842x606,Accepted,,0,familiarity ratings,30,Not on phone,Accepted,,,survey_list,15,trial,Screen 1,9lhd9n,1,response,1,3047.4679999999935,3447.350000000006,3457.518999998516,3047.4679999999935,3447.350000000006,3457.518999998516,1,3047.4679999999935,410.05099999852246,0,,Rating Scale,Similarity,9,object-14,trial,coffee,kaffe,Kaffe.mp4,Coffee 1.jpg,15,,75
78,1699364314128,07/11/2023 13:38:34,1699367914128,1,07/11/2023 15:38:34,142915,21,task-qcg3,,32770837,poeinvlv,9696122,,complete,,,computer,Desktop or Laptop,Windows 10,Edge 118.0.2088.61,1280x720,842x606,Accepted,,0,familiarity ratings,30,Not on phone,Accepted,,,survey_list,16,trial,Screen 1,9lhd9n,1,info,Video start,111.88199999851011,99.66699999998673,111.88199999851011,111.88199999851011,99.66699999998673,111.88199999851011,1,111.88199999851011,0,0,,Video,Video,2,object-8,trial,cabbage,kåle,Kåle.mp4,Cabbage 1.jpg,16,,76
79,1699364319037,07/11/2023 13:38:39,1699367919037,1,07/11/2023 15:38:39,142915,21,task-qcg3,,32770837,poeinvlv,9696122,,complete,,,computer,Desktop or Laptop,Windows 10,Edge 118.0.2088.61,1280x720,842x606,Accepted,,0,familiarity ratings,30,Not on phone,Accepted,,,survey_list,16,trial,Screen 1,9lhd9n,1,continue,,5021.06899999702,5012.4770000000135,5021.06899999702,5021.06899999702,5012.4770000000135,5021.06899999702,1,5021.06899999702,0,0,,Click To Continue,Continue Button,10,object-24,trial,cabbage,kåle,Kåle.mp4,Cabbage 1.jpg,16,,77
80,1699364319046,07/11/2023 13:38:39,1699367919046,1,07/11/2023 15:38:39,142915,21,task-qcg3,,32770837,poeinvlv,9696122,,complete,,,computer,Desktop or Laptop,Windows 10,Edge 118.0.2088.61,1280x720,842x606,Accepted,,0,familiarity ratings,30,Not on phone,Accepted,,,survey_list,16,trial,Screen 1,9lhd9n,1,response,7,2447.8030000000144,5012.4770000000135,5029.16899999851,2447.8030000000144,5012.4770000000135,5029.16899999851,1,2447.8030000000144,2581.3659999984957,0,,Rating Scale,Familiarity,5,object-10,trial,cabbage,kåle,Kåle.mp4,Cabbage 1.jpg,16,,78
81,1699364319047,07/11/2023 13:38:39,1699367919047,1,07/11/2023 15:38:39,142915,21,task-qcg3,,32770837,poeinvlv,9696122,,complete,,,computer,Desktop or Laptop,Windows 10,Edge 118.0.2088.61,1280x720,842x606,Accepted,,0,familiarity ratings,30,Not on phone,Accepted,,,survey_list,16,trial,Screen 1,9lhd9n,1,response,yes,3546.929999999993,5012.4770000000135,5029.1750000000175,3546.929999999993,5012.4770000000135,5029.1750000000175,1,3546.929999999993,1482.2450000000244,0,,Rating Scale,Use,7,object-12,trial,cabbage,kåle,Kåle.mp4,Cabbage 1.jpg,16,,79
82,1699364319047,07/11/2023 13:38:39,1699367919047,1,07/11/2023 15:38:39,142915,21,task-qcg3,,32770837,poeinvlv,9696122,,complete,,,computer,Desktop or Laptop,Windows 10,Edge 118.0.2088.61,1280x720,842x606,Accepted,,0,familiarity ratings,30,Not on phone,Accepted,,,survey_list,16,trial,Screen 1,9lhd9n,1,response,7,4312.84599999999,5012.4770000000135,5029.1750000000175,4312.84599999999,5012.4770000000135,5029.1750000000175,1,4312.84599999999,716.329000000027,0,,Rating Scale,Similarity,9,object-14,trial,cabbage,kåle,Kåle.mp4,Cabbage 1.jpg,16,,80
83,1699364319141,07/11/2023 13:38:39,1699367919141,1,07/11/2023 15:38:39,142915,21,task-qcg3,,32770837,poeinvlv,9696122,,complete,,,computer,Desktop or Laptop,Windows 10,Edge 118.0.2088.61,1280x720,842x606,Accepted,,0,familiarity ratings,30,Not on phone,Accepted,,,survey_list,17,trial,Screen 1,9lhd9n,1,info,Video start,111.7859999970065,99.86799999998766,111.7859999970065,111.7859999970065,99.86799999998766,111.7859999970065,1,111.7859999970065,0,0,,Video,Video,2,object-8,trial,come,komme,Komme.mp4,Come 1.jpg,17,,81
84,1699364323212,07/11/2023 13:38:43,1699367923212,1,07/11/2023 15:38:43,142915,21,task-qcg3,,32770837,poeinvlv,9696122,,complete,,,computer,Desktop or Laptop,Windows 10,Edge 118.0.2088.61,1280x720,842x606,Accepted,,0,familiarity ratings,30,Not on phone,Accepted,,,survey_list,17,trial,Screen 1,9lhd9n,1,continue,,4183.191999998497,4179.7880000000005,4183.191999998497,4183.191999998497,4179.7880000000005,4183.191999998497,1,4183.191999998497,0,0,,Click To Continue,Continue Button,10,object-24,trial,come,komme,Komme.mp4,Come 1.jpg,17,,82
85,1699364323212,07/11/2023 13:38:43,1699367923212,1,07/11/2023 15:38:43,142915,21,task-qcg3,,32770837,poeinvlv,9696122,,complete,,,computer,Desktop or Laptop,Windows 10,Edge 118.0.2088.61,1280x720,842x606,Accepted,,0,familiarity ratings,30,Not on phone,Accepted,,,survey_list,17,trial,Screen 1,9lhd9n,1,response,7,1981.7309999999998,4179.7880000000005,4183.891999997752,1981.7309999999998,4179.7880000000005,4183.891999997752,1,1981.7309999999998,2202.160999997752,0,,Rating Scale,Familiarity,5,object-10,trial,come,komme,Komme.mp4,Come 1.jpg,17,,83
86,1699364323213,07/11/2023 13:38:43,1699367923213,1,07/11/2023 15:38:43,142915,21,task-qcg3,,32770837,poeinvlv,9696122,,complete,,,computer,Desktop or Laptop,Windows 10,Edge 118.0.2088.61,1280x720,842x606,Accepted,,0,familiarity ratings,30,Not on phone,Accepted,,,survey_list,17,trial,Screen 1,9lhd9n,1,response,yes,2597.792999999976,4179.7880000000005,4184.291999999987,2597.792999999976,4179.7880000000005,4184.291999999987,1,2597.792999999976,1586.4990000000107,0,,Rating Scale,Use,7,object-12,trial,come,komme,Komme.mp4,Come 1.jpg,17,,84
87,1699364323214,07/11/2023 13:38:43,1699367923214,1,07/11/2023 15:38:43,142915,21,task-qcg3,,32770837,poeinvlv,9696122,,complete,,,computer,Desktop or Laptop,Windows 10,Edge 118.0.2088.61,1280x720,842x606,Accepted,,0,familiarity ratings,30,Not on phone,Accepted,,,survey_list,17,trial,Screen 1,9lhd9n,1,response,7,3430.4259999999776,4179.7880000000005,4184.891999997752,3430.4259999999776,4179.7880000000005,4184.891999997752,1,3430.4259999999776,754.4659999977739,0,,Rating Scale,Similarity,9,object-14,trial,come,komme,Komme.mp4,Come 1.jpg,17,,85
88,1699364323318,07/11/2023 13:38:43,1699367923318,1,07/11/2023 15:38:43,142915,21,task-qcg3,,32770837,poeinvlv,9696122,,complete,,,computer,Desktop or Laptop,Windows 10,Edge 118.0.2088.61,1280x720,842x606,Accepted,,0,familiarity ratings,30,Not on phone,Accepted,,,survey_list,18,trial,Screen 1,9lhd9n,1,info,Video start,109.36899999998626,99.81499999997322,109.36899999998626,109.36899999998626,99.81499999997322,109.36899999998626,1,109.36899999998626,0,0,,Video,Video,2,object-8,trial,beauty,pen,Pen.mp4,Beauty 1.jpg,18,,86
89,1699364328106,07/11/2023 13:38:48,1699367928106,1,07/11/2023 15:38:48,142915,21,task-qcg3,,32770837,poeinvlv,9696122,,complete,,,computer,Desktop or Laptop,Windows 10,Edge 118.0.2088.61,1280x720,842x606,Accepted,,0,familiarity ratings,30,Not on phone,Accepted,,,survey_list,18,trial,Screen 1,9lhd9n,1,continue,,4896.051000000007,4879.3429999999935,4896.051000000007,4896.051000000007,4879.3429999999935,4896.051000000007,1,4896.051000000007,0,0,,Click To Continue,Continue Button,10,object-24,trial,beauty,pen,Pen.mp4,Beauty 1.jpg,18,,87
90,1699364328107,07/11/2023 13:38:48,1699367928107,1,07/11/2023 15:38:48,142915,21,task-qcg3,,32770837,poeinvlv,9696122,,complete,,,computer,Desktop or Laptop,Windows 10,Edge 118.0.2088.61,1280x720,842x606,Accepted,,0,familiarity ratings,30,Not on phone,Accepted,,,survey_list,18,trial,Screen 1,9lhd9n,1,response,1,3163.975999999995,4879.3429999999935,4896.051000000007,3163.975999999995,4879.3429999999935,4896.051000000007,1,3163.975999999995,1732.0750000000116,0,,Rating Scale,Familiarity,5,object-10,trial,beauty,pen,Pen.mp4,Beauty 1.jpg,18,,88
91,1699364328108,07/11/2023 13:38:48,1699367928108,1,07/11/2023 15:38:48,142915,21,task-qcg3,,32770837,poeinvlv,9696122,,complete,,,computer,Desktop or Laptop,Windows 10,Edge 118.0.2088.61,1280x720,842x606,Accepted,,0,familiarity ratings,30,Not on phone,Accepted,,,survey_list,18,trial,Screen 1,9lhd9n,1,response,no,3680.3029999999853,4879.3429999999935,4896.051000000007,3680.3029999999853,4879.3429999999935,4896.051000000007,1,3680.3029999999853,1215.7480000000214,0,,Rating Scale,Use,7,object-12,trial,beauty,pen,Pen.mp4,Beauty 1.jpg,18,,89
92,1699364328109,07/11/2023 13:38:48,1699367928109,1,07/11/2023 15:38:48,142915,21,task-qcg3,,32770837,poeinvlv,9696122,,complete,,,computer,Desktop or Laptop,Windows 10,Edge 118.0.2088.61,1280x720,842x606,Accepted,,0,familiarity ratings,30,Not on phone,Accepted,,,survey_list,18,trial,Screen 1,9lhd9n,1,response,1,4446.280999999988,4879.3429999999935,4896.051000000007,4446.280999999988,4879.3429999999935,4896.051000000007,1,4446.280999999988,449.7700000000186,0,,Rating Scale,Similarity,9,object-14,trial,beauty,pen,Pen.mp4,Beauty 1.jpg,18,,90
93,1699364328198,07/11/2023 13:38:48,1699367928198,1,07/11/2023 15:38:48,142915,21,task-qcg3,,32770837,poeinvlv,9696122,,complete,,,computer,Desktop or Laptop,Windows 10,Edge 118.0.2088.61,1280x720,842x606,Accepted,,0,familiarity ratings,30,Not on phone,Accepted,,,survey_list,19,trial,Screen 1,9lhd9n,1,info,Video start,109.57099999924772,99.98600000000442,109.57099999924772,109.57099999924772,99.98600000000442,109.57099999924772,1,109.57099999924772,0,0,,Video,Video,2,object-8,trial,run,løpe,Løpe.mp4,Run 1.jpg,19,,91
94,1699364331850,07/11/2023 13:38:51,1699367931850,1,07/11/2023 15:38:51,142915,21,task-qcg3,,32770837,poeinvlv,9696122,,complete,,,computer,Desktop or Laptop,Windows 10,Edge 118.0.2088.61,1280x720,842x606,Accepted,,0,familiarity ratings,30,Not on phone,Accepted,,,survey_list,19,trial,Screen 1,9lhd9n,1,continue,,3761.9609999970126,3746.820000000007,3761.9609999970126,3761.9609999970126,3746.820000000007,3761.9609999970126,1,3761.9609999970126,0,0,,Click To Continue,Continue Button,10,object-24,trial,run,løpe,Løpe.mp4,Run 1.jpg,19,,92
95,1699364331858,07/11/2023 13:38:51,1699367931858,1,07/11/2023 15:38:51,142915,21,task-qcg3,,32770837,poeinvlv,9696122,,complete,,,computer,Desktop or Laptop,Windows 10,Edge 118.0.2088.61,1280x720,842x606,Accepted,,0,familiarity ratings,30,Not on phone,Accepted,,,survey_list,19,trial,Screen 1,9lhd9n,1,response,7,1815.103999999992,3746.820000000007,3763.4000000000233,1815.103999999992,3746.820000000007,3763.4000000000233,1,1815.103999999992,1948.2960000000312,0,,Rating Scale,Familiarity,5,object-10,trial,run,løpe,Løpe.mp4,Run 1.jpg,19,,93
96,1699364331859,07/11/2023 13:38:51,1699367931859,1,07/11/2023 15:38:51,142915,21,task-qcg3,,32770837,poeinvlv,9696122,,complete,,,computer,Desktop or Laptop,Windows 10,Edge 118.0.2088.61,1280x720,842x606,Accepted,,0,familiarity ratings,30,Not on phone,Accepted,,,survey_list,19,trial,Screen 1,9lhd9n,1,response,yes,2398.0659999999916,3746.820000000007,3763.4000000000233,2398.0659999999916,3746.820000000007,3763.4000000000233,1,2398.0659999999916,1365.3340000000317,0,,Rating Scale,Use,7,object-12,trial,run,løpe,Løpe.mp4,Run 1.jpg,19,,94
97,1699364331860,07/11/2023 13:38:51,1699367931860,1,07/11/2023 15:38:51,142915,21,task-qcg3,,32770837,poeinvlv,9696122,,complete,,,computer,Desktop or Laptop,Windows 10,Edge 118.0.2088.61,1280x720,842x606,Accepted,,0,familiarity ratings,30,Not on phone,Accepted,,,survey_list,19,trial,Screen 1,9lhd9n,1,response,7,3097.4489999999932,3746.820000000007,3763.4000000000233,3097.4489999999932,3746.820000000007,3763.4000000000233,1,3097.4489999999932,665.95100000003,0,,Rating Scale,Similarity,9,object-14,trial,run,løpe,Løpe.mp4,Run 1.jpg,19,,95
98,1699364331945,07/11/2023 13:38:51,1699367931945,1,07/11/2023 15:38:51,142915,21,task-qcg3,,32770837,poeinvlv,9696122,,complete,,,computer,Desktop or Laptop,Windows 10,Edge 118.0.2088.61,1280x720,842x606,Accepted,,0,familiarity ratings,30,Not on phone,Accepted,,,survey_list,20,trial,Screen 1,9lhd9n,1,info,Video start,110.02599999849568,100.09299999999348,110.02599999849568,110.02599999849568,100.09299999999348,110.02599999849568,1,110.02599999849568,0,0,,Video,Video,2,object-8,trial,paint,male,Male.mp4,Paint 1.jpg,20,,96
99,1699364335517,07/11/2023 13:38:55,1699367935517,1,07/11/2023 15:38:55,142915,21,task-qcg3,,32770837,poeinvlv,9696122,,complete,,,computer,Desktop or Laptop,Windows 10,Edge 118.0.2088.61,1280x720,842x606,Accepted,,0,familiarity ratings,30,Not on phone,Accepted,,,survey_list,20,trial,Screen 1,9lhd9n,1,continue,,3682.6409999970056,3680.258999999991,3682.6409999970056,3682.6409999970056,3680.258999999991,3682.6409999970056,1,3682.6409999970056,0,0,,Click To Continue,Continue Button,10,object-24,trial,paint,male,Male.mp4,Paint 1.jpg,20,,97
100,1699364335518,07/11/2023 13:38:55,1699367935518,1,07/11/2023 15:38:55,142915,21,task-qcg3,,32770837,poeinvlv,9696122,,complete,,,computer,Desktop or Laptop,Windows 10,Edge 118.0.2088.61,1280x720,842x606,Accepted,,0,familiarity ratings,30,Not on phone,Accepted,,,survey_list,20,trial,Screen 1,9lhd9n,1,response,4,1565.4369999999763,3680.258999999991,3683.4409999977506,1565.4369999999763,3680.258999999991,3683.4409999977506,1,1565.4369999999763,2118.0039999977744,0,,Rating Scale,Familiarity,5,object-10,trial,paint,male,Male.mp4,Paint 1.jpg,20,,98
101,1699364335519,07/11/2023 13:38:55,1699367935519,1,07/11/2023 15:38:55,142915,21,task-qcg3,,32770837,poeinvlv,9696122,,complete,,,computer,Desktop or Laptop,Windows 10,Edge 118.0.2088.61,1280x720,842x606,Accepted,,0,familiarity ratings,30,Not on phone,Accepted,,,survey_list,20,trial,Screen 1,9lhd9n,1,response,yes,2181.5989999999874,3680.258999999991,3684.1409999970056,2181.5989999999874,3680.258999999991,3684.1409999970056,1,2181.5989999999874,1502.5419999970181,0,,Rating Scale,Use,7,object-12,trial,paint,male,Male.mp4,Paint 1.jpg,20,,99
102,1699364335520,07/11/2023 13:38:55,1699367935520,1,07/11/2023 15:38:55,142915,21,task-qcg3,,32770837,poeinvlv,9696122,,complete,,,computer,Desktop or Laptop,Windows 10,Edge 118.0.2088.61,1280x720,842x606,Accepted,,0,familiarity ratings,30,Not on phone,Accepted,,,survey_list,20,trial,Screen 1,9lhd9n,1,response,4,2997.670999999973,3680.258999999991,3684.9409999977506,2997.670999999973,3680.258999999991,3684.9409999977506,1,2997.670999999973,687.2699999977776,0,,Rating Scale,Similarity,9,object-14,trial,paint,male,Male.mp4,Paint 1.jpg,20,,100
103,1699364335627,07/11/2023 13:38:55,1699367935627,1,07/11/2023 15:38:55,142915,21,task-qcg3,,32770837,poeinvlv,9696122,,complete,,,computer,Desktop or Laptop,Windows 10,Edge 118.0.2088.61,1280x720,842x606,Accepted,,0,familiarity ratings,30,Not on phone,Accepted,,,survey_list,21,trial,Screen 1,9lhd9n,1,info,Video start,111.9489999977597,99.98999999999069,111.9489999977597,111.9489999977597,99.98999999999069,111.9489999977597,1,111.9489999977597,0,0,,Video,Video,2,object-8,trial,metal,metall,Metall.mp4,Metal 1.jpg,21,,101
104,1699364342231,07/11/2023 13:39:02,1699367942231,1,07/11/2023 15:39:02,142915,21,task-qcg3,,32770837,poeinvlv,9696122,,complete,,,computer,Desktop or Laptop,Windows 10,Edge 118.0.2088.61,1280x720,842x606,Accepted,,0,familiarity ratings,30,Not on phone,Accepted,,,survey_list,21,trial,Screen 1,9lhd9n,1,continue,,6716.081999999995,6711.18299999999,6716.081999999995,6716.081999999995,6711.18299999999,6716.081999999995,1,6716.081999999995,0,0,,Click To Continue,Continue Button,10,object-24,trial,metal,metall,Metall.mp4,Metal 1.jpg,21,,102
105,1699364342242,07/11/2023 13:39:02,1699367942242,1,07/11/2023 15:39:02,142915,21,task-qcg3,,32770837,poeinvlv,9696122,,complete,,,computer,Desktop or Laptop,Windows 10,Edge 118.0.2088.61,1280x720,842x606,Accepted,,0,familiarity ratings,30,Not on phone,Accepted,,,survey_list,21,trial,Screen 1,9lhd9n,1,response,4,2581.191999999981,6711.18299999999,6727.28199999925,2581.191999999981,6711.18299999999,6727.28199999925,1,2581.191999999981,4146.089999999269,0,,Rating Scale,Familiarity,5,object-10,trial,metal,metall,Metall.mp4,Metal 1.jpg,21,,103
106,1699364342245,07/11/2023 13:39:02,1699367942245,1,07/11/2023 15:39:02,142915,21,task-qcg3,,32770837,poeinvlv,9696122,,complete,,,computer,Desktop or Laptop,Windows 10,Edge 118.0.2088.61,1280x720,842x606,Accepted,,0,familiarity ratings,30,Not on phone,Accepted,,,survey_list,21,trial,Screen 1,9lhd9n,1,response,no,4546.424999999988,6711.18299999999,6727.780999999988,4546.424999999988,6711.18299999999,6727.780999999988,1,4546.424999999988,2181.3559999999998,0,,Rating Scale,Use,7,object-12,trial,metal,metall,Metall.mp4,Metal 1.jpg,21,,104
107,1699364342247,07/11/2023 13:39:02,1699367942247,1,07/11/2023 15:39:02,142915,21,task-qcg3,,32770837,poeinvlv,9696122,,complete,,,computer,Desktop or Laptop,Windows 10,Edge 118.0.2088.61,1280x720,842x606,Accepted,,0,familiarity ratings,30,Not on phone,Accepted,,,survey_list,21,trial,Screen 1,9lhd9n,1,response,2,6145.0869999999995,6711.18299999999,6727.780999999988,6145.0869999999995,6711.18299999999,6727.780999999988,1,6145.0869999999995,582.6939999999886,0,,Rating Scale,Similarity,9,object-14,trial,metal,metall,Metall.mp4,Metal 1.jpg,21,,105
108,1699364342336,07/11/2023 13:39:02,1699367942336,1,07/11/2023 15:39:02,142915,21,task-qcg3,,32770837,poeinvlv,9696122,,complete,,,computer,Desktop or Laptop,Windows 10,Edge 118.0.2088.61,1280x720,842x606,Accepted,,0,familiarity ratings,30,Not on phone,Accepted,,,survey_list,22,trial,Screen 1,9lhd9n,1,info,Video start,109.73099999776971,100.04000000000815,109.73099999776971,109.73099999776971,100.04000000000815,109.73099999776971,1,109.73099999776971,0,0,,Video,Video,2,object-8,trial,lose,miste,Miste.mp4,Lose 1.jpg,22,,106
109,1699364346960,07/11/2023 13:39:06,1699367946960,1,07/11/2023 15:39:06,142915,21,task-qcg3,,32770837,poeinvlv,9696122,,complete,,,computer,Desktop or Laptop,Windows 10,Edge 118.0.2088.61,1280x720,842x606,Accepted,,0,familiarity ratings,30,Not on phone,Accepted,,,survey_list,22,trial,Screen 1,9lhd9n,1,continue,,4733.09899999926,4729.434999999998,4733.09899999926,4733.09899999926,4729.434999999998,4733.09899999926,1,4733.09899999926,0,0,,Click To Continue,Continue Button,10,object-24,trial,lose,miste,Miste.mp4,Lose 1.jpg,22,,107
110,1699364346961,07/11/2023 13:39:06,1699367946961,1,07/11/2023 15:39:06,142915,21,task-qcg3,,32770837,poeinvlv,9696122,,complete,,,computer,Desktop or Laptop,Windows 10,Edge 118.0.2088.61,1280x720,842x606,Accepted,,0,familiarity ratings,30,Not on phone,Accepted,,,survey_list,22,trial,Screen 1,9lhd9n,1,response,1,2398.0020000000077,4729.434999999998,4734.798999998515,2398.0020000000077,4729.434999999998,4734.798999998515,1,2398.0020000000077,2336.796999998507,0,,Rating Scale,Familiarity,5,object-10,trial,lose,miste,Miste.mp4,Lose 1.jpg,22,,108
111,1699364346962,07/11/2023 13:39:06,1699367946962,1,07/11/2023 15:39:06,142915,21,task-qcg3,,32770837,poeinvlv,9696122,,complete,,,computer,Desktop or Laptop,Windows 10,Edge 118.0.2088.61,1280x720,842x606,Accepted,,0,familiarity ratings,30,Not on phone,Accepted,,,survey_list,22,trial,Screen 1,9lhd9n,1,response,yes,3264.1419999999925,4729.434999999998,4735.99899999777,3264.1419999999925,4729.434999999998,4735.99899999777,1,3264.1419999999925,1471.8569999977772,0,,Rating Scale,Use,7,object-12,trial,lose,miste,Miste.mp4,Lose 1.jpg,22,,109
112,1699364346964,07/11/2023 13:39:06,1699367946964,1,07/11/2023 15:39:06,142915,21,task-qcg3,,32770837,poeinvlv,9696122,,complete,,,computer,Desktop or Laptop,Windows 10,Edge 118.0.2088.61,1280x720,842x606,Accepted,,0,familiarity ratings,30,Not on phone,Accepted,,,survey_list,22,trial,Screen 1,9lhd9n,1,response,1,4229.858999999997,4729.434999999998,4737.198999997025,4229.858999999997,4729.434999999998,4737.198999997025,1,4229.858999999997,507.3399999970279,0,,Rating Scale,Similarity,9,object-14,trial,lose,miste,Miste.mp4,Lose 1.jpg,22,,110
113,1699364347065,07/11/2023 13:39:07,1699367947065,1,07/11/2023 15:39:07,142915,21,task-qcg3,,32770837,poeinvlv,9696122,,complete,,,computer,Desktop or Laptop,Windows 10,Edge 118.0.2088.61,1280x720,842x606,Accepted,,0,familiarity ratings,30,Not on phone,Accepted,,,survey_list,23,trial,Screen 1,9lhd9n,1,info,Video start,109.32099999926216,99.86500000001979,109.32099999926216,109.32099999926216,99.86500000001979,109.32099999926216,1,109.32099999926216,0,0,,Video,Video,2,object-8,trial,sneeze,nyse,Nyse.mp4,Sneeze 1.jpg,23,,111
114,1699364351052,07/11/2023 13:39:11,1699367951052,1,07/11/2023 15:39:11,142915,21,task-qcg3,,32770837,poeinvlv,9696122,,complete,,,computer,Desktop or Laptop,Windows 10,Edge 118.0.2088.61,1280x720,842x606,Accepted,,0,familiarity ratings,30,Not on phone,Accepted,,,survey_list,23,trial,Screen 1,9lhd9n,1,continue,,4096.712000000029,4080.042000000016,4096.712000000029,4096.712000000029,4080.042000000016,4096.712000000029,1,4096.712000000029,0,0,,Click To Continue,Continue Button,10,object-24,trial,sneeze,nyse,Nyse.mp4,Sneeze 1.jpg,23,,112
115,1699364351053,07/11/2023 13:39:11,1699367951053,1,07/11/2023 15:39:11,142915,21,task-qcg3,,32770837,poeinvlv,9696122,,complete,,,computer,Desktop or Laptop,Windows 10,Edge 118.0.2088.61,1280x720,842x606,Accepted,,0,familiarity ratings,30,Not on phone,Accepted,,,survey_list,23,trial,Screen 1,9lhd9n,1,response,7,2081.7970000000205,4080.042000000016,4096.712000000029,2081.7970000000205,4080.042000000016,4096.712000000029,1,2081.7970000000205,2014.9150000000081,0,,Rating Scale,Familiarity,5,object-10,trial,sneeze,nyse,Nyse.mp4,Sneeze 1.jpg,23,,113
116,1699364351055,07/11/2023 13:39:11,1699367951055,1,07/11/2023 15:39:11,142915,21,task-qcg3,,32770837,poeinvlv,9696122,,complete,,,computer,Desktop or Laptop,Windows 10,Edge 118.0.2088.61,1280x720,842x606,Accepted,,0,familiarity ratings,30,Not on phone,Accepted,,,survey_list,23,trial,Screen 1,9lhd9n,1,response,yes,2647.9379999999946,4080.042000000016,4096.712000000029,2647.9379999999946,4080.042000000016,4096.712000000029,1,2647.9379999999946,1448.774000000034,0,,Rating Scale,Use,7,object-12,trial,sneeze,nyse,Nyse.mp4,Sneeze 1.jpg,23,,114
117,1699364351055,07/11/2023 13:39:11,1699367951055,1,07/11/2023 15:39:11,142915,21,task-qcg3,,32770837,poeinvlv,9696122,,complete,,,computer,Desktop or Laptop,Windows 10,Edge 118.0.2088.61,1280x720,842x606,Accepted,,0,familiarity ratings,30,Not on phone,Accepted,,,survey_list,23,trial,Screen 1,9lhd9n,1,response,7,3447.1570000000065,4080.042000000016,4096.712000000029,3447.1570000000065,4080.042000000016,4096.712000000029,1,3447.1570000000065,649.5550000000221,0,,Rating Scale,Similarity,9,object-14,trial,sneeze,nyse,Nyse.mp4,Sneeze 1.jpg,23,,115
118,1699364351145,07/11/2023 13:39:11,1699367951145,1,07/11/2023 15:39:11,142915,21,task-qcg3,,32770837,poeinvlv,9696122,,complete,,,computer,Desktop or Laptop,Windows 10,Edge 118.0.2088.61,1280x720,842x606,Accepted,,0,familiarity ratings,30,Not on phone,Accepted,,,survey_list,24,trial,Screen 1,9lhd9n,1,info,Video start,109.14899999999139,99.82099999999627,109.14899999999139,109.14899999999139,99.82099999999627,109.14899999999139,1,109.14899999999139,0,0,,Video,Video,2,object-8,trial,eagle,ørn,Ørn.mp4,Eagle 1.jpg,24,,116
119,1699364354494,07/11/2023 13:39:14,1699367954494,1,07/11/2023 15:39:14,142915,21,task-qcg3,,32770837,poeinvlv,9696122,,complete,,,computer,Desktop or Laptop,Windows 10,Edge 118.0.2088.61,1280x720,842x606,Accepted,,0,familiarity ratings,30,Not on phone,Accepted,,,survey_list,24,trial,Screen 1,9lhd9n,1,continue,,3458.521999997756,3447.1110000000044,3458.521999997756,3458.521999997756,3447.1110000000044,3458.521999997756,1,3458.521999997756,0,0,,Click To Continue,Continue Button,10,object-24,trial,eagle,ørn,Ørn.mp4,Eagle 1.jpg,24,,117
120,1699364354502,07/11/2023 13:39:14,1699367954502,1,07/11/2023 15:39:14,142915,21,task-qcg3,,32770837,poeinvlv,9696122,,complete,,,computer,Desktop or Laptop,Windows 10,Edge 118.0.2088.61,1280x720,842x606,Accepted,,0,familiarity ratings,30,Not on phone,Accepted,,,survey_list,24,trial,Screen 1,9lhd9n,1,response,7,1315.5329999999958,3447.1110000000044,3463.738000000012,1315.5329999999958,3447.1110000000044,3463.738000000012,1,1315.5329999999958,2148.2050000000163,0,,Rating Scale,Familiarity,5,object-10,trial,eagle,ørn,Ørn.mp4,Eagle 1.jpg,24,,118
121,1699364354503,07/11/2023 13:39:14,1699367954503,1,07/11/2023 15:39:14,142915,21,task-qcg3,,32770837,poeinvlv,9696122,,complete,,,computer,Desktop or Laptop,Windows 10,Edge 118.0.2088.61,1280x720,842x606,Accepted,,0,familiarity ratings,30,Not on phone,Accepted,,,survey_list,24,trial,Screen 1,9lhd9n,1,response,yes,1998.258999999991,3447.1110000000044,3463.738000000012,1998.258999999991,3447.1110000000044,3463.738000000012,1,1998.258999999991,1465.4790000000212,0,,Rating Scale,Use,7,object-12,trial,eagle,ørn,Ørn.mp4,Eagle 1.jpg,24,,119
122,1699364354503,07/11/2023 13:39:14,1699367954503,1,07/11/2023 15:39:14,142915,21,task-qcg3,,32770837,poeinvlv,9696122,,complete,,,computer,Desktop or Laptop,Windows 10,Edge 118.0.2088.61,1280x720,842x606,Accepted,,0,familiarity ratings,30,Not on phone,Accepted,,,survey_list,24,trial,Screen 1,9lhd9n,1,response,7,2714.4189999999944,3447.1110000000044,3463.738000000012,2714.4189999999944,3447.1110000000044,3463.738000000012,1,2714.4189999999944,749.3190000000177,0,,Rating Scale,Similarity,9,object-14,trial,eagle,ørn,Ørn.mp4,Eagle 1.jpg,24,,120
123,1699364354593,07/11/2023 13:39:14,1699367954593,1,07/11/2023 15:39:14,142915,21,task-qcg3,,32770837,poeinvlv,9696122,,complete,,,computer,Desktop or Laptop,Windows 10,Edge 118.0.2088.61,1280x720,842x606,Accepted,,0,familiarity ratings,30,Not on phone,Accepted,,,survey_list,25,trial,Screen 1,9lhd9n,1,info,Video start,110.38799999700673,99.88699999998789,110.38799999700673,110.38799999700673,99.88699999998789,110.38799999700673,1,110.38799999700673,0,0,,Video,Video,2,object-8,trial,east,øst,Øst.mp4,East 1.jpg,25,,121
124,1699364359784,07/11/2023 13:39:19,1699367959784,1,07/11/2023 15:39:19,142915,21,task-qcg3,,32770837,poeinvlv,9696122,,complete,,,computer,Desktop or Laptop,Windows 10,Edge 118.0.2088.61,1280x720,842x606,Accepted,,0,familiarity ratings,30,Not on phone,Accepted,,,survey_list,25,trial,Screen 1,9lhd9n,1,continue,,5300.510999999242,5295.66399999999,5300.510999999242,5300.510999999242,5295.66399999999,5300.510999999242,1,5300.510999999242,0,0,,Click To Continue,Continue Button,10,object-24,trial,east,øst,Øst.mp4,East 1.jpg,25,,122
125,1699364359786,07/11/2023 13:39:19,1699367959786,1,07/11/2023 15:39:19,142915,21,task-qcg3,,32770837,poeinvlv,9696122,,complete,,,computer,Desktop or Laptop,Windows 10,Edge 118.0.2088.61,1280x720,842x606,Accepted,,0,familiarity ratings,30,Not on phone,Accepted,,,survey_list,25,trial,Screen 1,9lhd9n,1,response,1,3547.0259999999835,5295.66399999999,5302.610999997007,3547.0259999999835,5295.66399999999,5302.610999997007,1,3547.0259999999835,1755.5849999970233,0,,Rating Scale,Familiarity,5,object-10,trial,east,øst,Øst.mp4,East 1.jpg,25,,123
126,1699364359788,07/11/2023 13:39:19,1699367959788,1,07/11/2023 15:39:19,142915,21,task-qcg3,,32770837,poeinvlv,9696122,,complete,,,computer,Desktop or Laptop,Windows 10,Edge 118.0.2088.61,1280x720,842x606,Accepted,,0,familiarity ratings,30,Not on phone,Accepted,,,survey_list,25,trial,Screen 1,9lhd9n,1,response,no,4146.671999999991,5295.66399999999,5304.410999997752,4146.671999999991,5295.66399999999,5304.410999997752,1,4146.671999999991,1157.7389999977604,0,,Rating Scale,Use,7,object-12,trial,east,øst,Øst.mp4,East 1.jpg,25,,124
127,1699364359789,07/11/2023 13:39:19,1699367959789,1,07/11/2023 15:39:19,142915,21,task-qcg3,,32770837,poeinvlv,9696122,,complete,,,computer,Desktop or Laptop,Windows 10,Edge 118.0.2088.61,1280x720,842x606,Accepted,,0,familiarity ratings,30,Not on phone,Accepted,,,survey_list,25,trial,Screen 1,9lhd9n,1,response,1,4879.357999999978,5295.66399999999,5306.210999998497,4879.357999999978,5295.66399999999,5306.210999998497,1,4879.357999999978,426.8529999985185,0,,Rating Scale,Similarity,9,object-14,trial,east,øst,Øst.mp4,East 1.jpg,25,,125
128,1699364359888,07/11/2023 13:39:19,1699367959888,1,07/11/2023 15:39:19,142915,21,task-qcg3,,32770837,poeinvlv,9696122,,complete,,,computer,Desktop or Laptop,Windows 10,Edge 118.0.2088.61,1280x720,842x606,Accepted,,0,familiarity ratings,30,Not on phone,Accepted,,,survey_list,26,trial,Screen 1,9lhd9n,1,info,Video start,109.64199999925215,99.86100000000442,109.64199999925215,109.64199999925215,99.86100000000442,109.64199999925215,1,109.64199999925215,0,0,,Video,Video,2,object-8,trial,try,prøve,Prøve.mp4,Try 1.jpg,26,,126
129,1699364366783,07/11/2023 13:39:26,1699367966783,1,07/11/2023 15:39:26,142915,21,task-qcg3,,32770837,poeinvlv,9696122,,complete,,,computer,Desktop or Laptop,Windows 10,Edge 118.0.2088.61,1280x720,842x606,Accepted,,0,familiarity ratings,30,Not on phone,Accepted,,,survey_list,26,trial,Screen 1,9lhd9n,1,continue,,7004.146999999997,6994.214000000007,7004.146999999997,7004.146999999997,6994.214000000007,7004.146999999997,1,7004.146999999997,0,0,,Click To Continue,Continue Button,10,object-24,trial,try,prøve,Prøve.mp4,Try 1.jpg,26,,127
130,1699364366787,07/11/2023 13:39:26,1699367966787,1,07/11/2023 15:39:26,142915,21,task-qcg3,,32770837,poeinvlv,9696122,,complete,,,computer,Desktop or Laptop,Windows 10,Edge 118.0.2088.61,1280x720,842x606,Accepted,,0,familiarity ratings,30,Not on phone,Accepted,,,survey_list,26,trial,Screen 1,9lhd9n,1,response,1,2581.1440000000002,6994.214000000007,7008.846999999252,2581.1440000000002,6994.214000000007,7008.846999999252,1,2581.1440000000002,4427.702999999252,0,,Rating Scale,Familiarity,5,object-10,trial,try,prøve,Prøve.mp4,Try 1.jpg,26,,128
131,1699364366789,07/11/2023 13:39:26,1699367966789,1,07/11/2023 15:39:26,142915,21,task-qcg3,,32770837,poeinvlv,9696122,,complete,,,computer,Desktop or Laptop,Windows 10,Edge 118.0.2088.61,1280x720,842x606,Accepted,,0,familiarity ratings,30,Not on phone,Accepted,,,survey_list,26,trial,Screen 1,9lhd9n,1,response,yes,3114.2060000000056,6994.214000000007,7010.346999999252,3114.2060000000056,6994.214000000007,7010.346999999252,1,3114.2060000000056,3896.1409999992466,0,,Rating Scale,Use,7,object-12,trial,try,prøve,Prøve.mp4,Try 1.jpg,26,,129
132,1699364366789,07/11/2023 13:39:26,1699367966789,1,07/11/2023 15:39:26,142915,21,task-qcg3,,32770837,poeinvlv,9696122,,complete,,,computer,Desktop or Laptop,Windows 10,Edge 118.0.2088.61,1280x720,842x606,Accepted,,0,familiarity ratings,30,Not on phone,Accepted,,,survey_list,26,trial,Screen 1,9lhd9n,1,response,1,3913.435999999987,6994.214000000007,7010.8490000000165,3913.435999999987,6994.214000000007,7010.8490000000165,1,3913.435999999987,3097.4130000000296,0,,Rating Scale,Similarity,9,object-14,trial,try,prøve,Prøve.mp4,Try 1.jpg,26,,130
133,1699364366882,07/11/2023 13:39:26,1699367966882,1,07/11/2023 15:39:26,142915,21,task-qcg3,,32770837,poeinvlv,9696122,,complete,,,computer,Desktop or Laptop,Windows 10,Edge 118.0.2088.61,1280x720,842x606,Accepted,,0,familiarity ratings,30,Not on phone,Accepted,,,survey_list,27,trial,Screen 1,9lhd9n,1,info,Video start,109.52599999849987,99.9890000000014,109.52599999849987,109.52599999849987,99.9890000000014,109.52599999849987,1,109.52599999849987,0,0,,Video,Video,2,object-8,trial,breathe,puste,Puste.mp4,Breathe 1.jpg,27,,131
134,1699364370974,07/11/2023 13:39:30,1699367970974,1,07/11/2023 15:39:30,142915,21,task-qcg3,,32770837,poeinvlv,9696122,,complete,,,computer,Desktop or Laptop,Windows 10,Edge 118.0.2088.61,1280x720,842x606,Accepted,,0,familiarity ratings,30,Not on phone,Accepted,,,survey_list,27,trial,Screen 1,9lhd9n,1,continue,,4199.73299999701,4196.497000000003,4199.73299999701,4199.73299999701,4196.497000000003,4199.73299999701,1,4199.73299999701,0,0,,Click To Continue,Continue Button,10,object-24,trial,breathe,puste,Puste.mp4,Breathe 1.jpg,27,,132
135,1699364370975,07/11/2023 13:39:30,1699367970975,1,07/11/2023 15:39:30,142915,21,task-qcg3,,32770837,poeinvlv,9696122,,complete,,,computer,Desktop or Laptop,Windows 10,Edge 118.0.2088.61,1280x720,842x606,Accepted,,0,familiarity ratings,30,Not on phone,Accepted,,,survey_list,27,trial,Screen 1,9lhd9n,1,response,7,2214.7669999999925,4196.497000000003,4201.632999999245,2214.7669999999925,4196.497000000003,4201.632999999245,1,2214.7669999999925,1986.8659999992524,0,,Rating Scale,Familiarity,5,object-10,trial,breathe,puste,Puste.mp4,Breathe 1.jpg,27,,133
136,1699364370976,07/11/2023 13:39:30,1699367970976,1,07/11/2023 15:39:30,142915,21,task-qcg3,,32770837,poeinvlv,9696122,,complete,,,computer,Desktop or Laptop,Windows 10,Edge 118.0.2088.61,1280x720,842x606,Accepted,,0,familiarity ratings,30,Not on phone,Accepted,,,survey_list,27,trial,Screen 1,9lhd9n,1,response,yes,2647.899999999994,4196.497000000003,4202.73299999701,2647.899999999994,4196.497000000003,4202.73299999701,1,2647.899999999994,1554.8329999970156,0,,Rating Scale,Use,7,object-12,trial,breathe,puste,Puste.mp4,Breathe 1.jpg,27,,134
137,1699364370977,07/11/2023 13:39:30,1699367970977,1,07/11/2023 15:39:30,142915,21,task-qcg3,,32770837,poeinvlv,9696122,,complete,,,computer,Desktop or Laptop,Windows 10,Edge 118.0.2088.61,1280x720,842x606,Accepted,,0,familiarity ratings,30,Not on phone,Accepted,,,survey_list,27,trial,Screen 1,9lhd9n,1,response,7,3347.252999999997,4196.497000000003,4203.632999999245,3347.252999999997,4196.497000000003,4203.632999999245,1,3347.252999999997,856.379999999248,0,,Rating Scale,Similarity,9,object-14,trial,breathe,puste,Puste.mp4,Breathe 1.jpg,27,,135
138,1699364371084,07/11/2023 13:39:31,1699367971084,1,07/11/2023 15:39:31,142915,21,task-qcg3,,32770837,poeinvlv,9696122,,complete,,,computer,Desktop or Laptop,Windows 10,Edge 118.0.2088.61,1280x720,842x606,Accepted,,0,familiarity ratings,30,Not on phone,Accepted,,,survey_list,28,trial,Screen 1,9lhd9n,1,info,Video start,113.16599999775178,99.86699999999837,113.16599999775178,113.16599999775178,99.86699999999837,113.16599999775178,1,113.16599999775178,0,0,,Video,Video,2,object-8,trial,travel,reise,Reise.mp4,Travel 1.jpg,28,,136
139,1699364375182,07/11/2023 13:39:35,1699367975182,1,07/11/2023 15:39:35,142915,21,task-qcg3,,32770837,poeinvlv,9696122,,complete,,,computer,Desktop or Laptop,Windows 10,Edge 118.0.2088.61,1280x720,842x606,Accepted,,0,familiarity ratings,30,Not on phone,Accepted,,,survey_list,28,trial,Screen 1,9lhd9n,1,continue,,4212.035999997752,4196.646999999997,4212.035999997752,4212.035999997752,4196.646999999997,4212.035999997752,1,4212.035999997752,0,0,,Click To Continue,Continue Button,10,object-24,trial,travel,reise,Reise.mp4,Travel 1.jpg,28,,137
140,1699364375183,07/11/2023 13:39:35,1699367975183,1,07/11/2023 15:39:35,142915,21,task-qcg3,,32770837,poeinvlv,9696122,,complete,,,computer,Desktop or Laptop,Windows 10,Edge 118.0.2088.61,1280x720,842x606,Accepted,,0,familiarity ratings,30,Not on phone,Accepted,,,survey_list,28,trial,Screen 1,9lhd9n,1,response,1,2231.6209999999846,4196.646999999997,4212.835999998497,2231.6209999999846,4196.646999999997,4212.835999998497,1,2231.6209999999846,1981.2149999985122,0,,Rating Scale,Familiarity,5,object-10,trial,travel,reise,Reise.mp4,Travel 1.jpg,28,,138
141,1699364375184,07/11/2023 13:39:35,1699367975184,1,07/11/2023 15:39:35,142915,21,task-qcg3,,32770837,poeinvlv,9696122,,complete,,,computer,Desktop or Laptop,Windows 10,Edge 118.0.2088.61,1280x720,842x606,Accepted,,0,familiarity ratings,30,Not on phone,Accepted,,,survey_list,28,trial,Screen 1,9lhd9n,1,response,yes,3114.139999999985,4196.646999999997,4213.373000000021,3114.139999999985,4196.646999999997,4213.373000000021,1,3114.139999999985,1099.2330000000366,0,,Rating Scale,Use,7,object-12,trial,travel,reise,Reise.mp4,Travel 1.jpg,28,,139
142,1699364375185,07/11/2023 13:39:35,1699367975185,1,07/11/2023 15:39:35,142915,21,task-qcg3,,32770837,poeinvlv,9696122,,complete,,,computer,Desktop or Laptop,Windows 10,Edge 118.0.2088.61,1280x720,842x606,Accepted,,0,familiarity ratings,30,Not on phone,Accepted,,,survey_list,28,trial,Screen 1,9lhd9n,1,response,1,3797.0079999999725,4196.646999999997,4213.373000000021,3797.0079999999725,4196.646999999997,4213.373000000021,1,3797.0079999999725,416.3650000000489,0,,Rating Scale,Similarity,9,object-14,trial,travel,reise,Reise.mp4,Travel 1.jpg,28,,140
143,1699364375278,07/11/2023 13:39:35,1699367975278,1,07/11/2023 15:39:35,142915,21,task-qcg3,,32770837,poeinvlv,9696122,,complete,,,computer,Desktop or Laptop,Windows 10,Edge 118.0.2088.61,1280x720,842x606,Accepted,,0,familiarity ratings,30,Not on phone,Accepted,,,survey_list,29,trial,Screen 1,9lhd9n,1,info,Video start,110.61199999775458,99.76299999997718,110.61199999775458,110.61199999775458,99.76299999997718,110.61199999775458,1,110.61199999775458,0,0,,Video,Video,2,object-8,trial,call,rope,Rope.mp4,Call 1.jpg,29,,141
144,1699364379541,07/11/2023 13:39:39,1699367979541,1,07/11/2023 15:39:39,142915,21,task-qcg3,,32770837,poeinvlv,9696122,,complete,,,computer,Desktop or Laptop,Windows 10,Edge 118.0.2088.61,1280x720,842x606,Accepted,,0,familiarity ratings,30,Not on phone,Accepted,,,survey_list,29,trial,Screen 1,9lhd9n,1,continue,,4374.78899999999,4362.970000000001,4374.78899999999,4374.78899999999,4362.970000000001,4374.78899999999,1,4374.78899999999,0,0,,Click To Continue,Continue Button,10,object-24,trial,call,rope,Rope.mp4,Call 1.jpg,29,,142
145,1699364379549,07/11/2023 13:39:39,1699367979549,1,07/11/2023 15:39:39,142915,21,task-qcg3,,32770837,poeinvlv,9696122,,complete,,,computer,Desktop or Laptop,Windows 10,Edge 118.0.2088.61,1280x720,842x606,Accepted,,0,familiarity ratings,30,Not on phone,Accepted,,,survey_list,29,trial,Screen 1,9lhd9n,1,response,7,1965.0179999999818,4362.970000000001,4379.501000000018,1965.0179999999818,4362.970000000001,4379.501000000018,1,1965.0179999999818,2414.4830000000366,0,,Rating Scale,Familiarity,5,object-10,trial,call,rope,Rope.mp4,Call 1.jpg,29,,143
146,1699364379550,07/11/2023 13:39:39,1699367979550,1,07/11/2023 15:39:39,142915,21,task-qcg3,,32770837,poeinvlv,9696122,,complete,,,computer,Desktop or Laptop,Windows 10,Edge 118.0.2088.61,1280x720,842x606,Accepted,,0,familiarity ratings,30,Not on phone,Accepted,,,survey_list,29,trial,Screen 1,9lhd9n,1,response,yes,2764.301999999996,4362.970000000001,4379.501000000018,2764.301999999996,4362.970000000001,4379.501000000018,1,2764.301999999996,1615.1990000000224,0,,Rating Scale,Use,7,object-12,trial,call,rope,Rope.mp4,Call 1.jpg,29,,144
147,1699364379551,07/11/2023 13:39:39,1699367979551,1,07/11/2023 15:39:39,142915,21,task-qcg3,,32770837,poeinvlv,9696122,,complete,,,computer,Desktop or Laptop,Windows 10,Edge 118.0.2088.61,1280x720,842x606,Accepted,,0,familiarity ratings,30,Not on phone,Accepted,,,survey_list,29,trial,Screen 1,9lhd9n,1,response,7,3613.7269999999844,4362.970000000001,4379.501000000018,3613.7269999999844,4362.970000000001,4379.501000000018,1,3613.7269999999844,765.774000000034,0,,Rating Scale,Similarity,9,object-14,trial,call,rope,Rope.mp4,Call 1.jpg,29,,145
148,1699364379639,07/11/2023 13:39:39,1699367979639,1,07/11/2023 15:39:39,142915,21,task-qcg3,,32770837,poeinvlv,9696122,,complete,,,computer,Desktop or Laptop,Windows 10,Edge 118.0.2088.61,1280x720,842x606,Accepted,,0,familiarity ratings,30,Not on phone,Accepted,,,survey_list,30,trial,Screen 1,9lhd9n,1,info,Video start,109.24699999775342,100.04799999998068,109.24699999775342,109.24699999775342,100.04799999998068,109.24699999775342,1,109.24699999775342,0,0,,Video,Video,2,object-8,trial,salt,salt,Salt.mp4,Salt 1.jpg,30,,146
149,1699364383996,07/11/2023 13:39:43,1699367983996,1,07/11/2023 15:39:43,142915,21,task-qcg3,,32770837,poeinvlv,9696122,,complete,,,computer,Desktop or Laptop,Windows 10,Edge 118.0.2088.61,1280x720,842x606,Accepted,,0,familiarity ratings,30,Not on phone,Accepted,,,survey_list,30,trial,Screen 1,9lhd9n,1,continue,,4465.918999997753,4462.978999999992,4465.918999997753,4465.918999997753,4462.978999999992,4465.918999997753,1,4465.918999997753,0,0,,Click To Continue,Continue Button,10,object-24,trial,salt,salt,Salt.mp4,Salt 1.jpg,30,,147
150,1699364383998,07/11/2023 13:39:43,1699367983998,1,07/11/2023 15:39:43,142915,21,task-qcg3,,32770837,poeinvlv,9696122,,complete,,,computer,Desktop or Laptop,Windows 10,Edge 118.0.2088.61,1280x720,842x606,Accepted,,0,familiarity ratings,30,Not on phone,Accepted,,,survey_list,30,trial,Screen 1,9lhd9n,1,response,7,1581.9809999999998,4462.978999999992,4467.7189999984985,1581.9809999999998,4462.978999999992,4467.7189999984985,1,1581.9809999999998,2885.7379999984987,0,,Rating Scale,Familiarity,5,object-10,trial,salt,salt,Salt.mp4,Salt 1.jpg,30,,148
151,1699364384000,07/11/2023 13:39:44,1699367984000,1,07/11/2023 15:39:44,142915,21,task-qcg3,,32770837,poeinvlv,9696122,,complete,,,computer,Desktop or Laptop,Windows 10,Edge 118.0.2088.61,1280x720,842x606,Accepted,,0,familiarity ratings,30,Not on phone,Accepted,,,survey_list,30,trial,Screen 1,9lhd9n,1,response,yes,2198.157999999996,4462.978999999992,4469.618999997008,2198.157999999996,4462.978999999992,4469.618999997008,1,2198.157999999996,2271.4609999970126,0,,Rating Scale,Use,7,object-12,trial,salt,salt,Salt.mp4,Salt 1.jpg,30,,149
152,1699364384001,07/11/2023 13:39:44,1699367984001,1,07/11/2023 15:39:44,142915,21,task-qcg3,,32770837,poeinvlv,9696122,,complete,,,computer,Desktop or Laptop,Windows 10,Edge 118.0.2088.61,1280x720,842x606,Accepted,,0,familiarity ratings,30,Not on phone,Accepted,,,survey_list,30,trial,Screen 1,9lhd9n,1,response,7,3597.0559999999823,4462.978999999992,4471.318999999989,3597.0559999999823,4462.978999999992,4471.318999999989,1,3597.0559999999823,874.2630000000063,0,,Rating Scale,Similarity,9,object-14,trial,salt,salt,Salt.mp4,Salt 1.jpg,30,,150
153,1699364384103,07/11/2023 13:39:44,1699367984103,1,07/11/2023 15:39:44,142915,21,task-qcg3,,32770837,poeinvlv,9696122,,complete,,,computer,Desktop or Laptop,Windows 10,Edge 118.0.2088.61,1280x720,842x606,Accepted,,0,familiarity ratings,30,Not on phone,Accepted,,,survey_list,31,trial,Screen 1,9lhd9n,1,info,Video start,110.36399999701628,99.99700000000303,110.36399999701628,110.36399999701628,99.99700000000303,110.36399999701628,1,110.36399999701628,0,0,,Video,Video,2,object-8,trial,watch,se-på,Se-på.mp4,Watch 1.jpg,31,,151
154,1699364388628,07/11/2023 13:39:48,1699367988628,1,07/11/2023 15:39:48,142915,21,task-qcg3,,32770837,poeinvlv,9696122,,complete,,,computer,Desktop or Laptop,Windows 10,Edge 118.0.2088.61,1280x720,842x606,Accepted,,0,familiarity ratings,30,Not on phone,Accepted,,,survey_list,31,trial,Screen 1,9lhd9n,1,continue,,4634.739999998506,4629.619000000006,4634.739999998506,4634.739999998506,4629.619000000006,4634.739999998506,1,4634.739999998506,0,0,,Click To Continue,Continue Button,10,object-24,trial,watch,se-på,Se-på.mp4,Watch 1.jpg,31,,152
155,1699364388630,07/11/2023 13:39:48,1699367988630,1,07/11/2023 15:39:48,142915,21,task-qcg3,,32770837,poeinvlv,9696122,,complete,,,computer,Desktop or Laptop,Windows 10,Edge 118.0.2088.61,1280x720,842x606,Accepted,,0,familiarity ratings,30,Not on phone,Accepted,,,survey_list,31,trial,Screen 1,9lhd9n,1,response,1,2864.4249999999884,4629.619000000006,4636.939999997761,2864.4249999999884,4629.619000000006,4636.939999997761,1,2864.4249999999884,1772.514999997773,0,,Rating Scale,Familiarity,5,object-10,trial,watch,se-på,Se-på.mp4,Watch 1.jpg,31,,153
156,1699364388631,07/11/2023 13:39:48,1699367988631,1,07/11/2023 15:39:48,142915,21,task-qcg3,,32770837,poeinvlv,9696122,,complete,,,computer,Desktop or Laptop,Windows 10,Edge 118.0.2088.61,1280x720,842x606,Accepted,,0,familiarity ratings,30,Not on phone,Accepted,,,survey_list,31,trial,Screen 1,9lhd9n,1,response,yes,3497.1169999999984,4629.619000000006,4638.539999999251,3497.1169999999984,4629.619000000006,4638.539999999251,1,3497.1169999999984,1141.422999999253,0,,Rating Scale,Use,7,object-12,trial,watch,se-på,Se-på.mp4,Watch 1.jpg,31,,154
157,1699364388634,07/11/2023 13:39:48,1699367988634,1,07/11/2023 15:39:48,142915,21,task-qcg3,,32770837,poeinvlv,9696122,,complete,,,computer,Desktop or Laptop,Windows 10,Edge 118.0.2088.61,1280x720,842x606,Accepted,,0,familiarity ratings,30,Not on phone,Accepted,,,survey_list,31,trial,Screen 1,9lhd9n,1,response,1,4196.563999999984,4629.619000000006,4640.539999999251,4196.563999999984,4629.619000000006,4640.539999999251,1,4196.563999999984,443.9759999992675,0,,Rating Scale,Similarity,9,object-14,trial,watch,se-på,Se-på.mp4,Watch 1.jpg,31,,155
158,1699364388732,07/11/2023 13:39:48,1699367988732,1,07/11/2023 15:39:48,142915,21,task-qcg3,,32770837,poeinvlv,9696122,,complete,,,computer,Desktop or Laptop,Windows 10,Edge 118.0.2088.61,1280x720,842x606,Accepted,,0,familiarity ratings,30,Not on phone,Accepted,,,survey_list,32,trial,Screen 1,9lhd9n,1,info,Video start,109.5999999992454,99.97099999999045,109.5999999992454,109.5999999992454,99.97099999999045,109.5999999992454,1,109.5999999992454,0,0,,Video,Video,2,object-8,trial,sail,seil-båt,Seil-båt.mp4,Sail 1.jpg,32,,156
159,1699364392221,07/11/2023 13:39:52,1699367992221,1,07/11/2023 15:39:52,142915,21,task-qcg3,,32770837,poeinvlv,9696122,,complete,,,computer,Desktop or Laptop,Windows 10,Edge 118.0.2088.61,1280x720,842x606,Accepted,,0,familiarity ratings,30,Not on phone,Accepted,,,survey_list,32,trial,Screen 1,9lhd9n,1,continue,,3596.957999999984,3580.3489999999874,3596.957999999984,3596.957999999984,3580.3489999999874,3596.957999999984,1,3596.957999999984,0,0,,Click To Continue,Continue Button,10,object-24,trial,sail,seil-båt,Seil-båt.mp4,Sail 1.jpg,32,,157
160,1699364392230,07/11/2023 13:39:52,1699367992230,1,07/11/2023 15:39:52,142915,21,task-qcg3,,32770837,poeinvlv,9696122,,complete,,,computer,Desktop or Laptop,Windows 10,Edge 118.0.2088.61,1280x720,842x606,Accepted,,0,familiarity ratings,30,Not on phone,Accepted,,,survey_list,32,trial,Screen 1,9lhd9n,1,response,7,1665.2109999999811,3580.3489999999874,3596.957999999984,1665.2109999999811,3580.3489999999874,3596.957999999984,1,1665.2109999999811,1931.747000000003,0,,Rating Scale,Familiarity,5,object-10,trial,sail,seil-båt,Seil-båt.mp4,Sail 1.jpg,32,,158
161,1699364392231,07/11/2023 13:39:52,1699367992231,1,07/11/2023 15:39:52,142915,21,task-qcg3,,32770837,poeinvlv,9696122,,complete,,,computer,Desktop or Laptop,Windows 10,Edge 118.0.2088.61,1280x720,842x606,Accepted,,0,familiarity ratings,30,Not on phone,Accepted,,,survey_list,32,trial,Screen 1,9lhd9n,1,response,yes,2148.1419999999925,3580.3489999999874,3596.957999999984,2148.1419999999925,3580.3489999999874,3596.957999999984,1,2148.1419999999925,1448.8159999999916,0,,Rating Scale,Use,7,object-12,trial,sail,seil-båt,Seil-båt.mp4,Sail 1.jpg,32,,159
162,1699364392232,07/11/2023 13:39:52,1699367992232,1,07/11/2023 15:39:52,142915,21,task-qcg3,,32770837,poeinvlv,9696122,,complete,,,computer,Desktop or Laptop,Windows 10,Edge 118.0.2088.61,1280x720,842x606,Accepted,,0,familiarity ratings,30,Not on phone,Accepted,,,survey_list,32,trial,Screen 1,9lhd9n,1,response,7,2847.592000000004,3580.3489999999874,3596.957999999984,2847.592000000004,3580.3489999999874,3596.957999999984,1,2847.592000000004,749.36599999998,0,,Rating Scale,Similarity,9,object-14,trial,sail,seil-båt,Seil-båt.mp4,Sail 1.jpg,32,,160
163,1699364392312,07/11/2023 13:39:52,1699367992312,1,07/11/2023 15:39:52,142915,21,task-qcg3,,32770837,poeinvlv,9696122,,complete,,,computer,Desktop or Laptop,Windows 10,Edge 118.0.2088.61,1280x720,842x606,Accepted,,0,familiarity ratings,30,Not on phone,Accepted,,,survey_list,33,trial,Screen 1,9lhd9n,1,info,Video start,109.37399999702279,100.00400000001537,109.37399999702279,109.37399999702279,100.00400000001537,109.37399999702279,1,109.37399999702279,0,0,,Video,Video,2,object-8,trial,cigar,sigar,Sigar.mp4,Cigar 1.jpg,33,,161
164,1699364398088,07/11/2023 13:39:58,1699367998088,1,07/11/2023 15:39:58,142915,21,task-qcg3,,32770837,poeinvlv,9696122,,complete,,,computer,Desktop or Laptop,Windows 10,Edge 118.0.2088.61,1280x720,842x606,Accepted,,0,familiarity ratings,30,Not on phone,Accepted,,,survey_list,33,trial,Screen 1,9lhd9n,1,continue,,5885.071999999258,5878.581000000006,5885.071999999258,5885.071999999258,5878.581000000006,5885.071999999258,1,5885.071999999258,0,0,,Click To Continue,Continue Button,10,object-24,trial,cigar,sigar,Sigar.mp4,Cigar 1.jpg,33,,162
165,1699364398089,07/11/2023 13:39:58,1699367998089,1,07/11/2023 15:39:58,142915,21,task-qcg3,,32770837,poeinvlv,9696122,,complete,,,computer,Desktop or Laptop,Windows 10,Edge 118.0.2088.61,1280x720,842x606,Accepted,,0,familiarity ratings,30,Not on phone,Accepted,,,survey_list,33,trial,Screen 1,9lhd9n,1,response,7,1748.554999999993,5878.581000000006,5886.671999997023,1748.554999999993,5878.581000000006,5886.671999997023,1,1748.554999999993,4138.11699999703,0,,Rating Scale,Familiarity,5,object-10,trial,cigar,sigar,Sigar.mp4,Cigar 1.jpg,33,,163
166,1699364398090,07/11/2023 13:39:58,1699367998090,1,07/11/2023 15:39:58,142915,21,task-qcg3,,32770837,poeinvlv,9696122,,complete,,,computer,Desktop or Laptop,Windows 10,Edge 118.0.2088.61,1280x720,842x606,Accepted,,0,familiarity ratings,30,Not on phone,Accepted,,,survey_list,33,trial,Screen 1,9lhd9n,1,response,yes,2747.926999999996,5878.581000000006,5887.372000000003,2747.926999999996,5878.581000000006,5887.372000000003,1,2747.926999999996,3139.445000000007,0,,Rating Scale,Use,7,object-12,trial,cigar,sigar,Sigar.mp4,Cigar 1.jpg,33,,164
167,1699364398091,07/11/2023 13:39:58,1699367998091,1,07/11/2023 15:39:58,142915,21,task-qcg3,,32770837,poeinvlv,9696122,,complete,,,computer,Desktop or Laptop,Windows 10,Edge 118.0.2088.61,1280x720,842x606,Accepted,,0,familiarity ratings,30,Not on phone,Accepted,,,survey_list,33,trial,Screen 1,9lhd9n,1,response,4,3646.9550000000163,5878.581000000006,5888.071999999258,3646.9550000000163,5878.581000000006,5888.071999999258,1,3646.9550000000163,2241.1169999992417,0,,Rating Scale,Similarity,9,object-14,trial,cigar,sigar,Sigar.mp4,Cigar 1.jpg,33,,165
168,1699364398195,07/11/2023 13:39:58,1699367998195,1,07/11/2023 15:39:58,142915,21,task-qcg3,,32770837,poeinvlv,9696122,,complete,,,computer,Desktop or Laptop,Windows 10,Edge 118.0.2088.61,1280x720,842x606,Accepted,,0,familiarity ratings,30,Not on phone,Accepted,,,survey_list,34,trial,Screen 1,9lhd9n,1,info,Video start,113.2279999970172,99.74900000001071,113.2279999970172,113.2279999970172,99.74900000001071,113.2279999970172,1,113.2279999970172,0,0,,Video,Video,2,object-8,trial,ring,sirkel,Sirkel.mp4,Ring 1.jpg,34,,166
169,1699364401413,07/11/2023 13:40:01,1699368001413,1,07/11/2023 15:40:01,142915,21,task-qcg3,,32770837,poeinvlv,9696122,,complete,,,computer,Desktop or Laptop,Windows 10,Edge 118.0.2088.61,1280x720,842x606,Accepted,,0,familiarity ratings,30,Not on phone,Accepted,,,survey_list,34,trial,Screen 1,9lhd9n,1,continue,,3330.3610000000335,3313.79800000001,3330.3610000000335,3330.3610000000335,3313.79800000001,3330.3610000000335,1,3330.3610000000335,0,0,,Click To Continue,Continue Button,10,object-24,trial,ring,sirkel,Sirkel.mp4,Ring 1.jpg,34,,167
170,1699364401415,07/11/2023 13:40:01,1699368001415,1,07/11/2023 15:40:01,142915,21,task-qcg3,,32770837,poeinvlv,9696122,,complete,,,computer,Desktop or Laptop,Windows 10,Edge 118.0.2088.61,1280x720,842x606,Accepted,,0,familiarity ratings,30,Not on phone,Accepted,,,survey_list,34,trial,Screen 1,9lhd9n,1,response,7,1282.122000000003,3313.79800000001,3330.3610000000335,1282.122000000003,3313.79800000001,3330.3610000000335,1,1282.122000000003,2048.2390000000305,0,,Rating Scale,Familiarity,5,object-10,trial,ring,sirkel,Sirkel.mp4,Ring 1.jpg,34,,168
171,1699364401416,07/11/2023 13:40:01,1699368001416,1,07/11/2023 15:40:01,142915,21,task-qcg3,,32770837,poeinvlv,9696122,,complete,,,computer,Desktop or Laptop,Windows 10,Edge 118.0.2088.61,1280x720,842x606,Accepted,,0,familiarity ratings,30,Not on phone,Accepted,,,survey_list,34,trial,Screen 1,9lhd9n,1,response,yes,1865.051999999996,3313.79800000001,3330.3610000000335,1865.051999999996,3313.79800000001,3330.3610000000335,1,1865.051999999996,1465.3090000000375,0,,Rating Scale,Use,7,object-12,trial,ring,sirkel,Sirkel.mp4,Ring 1.jpg,34,,169
172,1699364401417,07/11/2023 13:40:01,1699368001417,1,07/11/2023 15:40:01,142915,21,task-qcg3,,32770837,poeinvlv,9696122,,complete,,,computer,Desktop or Laptop,Windows 10,Edge 118.0.2088.61,1280x720,842x606,Accepted,,0,familiarity ratings,30,Not on phone,Accepted,,,survey_list,34,trial,Screen 1,9lhd9n,1,response,7,2614.472999999998,3313.79800000001,3330.3610000000335,2614.472999999998,3313.79800000001,3330.3610000000335,1,2614.472999999998,715.8880000000354,0,,Rating Scale,Similarity,9,object-14,trial,ring,sirkel,Sirkel.mp4,Ring 1.jpg,34,,170
173,1699364401509,07/11/2023 13:40:01,1699368001509,1,07/11/2023 15:40:01,142915,21,task-qcg3,,32770837,poeinvlv,9696122,,complete,,,computer,Desktop or Laptop,Windows 10,Edge 118.0.2088.61,1280x720,842x606,Accepted,,0,familiarity ratings,30,Not on phone,Accepted,,,survey_list,35,trial,Screen 1,9lhd9n,1,info,Video start,113.69299999998766,99.84899999998743,113.69299999998766,113.69299999998766,99.84899999998743,113.69299999998766,1,113.69299999998766,0,0,,Video,Video,2,object-8,trial,doubt,skeptisk,Skeptisk.mp4,Doubt 1.jpg,35,,171
174,1699364405610,07/11/2023 13:40:05,1699368005610,1,07/11/2023 15:40:05,142915,21,task-qcg3,,32770837,poeinvlv,9696122,,complete,,,computer,Desktop or Laptop,Windows 10,Edge 118.0.2088.61,1280x720,842x606,Accepted,,0,familiarity ratings,30,Not on phone,Accepted,,,survey_list,35,trial,Screen 1,9lhd9n,1,continue,,4215.292999997007,4213.122999999992,4215.292999997007,4215.292999997007,4213.122999999992,4215.292999997007,1,4215.292999997007,0,0,,Click To Continue,Continue Button,10,object-24,trial,doubt,skeptisk,Skeptisk.mp4,Doubt 1.jpg,35,,172
175,1699364405619,07/11/2023 13:40:05,1699368005619,1,07/11/2023 15:40:05,142915,21,task-qcg3,,32770837,poeinvlv,9696122,,complete,,,computer,Desktop or Laptop,Windows 10,Edge 118.0.2088.61,1280x720,842x606,Accepted,,0,familiarity ratings,30,Not on phone,Accepted,,,survey_list,35,trial,Screen 1,9lhd9n,1,response,7,2198.298999999999,4213.122999999992,4223.692999999243,2198.298999999999,4213.122999999992,4223.692999999243,1,2198.298999999999,2025.3939999992435,0,,Rating Scale,Familiarity,5,object-10,trial,doubt,skeptisk,Skeptisk.mp4,Doubt 1.jpg,35,,173
176,1699364405620,07/11/2023 13:40:05,1699368005620,1,07/11/2023 15:40:05,142915,21,task-qcg3,,32770837,poeinvlv,9696122,,complete,,,computer,Desktop or Laptop,Windows 10,Edge 118.0.2088.61,1280x720,842x606,Accepted,,0,familiarity ratings,30,Not on phone,Accepted,,,survey_list,35,trial,Screen 1,9lhd9n,1,response,yes,2731.0419999999867,4213.122999999992,4224.692999999243,2731.0419999999867,4213.122999999992,4224.692999999243,1,2731.0419999999867,1493.6509999992559,0,,Rating Scale,Use,7,object-12,trial,doubt,skeptisk,Skeptisk.mp4,Doubt 1.jpg,35,,174
177,1699364405620,07/11/2023 13:40:05,1699368005620,1,07/11/2023 15:40:05,142915,21,task-qcg3,,32770837,poeinvlv,9696122,,complete,,,computer,Desktop or Laptop,Windows 10,Edge 118.0.2088.61,1280x720,842x606,Accepted,,0,familiarity ratings,30,Not on phone,Accepted,,,survey_list,35,trial,Screen 1,9lhd9n,1,response,7,3513.701000000001,4213.122999999992,4225.3929999984975,3513.701000000001,4213.122999999992,4225.3929999984975,1,3513.701000000001,711.6919999984966,0,,Rating Scale,Similarity,9,object-14,trial,doubt,skeptisk,Skeptisk.mp4,Doubt 1.jpg,35,,175
178,1699364405718,07/11/2023 13:40:05,1699368005718,1,07/11/2023 15:40:05,142915,21,task-qcg3,,32770837,poeinvlv,9696122,,complete,,,computer,Desktop or Laptop,Windows 10,Edge 118.0.2088.61,1280x720,842x606,Accepted,,0,familiarity ratings,30,Not on phone,Accepted,,,survey_list,36,trial,Screen 1,9lhd9n,1,info,Video start,109.67099999776016,100.12200000000303,109.67099999776016,109.67099999776016,100.12200000000303,109.67099999776016,1,109.67099999776016,0,0,,Video,Video,2,object-8,trial,school,skole,Skole.mp4,School 1.jpg,36,,176
179,1699364409843,07/11/2023 13:40:09,1699368009843,1,07/11/2023 15:40:09,142915,21,task-qcg3,,32770837,poeinvlv,9696122,,complete,,,computer,Desktop or Laptop,Windows 10,Edge 118.0.2088.61,1280x720,842x606,Accepted,,0,familiarity ratings,30,Not on phone,Accepted,,,survey_list,36,trial,Screen 1,9lhd9n,1,continue,,4234.269999998505,4230.035999999993,4234.269999998505,4234.269999998505,4230.035999999993,4234.269999998505,1,4234.269999998505,0,0,,Click To Continue,Continue Button,10,object-24,trial,school,skole,Skole.mp4,School 1.jpg,36,,177
180,1699364409844,07/11/2023 13:40:09,1699368009844,1,07/11/2023 15:40:09,142915,21,task-qcg3,,32770837,poeinvlv,9696122,,complete,,,computer,Desktop or Laptop,Windows 10,Edge 118.0.2088.61,1280x720,842x606,Accepted,,0,familiarity ratings,30,Not on phone,Accepted,,,survey_list,36,trial,Screen 1,9lhd9n,1,response,7,1998.4609999999811,4230.035999999993,4235.669999997015,1998.4609999999811,4230.035999999993,4235.669999997015,1,1998.4609999999811,2237.208999997034,0,,Rating Scale,Familiarity,5,object-10,trial,school,skole,Skole.mp4,School 1.jpg,36,,178
181,1699364409846,07/11/2023 13:40:09,1699368009846,1,07/11/2023 15:40:09,142915,21,task-qcg3,,32770837,poeinvlv,9696122,,complete,,,computer,Desktop or Laptop,Windows 10,Edge 118.0.2088.61,1280x720,842x606,Accepted,,0,familiarity ratings,30,Not on phone,Accepted,,,survey_list,36,trial,Screen 1,9lhd9n,1,response,yes,2564.6969999999856,4230.035999999993,4237.369999999995,2564.6969999999856,4230.035999999993,4237.369999999995,1,2564.6969999999856,1672.6730000000098,0,,Rating Scale,Use,7,object-12,trial,school,skole,Skole.mp4,School 1.jpg,36,,179
182,1699364409847,07/11/2023 13:40:09,1699368009847,1,07/11/2023 15:40:09,142915,21,task-qcg3,,32770837,poeinvlv,9696122,,complete,,,computer,Desktop or Laptop,Windows 10,Edge 118.0.2088.61,1280x720,842x606,Accepted,,0,familiarity ratings,30,Not on phone,Accepted,,,survey_list,36,trial,Screen 1,9lhd9n,1,response,5,3580.4309999999823,4230.035999999993,4238.769999998505,3580.4309999999823,4230.035999999993,4238.769999998505,1,3580.4309999999823,658.3389999985229,0,,Rating Scale,Similarity,9,object-14,trial,school,skole,Skole.mp4,School 1.jpg,36,,180
183,1699364409947,07/11/2023 13:40:09,1699368009947,1,07/11/2023 15:40:09,142915,21,task-qcg3,,32770837,poeinvlv,9696122,,complete,,,computer,Desktop or Laptop,Windows 10,Edge 118.0.2088.61,1280x720,842x606,Accepted,,0,familiarity ratings,30,Not on phone,Accepted,,,survey_list,37,trial,Screen 1,9lhd9n,1,info,Video start,108.99299999851245,99.95000000001164,108.99299999851245,108.99299999851245,99.95000000001164,108.99299999851245,1,108.99299999851245,0,0,,Video,Video,2,object-8,trial,write,skrive,Skrive.mp4,Write 1.jpg,37,,181
184,1699364414000,07/11/2023 13:40:14,1699368014000,1,07/11/2023 15:40:14,142915,21,task-qcg3,,32770837,poeinvlv,9696122,,complete,,,computer,Desktop or Laptop,Windows 10,Edge 118.0.2088.61,1280x720,842x606,Accepted,,0,familiarity ratings,30,Not on phone,Accepted,,,survey_list,37,trial,Screen 1,9lhd9n,1,continue,,4161.933999997767,4146.515000000014,4161.933999997767,4161.933999997767,4146.515000000014,4161.933999997767,1,4161.933999997767,0,0,,Click To Continue,Continue Button,10,object-24,trial,write,skrive,Skrive.mp4,Write 1.jpg,37,,182
185,1699364414001,07/11/2023 13:40:14,1699368014001,1,07/11/2023 15:40:14,142915,21,task-qcg3,,32770837,poeinvlv,9696122,,complete,,,computer,Desktop or Laptop,Windows 10,Edge 118.0.2088.61,1280x720,842x606,Accepted,,0,familiarity ratings,30,Not on phone,Accepted,,,survey_list,37,trial,Screen 1,9lhd9n,1,response,7,1665.2309999999998,4146.515000000014,4162.633999997022,1665.2309999999998,4146.515000000014,4162.633999997022,1,1665.2309999999998,2497.4029999970226,0,,Rating Scale,Familiarity,5,object-10,trial,write,skrive,Skrive.mp4,Write 1.jpg,37,,183
186,1699364414002,07/11/2023 13:40:14,1699368014002,1,07/11/2023 15:40:14,142915,21,task-qcg3,,32770837,poeinvlv,9696122,,complete,,,computer,Desktop or Laptop,Windows 10,Edge 118.0.2088.61,1280x720,842x606,Accepted,,0,familiarity ratings,30,Not on phone,Accepted,,,survey_list,37,trial,Screen 1,9lhd9n,1,response,yes,2248.1229999999923,4146.515000000014,4163.245000000024,2248.1229999999923,4146.515000000014,4163.245000000024,1,2248.1229999999923,1915.1220000000321,0,,Rating Scale,Use,7,object-12,trial,write,skrive,Skrive.mp4,Write 1.jpg,37,,184
187,1699364414003,07/11/2023 13:40:14,1699368014003,1,07/11/2023 15:40:14,142915,21,task-qcg3,,32770837,poeinvlv,9696122,,complete,,,computer,Desktop or Laptop,Windows 10,Edge 118.0.2088.61,1280x720,842x606,Accepted,,0,familiarity ratings,30,Not on phone,Accepted,,,survey_list,37,trial,Screen 1,9lhd9n,1,response,7,3014.045000000013,4146.515000000014,4163.245000000024,3014.045000000013,4146.515000000014,4163.245000000024,1,3014.045000000013,1149.2000000000116,0,,Rating Scale,Similarity,9,object-14,trial,write,skrive,Skrive.mp4,Write 1.jpg,37,,185
188,1699364414095,07/11/2023 13:40:14,1699368014095,1,07/11/2023 15:40:14,142915,21,task-qcg3,,32770837,poeinvlv,9696122,,complete,,,computer,Desktop or Laptop,Windows 10,Edge 118.0.2088.61,1280x720,842x606,Accepted,,0,familiarity ratings,30,Not on phone,Accepted,,,survey_list,38,trial,Screen 1,9lhd9n,1,info,Video start,109.85099999700836,100.0559999999823,109.85099999700836,109.85099999700836,100.0559999999823,109.85099999700836,1,109.85099999700836,0,0,,Video,Video,2,object-8,trial,play,spille,Spille.mp4,Play 1.jpg,38,,186
189,1699364417068,07/11/2023 13:40:17,1699368017068,1,07/11/2023 15:40:17,142915,21,task-qcg3,,32770837,poeinvlv,9696122,,complete,,,computer,Desktop or Laptop,Windows 10,Edge 118.0.2088.61,1280x720,842x606,Accepted,,0,familiarity ratings,30,Not on phone,Accepted,,,survey_list,38,trial,Screen 1,9lhd9n,1,continue,,3080.844999999972,3064.13499999998,3080.844999999972,3080.844999999972,3064.13499999998,3080.844999999972,1,3080.844999999972,0,0,,Click To Continue,Continue Button,10,object-24,trial,play,spille,Spille.mp4,Play 1.jpg,38,,187
190,1699364417078,07/11/2023 13:40:17,1699368017078,1,07/11/2023 15:40:17,142915,21,task-qcg3,,32770837,poeinvlv,9696122,,complete,,,computer,Desktop or Laptop,Windows 10,Edge 118.0.2088.61,1280x720,842x606,Accepted,,0,familiarity ratings,30,Not on phone,Accepted,,,survey_list,38,trial,Screen 1,9lhd9n,1,response,7,1165.6109999999753,3064.13499999998,3080.844999999972,1165.6109999999753,3064.13499999998,3080.844999999972,1,1165.6109999999753,1915.2339999999967,0,,Rating Scale,Familiarity,5,object-10,trial,play,spille,Spille.mp4,Play 1.jpg,38,,188
191,1699364417079,07/11/2023 13:40:17,1699368017079,1,07/11/2023 15:40:17,142915,21,task-qcg3,,32770837,poeinvlv,9696122,,complete,,,computer,Desktop or Laptop,Windows 10,Edge 118.0.2088.61,1280x720,842x606,Accepted,,0,familiarity ratings,30,Not on phone,Accepted,,,survey_list,38,trial,Screen 1,9lhd9n,1,response,yes,1582.0299999999988,3064.13499999998,3080.844999999972,1582.0299999999988,3064.13499999998,3080.844999999972,1,1582.0299999999988,1498.8149999999732,0,,Rating Scale,Use,7,object-12,trial,play,spille,Spille.mp4,Play 1.jpg,38,,189
192,1699364417079,07/11/2023 13:40:17,1699368017079,1,07/11/2023 15:40:17,142915,21,task-qcg3,,32770837,poeinvlv,9696122,,complete,,,computer,Desktop or Laptop,Windows 10,Edge 118.0.2088.61,1280x720,842x606,Accepted,,0,familiarity ratings,30,Not on phone,Accepted,,,survey_list,38,trial,Screen 1,9lhd9n,1,response,7,2364.6989999999932,3064.13499999998,3080.844999999972,2364.6989999999932,3064.13499999998,3080.844999999972,1,2364.6989999999932,716.1459999999788,0,,Rating Scale,Similarity,9,object-14,trial,play,spille,Spille.mp4,Play 1.jpg,38,,190
193,1699364417160,07/11/2023 13:40:17,1699368017160,1,07/11/2023 15:40:17,142915,21,task-qcg3,,32770837,poeinvlv,9696122,,complete,,,computer,Desktop or Laptop,Windows 10,Edge 118.0.2088.61,1280x720,842x606,Accepted,,0,familiarity ratings,30,Not on phone,Accepted,,,survey_list,39,trial,Screen 1,9lhd9n,1,info,Video start,111.31899999851827,99.76900000000023,111.31899999851827,111.31899999851827,99.76900000000023,111.31899999851827,1,111.31899999851827,0,0,,Video,Video,2,object-8,trial,leave,stikke-av,Stikke-av.mp4,Leave 1.jpg,39,,191
194,1699364422109,07/11/2023 13:40:22,1699368022109,1,07/11/2023 15:40:22,142915,21,task-qcg3,,32770837,poeinvlv,9696122,,complete,,,computer,Desktop or Laptop,Windows 10,Edge 118.0.2088.61,1280x720,842x606,Accepted,,0,familiarity ratings,30,Not on phone,Accepted,,,survey_list,39,trial,Screen 1,9lhd9n,1,continue,,5060.483999997028,5045.77900000001,5060.483999997028,5060.483999997028,5045.77900000001,5060.483999997028,1,5060.483999997028,0,0,,Click To Continue,Continue Button,10,object-24,trial,leave,stikke-av,Stikke-av.mp4,Leave 1.jpg,39,,192
195,1699364422110,07/11/2023 13:40:22,1699368022110,1,07/11/2023 15:40:22,142915,21,task-qcg3,,32770837,poeinvlv,9696122,,complete,,,computer,Desktop or Laptop,Windows 10,Edge 118.0.2088.61,1280x720,842x606,Accepted,,0,familiarity ratings,30,Not on phone,Accepted,,,survey_list,39,trial,Screen 1,9lhd9n,1,response,1,2098.2030000000086,5045.77900000001,5061.283999997773,2098.2030000000086,5045.77900000001,5061.283999997773,1,2098.2030000000086,2963.0809999977646,0,,Rating Scale,Familiarity,5,object-10,trial,leave,stikke-av,Stikke-av.mp4,Leave 1.jpg,39,,193
196,1699364422111,07/11/2023 13:40:22,1699368022111,1,07/11/2023 15:40:22,142915,21,task-qcg3,,32770837,poeinvlv,9696122,,complete,,,computer,Desktop or Laptop,Windows 10,Edge 118.0.2088.61,1280x720,842x606,Accepted,,0,familiarity ratings,30,Not on phone,Accepted,,,survey_list,39,trial,Screen 1,9lhd9n,1,response,yes,3946.7030000000086,5045.77900000001,5061.983999997028,3946.7030000000086,5045.77900000001,5061.983999997028,1,3946.7030000000086,1115.2809999970195,0,,Rating Scale,Use,7,object-12,trial,leave,stikke-av,Stikke-av.mp4,Leave 1.jpg,39,,194
197,1699364422112,07/11/2023 13:40:22,1699368022112,1,07/11/2023 15:40:22,142915,21,task-qcg3,,32770837,poeinvlv,9696122,,complete,,,computer,Desktop or Laptop,Windows 10,Edge 118.0.2088.61,1280x720,842x606,Accepted,,0,familiarity ratings,30,Not on phone,Accepted,,,survey_list,39,trial,Screen 1,9lhd9n,1,response,1,4662.816000000021,5045.77900000001,5062.361000000004,4662.816000000021,5045.77900000001,5062.361000000004,1,4662.816000000021,399.5449999999837,0,,Rating Scale,Similarity,9,object-14,trial,leave,stikke-av,Stikke-av.mp4,Leave 1.jpg,39,,195
198,1699364422204,07/11/2023 13:40:22,1699368022204,1,07/11/2023 15:40:22,142915,21,task-qcg3,,32770837,poeinvlv,9696122,,complete,,,computer,Desktop or Laptop,Windows 10,Edge 118.0.2088.61,1280x720,842x606,Accepted,,0,familiarity ratings,30,Not on phone,Accepted,,,survey_list,40,trial,Screen 1,9lhd9n,1,info,Video start,109.60899999999883,99.91099999999278,109.60899999999883,109.60899999999883,99.91099999999278,109.60899999999883,1,109.60899999999883,0,0,,Video,Video,2,object-8,trial,sing,synge,Synge.mp4,Sing 1.jpg,40,,196
199,1699364426611,07/11/2023 13:40:26,1699368026611,1,07/11/2023 15:40:26,142915,21,task-qcg3,,32770837,poeinvlv,9696122,,complete,,,computer,Desktop or Laptop,Windows 10,Edge 118.0.2088.61,1280x720,842x606,Accepted,,0,familiarity ratings,30,Not on phone,Accepted,,,survey_list,40,trial,Screen 1,9lhd9n,1,continue,,4516.404999999999,4512.906999999977,4516.404999999999,4516.404999999999,4512.906999999977,4516.404999999999,1,4516.404999999999,0,0,,Click To Continue,Continue Button,10,object-24,trial,sing,synge,Synge.mp4,Sing 1.jpg,40,,197
200,1699364426613,07/11/2023 13:40:26,1699368026613,1,07/11/2023 15:40:26,142915,21,task-qcg3,,32770837,poeinvlv,9696122,,complete,,,computer,Desktop or Laptop,Windows 10,Edge 118.0.2088.61,1280x720,842x606,Accepted,,0,familiarity ratings,30,Not on phone,Accepted,,,survey_list,40,trial,Screen 1,9lhd9n,1,response,7,1881.8600000000151,4512.906999999977,4517.904999999999,1881.8600000000151,4512.906999999977,4517.904999999999,1,1881.8600000000151,2636.0449999999837,0,,Rating Scale,Familiarity,5,object-10,trial,sing,synge,Synge.mp4,Sing 1.jpg,40,,198
201,1699364426615,07/11/2023 13:40:26,1699368026615,1,07/11/2023 15:40:26,142915,21,task-qcg3,,32770837,poeinvlv,9696122,,complete,,,computer,Desktop or Laptop,Windows 10,Edge 118.0.2088.61,1280x720,842x606,Accepted,,0,familiarity ratings,30,Not on phone,Accepted,,,survey_list,40,trial,Screen 1,9lhd9n,1,response,yes,2397.999999999971,4512.906999999977,4519.804999998509,2397.999999999971,4512.906999999977,4519.804999998509,1,2397.999999999971,2121.804999998538,0,,Rating Scale,Use,7,object-12,trial,sing,synge,Synge.mp4,Sing 1.jpg,40,,199
202,1699364426616,07/11/2023 13:40:26,1699368026616,1,07/11/2023 15:40:26,142915,21,task-qcg3,,32770837,poeinvlv,9696122,,complete,,,computer,Desktop or Laptop,Windows 10,Edge 118.0.2088.61,1280x720,842x606,Accepted,,0,familiarity ratings,30,Not on phone,Accepted,,,survey_list,40,trial,Screen 1,9lhd9n,1,response,7,3680.2450000000244,4512.906999999977,4521.504999997764,3680.2450000000244,4512.906999999977,4521.504999997764,1,3680.2450000000244,841.2599999977392,0,,Rating Scale,Similarity,9,object-14,trial,sing,synge,Synge.mp4,Sing 1.jpg,40,,200
203,1699364426717,07/11/2023 13:40:26,1699368026717,1,07/11/2023 15:40:26,142915,21,task-qcg3,,32770837,poeinvlv,9696122,,complete,,,computer,Desktop or Laptop,Windows 10,Edge 118.0.2088.61,1280x720,842x606,Accepted,,0,familiarity ratings,30,Not on phone,Accepted,,,survey_list,41,trial,Screen 1,9lhd9n,1,info,Video start,109.0909999985313,99.95200000004843,109.0909999985313,109.0909999985313,99.95200000004843,109.0909999985313,1,109.0909999985313,0,0,,Video,Video,2,object-8,trial,take,ta,Ta.mp4,Take 1.jpg,41,,201
204,1699364431493,07/11/2023 13:40:31,1699368031493,1,07/11/2023 15:40:31,142915,21,task-qcg3,,32770837,poeinvlv,9696122,,complete,,,computer,Desktop or Laptop,Windows 10,Edge 118.0.2088.61,1280x720,842x606,Accepted,,0,familiarity ratings,30,Not on phone,Accepted,,,survey_list,41,trial,Screen 1,9lhd9n,1,continue,,4885.397999998531,4879.338000000047,4885.397999998531,4885.397999998531,4879.338000000047,4885.397999998531,1,4885.397999998531,0,0,,Click To Continue,Continue Button,10,object-24,trial,take,ta,Ta.mp4,Take 1.jpg,41,,202
205,1699364431500,07/11/2023 13:40:31,1699368031500,1,07/11/2023 15:40:31,142915,21,task-qcg3,,32770837,poeinvlv,9696122,,complete,,,computer,Desktop or Laptop,Windows 10,Edge 118.0.2088.61,1280x720,842x606,Accepted,,0,familiarity ratings,30,Not on phone,Accepted,,,survey_list,41,trial,Screen 1,9lhd9n,1,response,1,2114.926000000036,4879.338000000047,4892.397999998531,2114.926000000036,4879.338000000047,4892.397999998531,1,2114.926000000036,2777.4719999984954,0,,Rating Scale,Familiarity,5,object-10,trial,take,ta,Ta.mp4,Take 1.jpg,41,,203
206,1699364431501,07/11/2023 13:40:31,1699368031501,1,07/11/2023 15:40:31,142915,21,task-qcg3,,32770837,poeinvlv,9696122,,complete,,,computer,Desktop or Laptop,Windows 10,Edge 118.0.2088.61,1280x720,842x606,Accepted,,0,familiarity ratings,30,Not on phone,Accepted,,,survey_list,41,trial,Screen 1,9lhd9n,1,response,yes,2930.9560000000056,4879.338000000047,4893.498000000021,2930.9560000000056,4879.338000000047,4893.498000000021,1,2930.9560000000056,1962.5420000000158,0,,Rating Scale,Use,7,object-12,trial,take,ta,Ta.mp4,Take 1.jpg,41,,204
207,1699364431502,07/11/2023 13:40:31,1699368031502,1,07/11/2023 15:40:31,142915,21,task-qcg3,,32770837,poeinvlv,9696122,,complete,,,computer,Desktop or Laptop,Windows 10,Edge 118.0.2088.61,1280x720,842x606,Accepted,,0,familiarity ratings,30,Not on phone,Accepted,,,survey_list,41,trial,Screen 1,9lhd9n,1,response,1,4479.60500000004,4879.338000000047,4894.197999999276,4479.60500000004,4879.338000000047,4894.197999999276,1,4479.60500000004,414.5929999992368,0,,Rating Scale,Similarity,9,object-14,trial,take,ta,Ta.mp4,Take 1.jpg,41,,205
208,1699364431597,07/11/2023 13:40:31,1699368031597,1,07/11/2023 15:40:31,142915,21,task-qcg3,,32770837,poeinvlv,9696122,,complete,,,computer,Desktop or Laptop,Windows 10,Edge 118.0.2088.61,1280x720,842x606,Accepted,,0,familiarity ratings,30,Not on phone,Accepted,,,survey_list,42,trial,Screen 1,9lhd9n,1,info,Video start,109.23599999848427,100.03699999995297,109.23599999848427,109.23599999848427,100.03699999995297,109.23599999848427,1,109.23599999848427,0,0,,Video,Video,2,object-8,trial,telephone,telefon,Telefon.mp4,Telephone 1.jpg,42,,206
209,1699364435884,07/11/2023 13:40:35,1699368035884,1,07/11/2023 15:40:35,142915,21,task-qcg3,,32770837,poeinvlv,9696122,,complete,,,computer,Desktop or Laptop,Windows 10,Edge 118.0.2088.61,1280x720,842x606,Accepted,,0,familiarity ratings,30,Not on phone,Accepted,,,survey_list,42,trial,Screen 1,9lhd9n,1,continue,,4396.293000000005,4379.722999999998,4396.293000000005,4396.293000000005,4379.722999999998,4396.293000000005,1,4396.293000000005,0,0,,Click To Continue,Continue Button,10,object-24,trial,telephone,telefon,Telefon.mp4,Telephone 1.jpg,42,,207
210,1699364435885,07/11/2023 13:40:35,1699368035885,1,07/11/2023 15:40:35,142915,21,task-qcg3,,32770837,poeinvlv,9696122,,complete,,,computer,Desktop or Laptop,Windows 10,Edge 118.0.2088.61,1280x720,842x606,Accepted,,0,familiarity ratings,30,Not on phone,Accepted,,,survey_list,42,trial,Screen 1,9lhd9n,1,response,7,1781.9349999999977,4379.722999999998,4396.293000000005,1781.9349999999977,4379.722999999998,4396.293000000005,1,1781.9349999999977,2614.3580000000075,0,,Rating Scale,Familiarity,5,object-10,trial,telephone,telefon,Telefon.mp4,Telephone 1.jpg,42,,208
211,1699364435885,07/11/2023 13:40:35,1699368035885,1,07/11/2023 15:40:35,142915,21,task-qcg3,,32770837,poeinvlv,9696122,,complete,,,computer,Desktop or Laptop,Windows 10,Edge 118.0.2088.61,1280x720,842x606,Accepted,,0,familiarity ratings,30,Not on phone,Accepted,,,survey_list,42,trial,Screen 1,9lhd9n,1,response,yes,2298.157999999996,4379.722999999998,4396.293000000005,2298.157999999996,4379.722999999998,4396.293000000005,1,2298.157999999996,2098.1350000000093,0,,Rating Scale,Use,7,object-12,trial,telephone,telefon,Telefon.mp4,Telephone 1.jpg,42,,209
212,1699364435886,07/11/2023 13:40:35,1699368035886,1,07/11/2023 15:40:35,142915,21,task-qcg3,,32770837,poeinvlv,9696122,,complete,,,computer,Desktop or Laptop,Windows 10,Edge 118.0.2088.61,1280x720,842x606,Accepted,,0,familiarity ratings,30,Not on phone,Accepted,,,survey_list,42,trial,Screen 1,9lhd9n,1,response,7,3663.722999999998,4379.722999999998,4396.293000000005,3663.722999999998,4379.722999999998,4396.293000000005,1,3663.722999999998,732.570000000007,0,,Rating Scale,Similarity,9,object-14,trial,telephone,telefon,Telefon.mp4,Telephone 1.jpg,42,,210
213,1699364435977,07/11/2023 13:40:35,1699368035977,1,07/11/2023 15:40:35,142915,21,task-qcg3,,32770837,poeinvlv,9696122,,complete,,,computer,Desktop or Laptop,Windows 10,Edge 118.0.2088.61,1280x720,842x606,Accepted,,0,familiarity ratings,30,Not on phone,Accepted,,,survey_list,43,trial,Screen 1,9lhd9n,1,info,Video start,109.75799999923119,100.02599999995437,109.75799999923119,109.75799999923119,100.02599999995437,109.75799999923119,1,109.75799999923119,0,0,,Video,Video,2,object-8,trial,think,tror,Tror.mp4,Think 1.jpg,43,,211
214,1699364440699,07/11/2023 13:40:40,1699368040699,1,07/11/2023 15:40:40,142915,21,task-qcg3,,32770837,poeinvlv,9696122,,complete,,,computer,Desktop or Laptop,Windows 10,Edge 118.0.2088.61,1280x720,842x606,Accepted,,0,familiarity ratings,30,Not on phone,Accepted,,,survey_list,43,trial,Screen 1,9lhd9n,1,continue,,4831.936999999976,4829.44299999997,4831.936999999976,4831.936999999976,4829.44299999997,4831.936999999976,1,4831.936999999976,0,0,,Click To Continue,Continue Button,10,object-24,trial,think,tror,Tror.mp4,Think 1.jpg,43,,212
215,1699364440701,07/11/2023 13:40:40,1699368040701,1,07/11/2023 15:40:40,142915,21,task-qcg3,,32770837,poeinvlv,9696122,,complete,,,computer,Desktop or Laptop,Windows 10,Edge 118.0.2088.61,1280x720,842x606,Accepted,,0,familiarity ratings,30,Not on phone,Accepted,,,survey_list,43,trial,Screen 1,9lhd9n,1,response,1,2115.0509999999776,4829.44299999997,4833.936999999976,2115.0509999999776,4829.44299999997,4833.936999999976,1,2115.0509999999776,2718.8859999999986,0,,Rating Scale,Familiarity,5,object-10,trial,think,tror,Tror.mp4,Think 1.jpg,43,,213
216,1699364440702,07/11/2023 13:40:40,1699368040702,1,07/11/2023 15:40:40,142915,21,task-qcg3,,32770837,poeinvlv,9696122,,complete,,,computer,Desktop or Laptop,Windows 10,Edge 118.0.2088.61,1280x720,842x606,Accepted,,0,familiarity ratings,30,Not on phone,Accepted,,,survey_list,43,trial,Screen 1,9lhd9n,1,response,yes,3230.752999999968,4829.44299999997,4835.436999999976,3230.752999999968,4829.44299999997,4835.436999999976,1,3230.752999999968,1604.6840000000084,0,,Rating Scale,Use,7,object-12,trial,think,tror,Tror.mp4,Think 1.jpg,43,,214
217,1699364440704,07/11/2023 13:40:40,1699368040704,1,07/11/2023 15:40:40,142915,21,task-qcg3,,32770837,poeinvlv,9696122,,complete,,,computer,Desktop or Laptop,Windows 10,Edge 118.0.2088.61,1280x720,842x606,Accepted,,0,familiarity ratings,30,Not on phone,Accepted,,,survey_list,43,trial,Screen 1,9lhd9n,1,response,1,4412.979999999981,4829.44299999997,4837.036999997741,4412.979999999981,4829.44299999997,4837.036999997741,1,4412.979999999981,424.0569999977597,0,,Rating Scale,Similarity,9,object-14,trial,think,tror,Tror.mp4,Think 1.jpg,43,,215
218,1699364440805,07/11/2023 13:40:40,1699368040805,1,07/11/2023 15:40:40,142915,21,task-qcg3,,32770837,poeinvlv,9696122,,complete,,,computer,Desktop or Laptop,Windows 10,Edge 118.0.2088.61,1280x720,842x606,Accepted,,0,familiarity ratings,30,Not on phone,Accepted,,,survey_list,44,trial,Screen 1,9lhd9n,1,info,Video start,108.73499999926099,99.77899999998044,108.73499999926099,108.73499999926099,99.77899999998044,108.73499999926099,1,108.73499999926099,0,0,,Video,Video,2,object-8,trial,choose,velge,Velge.mp4,Choose 1.jpg,44,,216
219,1699364445256,07/11/2023 13:40:45,1699368045256,1,07/11/2023 15:40:45,142915,21,task-qcg3,,32770837,poeinvlv,9696122,,complete,,,computer,Desktop or Laptop,Windows 10,Edge 118.0.2088.61,1280x720,842x606,Accepted,,0,familiarity ratings,30,Not on phone,Accepted,,,survey_list,44,trial,Screen 1,9lhd9n,1,continue,,4559.893999998516,4546.255000000005,4559.893999998516,4559.893999998516,4546.255000000005,4559.893999998516,1,4559.893999998516,0,0,,Click To Continue,Continue Button,10,object-24,trial,choose,velge,Velge.mp4,Choose 1.jpg,44,,217
220,1699364445264,07/11/2023 13:40:45,1699368045264,1,07/11/2023 15:40:45,142915,21,task-qcg3,,32770837,poeinvlv,9696122,,complete,,,computer,Desktop or Laptop,Windows 10,Edge 118.0.2088.61,1280x720,842x606,Accepted,,0,familiarity ratings,30,Not on phone,Accepted,,,survey_list,44,trial,Screen 1,9lhd9n,1,response,7,2531.3099999999977,4546.255000000005,4562.891999999993,2531.3099999999977,4546.255000000005,4562.891999999993,1,2531.3099999999977,2031.5819999999949,0,,Rating Scale,Familiarity,5,object-10,trial,choose,velge,Velge.mp4,Choose 1.jpg,44,,218
221,1699364445265,07/11/2023 13:40:45,1699368045265,1,07/11/2023 15:40:45,142915,21,task-qcg3,,32770837,poeinvlv,9696122,,complete,,,computer,Desktop or Laptop,Windows 10,Edge 118.0.2088.61,1280x720,842x606,Accepted,,0,familiarity ratings,30,Not on phone,Accepted,,,survey_list,44,trial,Screen 1,9lhd9n,1,response,yes,3097.4309999999823,4546.255000000005,4562.891999999993,3097.4309999999823,4546.255000000005,4562.891999999993,1,3097.4309999999823,1465.4610000000102,0,,Rating Scale,Use,7,object-12,trial,choose,velge,Velge.mp4,Choose 1.jpg,44,,219
222,1699364445266,07/11/2023 13:40:45,1699368045266,1,07/11/2023 15:40:45,142915,21,task-qcg3,,32770837,poeinvlv,9696122,,complete,,,computer,Desktop or Laptop,Windows 10,Edge 118.0.2088.61,1280x720,842x606,Accepted,,0,familiarity ratings,30,Not on phone,Accepted,,,survey_list,44,trial,Screen 1,9lhd9n,1,response,7,3830.1600000000326,4546.255000000005,4562.891999999993,3830.1600000000326,4546.255000000005,4562.891999999993,1,3830.1600000000326,732.73199999996,0,,Rating Scale,Similarity,9,object-14,trial,choose,velge,Velge.mp4,Choose 1.jpg,44,,220
223,1699364445352,07/11/2023 13:40:45,1699368045352,1,07/11/2023 15:40:45,142915,21,task-qcg3,,32770837,poeinvlv,9696122,,complete,,,computer,Desktop or Laptop,Windows 10,Edge 118.0.2088.61,1280x720,842x606,Accepted,,0,familiarity ratings,30,Not on phone,Accepted,,,survey_list,45,trial,Screen 1,9lhd9n,1,info,Video start,109.22199999702117,99.99599999998463,109.22199999702117,109.22199999702117,99.99599999998463,109.22199999702117,1,109.22199999702117,0,0,,Video,Video,2,object-8,trial,wait,vente,Vente.mp4,Wait 1.jpg,45,,221
224,1699364449945,07/11/2023 13:40:49,1699368049945,1,07/11/2023 15:40:49,142915,21,task-qcg3,,32770837,poeinvlv,9696122,,complete,,,computer,Desktop or Laptop,Windows 10,Edge 118.0.2088.61,1280x720,842x606,Accepted,,0,familiarity ratings,30,Not on phone,Accepted,,,survey_list,45,trial,Screen 1,9lhd9n,1,continue,,4701.438999999256,4696.139000000025,4701.438999999256,4701.438999999256,4696.139000000025,4701.438999999256,1,4701.438999999256,0,0,,Click To Continue,Continue Button,10,object-24,trial,wait,vente,Vente.mp4,Wait 1.jpg,45,,222
225,1699364449947,07/11/2023 13:40:49,1699368049947,1,07/11/2023 15:40:49,142915,21,task-qcg3,,32770837,poeinvlv,9696122,,complete,,,computer,Desktop or Laptop,Windows 10,Edge 118.0.2088.61,1280x720,842x606,Accepted,,0,familiarity ratings,30,Not on phone,Accepted,,,survey_list,45,trial,Screen 1,9lhd9n,1,response,7,2381.4099999999744,4696.139000000025,4704.138999998511,2381.4099999999744,4696.139000000025,4704.138999998511,1,2381.4099999999744,2322.728999998537,0,,Rating Scale,Familiarity,5,object-10,trial,wait,vente,Vente.mp4,Wait 1.jpg,45,,223
226,1699364449949,07/11/2023 13:40:49,1699368049949,1,07/11/2023 15:40:49,142915,21,task-qcg3,,32770837,poeinvlv,9696122,,complete,,,computer,Desktop or Laptop,Windows 10,Edge 118.0.2088.61,1280x720,842x606,Accepted,,0,familiarity ratings,30,Not on phone,Accepted,,,survey_list,45,trial,Screen 1,9lhd9n,1,response,yes,2930.923999999999,4696.139000000025,4706.239000000001,2930.923999999999,4696.139000000025,4706.239000000001,1,2930.923999999999,1775.3150000000023,0,,Rating Scale,Use,7,object-12,trial,wait,vente,Vente.mp4,Wait 1.jpg,45,,224
227,1699364449951,07/11/2023 13:40:49,1699368049951,1,07/11/2023 15:40:49,142915,21,task-qcg3,,32770837,poeinvlv,9696122,,complete,,,computer,Desktop or Laptop,Windows 10,Edge 118.0.2088.61,1280x720,842x606,Accepted,,0,familiarity ratings,30,Not on phone,Accepted,,,survey_list,45,trial,Screen 1,9lhd9n,1,response,7,3813.570000000007,4696.139000000025,4707.838999997766,3813.570000000007,4696.139000000025,4707.838999997766,1,3813.570000000007,894.2689999977592,0,,Rating Scale,Similarity,9,object-14,trial,wait,vente,Vente.mp4,Wait 1.jpg,45,,225
228,1699364450049,07/11/2023 13:40:50,1699368050049,1,07/11/2023 15:40:50,142915,21,task-qcg3,,32770837,poeinvlv,9696122,,complete,,,computer,Desktop or Laptop,Windows 10,Edge 118.0.2088.61,1280x720,842x606,Accepted,,0,familiarity ratings,30,Not on phone,Accepted,,,survey_list,46,trial,Screen 1,9lhd9n,1,info,Video start,110.45699999923166,99.95299999997951,110.45699999923166,110.45699999923166,99.95299999997951,110.45699999923166,1,110.45699999923166,0,0,,Video,Video,2,object-8,trial,win,vinne,Vinne.mp4,Win 1.jpg,46,,226
229,1699364454671,07/11/2023 13:40:54,1699368054671,1,07/11/2023 15:40:54,142915,21,task-qcg3,,32770837,poeinvlv,9696122,,complete,,,computer,Desktop or Laptop,Windows 10,Edge 118.0.2088.61,1280x720,842x606,Accepted,,0,familiarity ratings,30,Not on phone,Accepted,,,survey_list,46,trial,Screen 1,9lhd9n,1,continue,,4732.099999999977,4729.3369999999995,4732.099999999977,4732.099999999977,4729.3369999999995,4732.099999999977,1,4732.099999999977,0,0,,Click To Continue,Continue Button,10,object-24,trial,win,vinne,Vinne.mp4,Win 1.jpg,46,,227
230,1699364454672,07/11/2023 13:40:54,1699368054672,1,07/11/2023 15:40:54,142915,21,task-qcg3,,32770837,poeinvlv,9696122,,complete,,,computer,Desktop or Laptop,Windows 10,Edge 118.0.2088.61,1280x720,842x606,Accepted,,0,familiarity ratings,30,Not on phone,Accepted,,,survey_list,46,trial,Screen 1,9lhd9n,1,response,1,2714.283999999985,4729.3369999999995,4733.1999999977415,2714.283999999985,4729.3369999999995,4733.1999999977415,1,2714.283999999985,2018.9159999977564,0,,Rating Scale,Familiarity,5,object-10,trial,win,vinne,Vinne.mp4,Win 1.jpg,46,,228
231,1699364454673,07/11/2023 13:40:54,1699368054673,1,07/11/2023 15:40:54,142915,21,task-qcg3,,32770837,poeinvlv,9696122,,complete,,,computer,Desktop or Laptop,Windows 10,Edge 118.0.2088.61,1280x720,842x606,Accepted,,0,familiarity ratings,30,Not on phone,Accepted,,,survey_list,46,trial,Screen 1,9lhd9n,1,response,no,3480.398999999976,4729.3369999999995,4733.999999998487,3480.398999999976,4729.3369999999995,4733.999999998487,1,3480.398999999976,1253.6009999985108,0,,Rating Scale,Use,7,object-12,trial,win,vinne,Vinne.mp4,Win 1.jpg,46,,229
232,1699364454673,07/11/2023 13:40:54,1699368054673,1,07/11/2023 15:40:54,142915,21,task-qcg3,,32770837,poeinvlv,9696122,,complete,,,computer,Desktop or Laptop,Windows 10,Edge 118.0.2088.61,1280x720,842x606,Accepted,,0,familiarity ratings,30,Not on phone,Accepted,,,survey_list,46,trial,Screen 1,9lhd9n,1,response,1,4296.310999999987,4729.3369999999995,4734.799999999232,4296.310999999987,4729.3369999999995,4734.799999999232,1,4296.310999999987,438.4889999992447,0,,Rating Scale,Similarity,9,object-14,trial,win,vinne,Vinne.mp4,Win 1.jpg,46,,230
233,1699364454779,07/11/2023 13:40:54,1699368054779,1,07/11/2023 15:40:54,142915,21,task-qcg3,,32770837,poeinvlv,9696122,,complete,,,computer,Desktop or Laptop,Windows 10,Edge 118.0.2088.61,1280x720,842x606,Accepted,,0,familiarity ratings,30,Not on phone,Accepted,,,survey_list,47,trial,Screen 1,9lhd9n,1,info,Video start,109.718999997742,99.85999999998603,109.718999997742,109.718999997742,99.85999999998603,109.718999997742,1,109.718999997742,0,0,,Video,Video,2,object-8,trial,show,vise,Vise.mp4,Show 1.jpg,47,,231
234,1699364458349,07/11/2023 13:40:58,1699368058349,1,07/11/2023 15:40:58,142915,21,task-qcg3,,32770837,poeinvlv,9696122,,complete,,,computer,Desktop or Laptop,Windows 10,Edge 118.0.2088.61,1280x720,842x606,Accepted,,0,familiarity ratings,30,Not on phone,Accepted,,,survey_list,47,trial,Screen 1,9lhd9n,1,continue,,3680.5009999999893,3663.783999999985,3680.5009999999893,3680.5009999999893,3663.783999999985,3680.5009999999893,1,3680.5009999999893,0,0,,Click To Continue,Continue Button,10,object-24,trial,show,vise,Vise.mp4,Show 1.jpg,47,,232
235,1699364458357,07/11/2023 13:40:58,1699368058357,1,07/11/2023 15:40:58,142915,21,task-qcg3,,32770837,poeinvlv,9696122,,complete,,,computer,Desktop or Laptop,Windows 10,Edge 118.0.2088.61,1280x720,842x606,Accepted,,0,familiarity ratings,30,Not on phone,Accepted,,,survey_list,47,trial,Screen 1,9lhd9n,1,response,1,1748.4799999999814,3663.783999999985,3680.5009999999893,1748.4799999999814,3663.783999999985,3680.5009999999893,1,1748.4799999999814,1932.021000000008,0,,Rating Scale,Familiarity,5,object-10,trial,show,vise,Vise.mp4,Show 1.jpg,47,,233
236,1699364458358,07/11/2023 13:40:58,1699368058358,1,07/11/2023 15:40:58,142915,21,task-qcg3,,32770837,poeinvlv,9696122,,complete,,,computer,Desktop or Laptop,Windows 10,Edge 118.0.2088.61,1280x720,842x606,Accepted,,0,familiarity ratings,30,Not on phone,Accepted,,,survey_list,47,trial,Screen 1,9lhd9n,1,response,no,2364.887999999977,3663.783999999985,3680.5009999999893,2364.887999999977,3663.783999999985,3680.5009999999893,1,2364.887999999977,1315.613000000012,0,,Rating Scale,Use,7,object-12,trial,show,vise,Vise.mp4,Show 1.jpg,47,,234
237,1699364458359,07/11/2023 13:40:58,1699368058359,1,07/11/2023 15:40:58,142915,21,task-qcg3,,32770837,poeinvlv,9696122,,complete,,,computer,Desktop or Laptop,Windows 10,Edge 118.0.2088.61,1280x720,842x606,Accepted,,0,familiarity ratings,30,Not on phone,Accepted,,,survey_list,47,trial,Screen 1,9lhd9n,1,response,1,3280.6959999999963,3663.783999999985,3680.5009999999893,3280.6959999999963,3663.783999999985,3680.5009999999893,1,3280.6959999999963,399.804999999993,0,,Rating Scale,Similarity,9,object-14,trial,show,vise,Vise.mp4,Show 1.jpg,47,,235
238,1699364458443,07/11/2023 13:40:58,1699368058443,1,07/11/2023 15:40:58,142915,21,task-qcg3,,32770837,poeinvlv,9696122,,complete,,,computer,Desktop or Laptop,Windows 10,Edge 118.0.2088.61,1280x720,842x606,Accepted,,0,familiarity ratings,30,Not on phone,Accepted,,,survey_list,48,trial,Screen 1,9lhd9n,1,info,Video start,110.97999999701184,99.9309999999823,110.97999999701184,110.97999999701184,99.9309999999823,110.97999999701184,1,110.97999999701184,0,0,,Video,Video,2,object-8,trial,pain,vondt,Vondt.mp4,Pain 1.jpg,48,,236
239,1699364464248,07/11/2023 13:41:04,1699368064248,1,07/11/2023 15:41:04,142915,21,task-qcg3,,32770837,poeinvlv,9696122,,complete,,,computer,Desktop or Laptop,Windows 10,Edge 118.0.2088.61,1280x720,842x606,Accepted,,0,familiarity ratings,30,Not on phone,Accepted,,,survey_list,48,trial,Screen 1,9lhd9n,1,continue,,5916.378999998502,5911.684999999998,5916.378999998502,5916.378999998502,5911.684999999998,5916.378999998502,1,5916.378999998502,0,0,,Click To Continue,Continue Button,10,object-24,trial,pain,vondt,Vondt.mp4,Pain 1.jpg,48,,237
240,1699364464250,07/11/2023 13:41:04,1699368064250,1,07/11/2023 15:41:04,142915,21,task-qcg3,,32770837,poeinvlv,9696122,,complete,,,computer,Desktop or Laptop,Windows 10,Edge 118.0.2088.61,1280x720,842x606,Accepted,,0,familiarity ratings,30,Not on phone,Accepted,,,survey_list,48,trial,Screen 1,9lhd9n,1,response,1,3047.4839999999967,5911.684999999998,5917.678999999247,3047.4839999999967,5911.684999999998,5917.678999999247,1,3047.4839999999967,2870.1949999992503,0,,Rating Scale,Familiarity,5,object-10,trial,pain,vondt,Vondt.mp4,Pain 1.jpg,48,,238
241,1699364464251,07/11/2023 13:41:04,1699368064251,1,07/11/2023 15:41:04,142915,21,task-qcg3,,32770837,poeinvlv,9696122,,complete,,,computer,Desktop or Laptop,Windows 10,Edge 118.0.2088.61,1280x720,842x606,Accepted,,0,familiarity ratings,30,Not on phone,Accepted,,,survey_list,48,trial,Screen 1,9lhd9n,1,response,yes,3996.6180000000168,5911.684999999998,5918.678999999247,3996.6180000000168,5911.684999999998,5918.678999999247,1,3996.6180000000168,1922.0609999992303,0,,Rating Scale,Use,7,object-12,trial,pain,vondt,Vondt.mp4,Pain 1.jpg,48,,239
242,1699364464251,07/11/2023 13:41:04,1699368064251,1,07/11/2023 15:41:04,142915,21,task-qcg3,,32770837,poeinvlv,9696122,,complete,,,computer,Desktop or Laptop,Windows 10,Edge 118.0.2088.61,1280x720,842x606,Accepted,,0,familiarity ratings,30,Not on phone,Accepted,,,survey_list,48,trial,Screen 1,9lhd9n,1,response,1,5545.406000000017,5911.684999999998,5919.678999999247,5545.406000000017,5911.684999999998,5919.678999999247,1,5545.406000000017,374.2729999992298,0,,Rating Scale,Similarity,9,object-14,trial,pain,vondt,Vondt.mp4,Pain 1.jpg,48,,240
243,1699364465444,07/11/2023 13:41:05,1699368065444,1,07/11/2023 15:41:05,142915,21,task-qcg3,,32770837,poeinvlv,9696122,,complete,,,computer,Desktop or Laptop,Windows 10,Edge 118.0.2088.61,1280x720,842x606,Accepted,,0,familiarity ratings,30,Not on phone,Accepted,,,survey_list,1,End,Screen 1,nvwgyp,1,continue,,1200.5939999970142,1198.9159999999683,1200.5939999970142,1200.5939999970142,1198.9159999999683,1200.5939999970142,1,1200.5939999970142,0,0,,Click To Continue,Continue Button,2,object-18,End,,,,,,,240
244,1699364465447,07/11/2023 13:41:05,1699368065447,1,07/11/2023 15:41:05,142915,21,task-qcg3,,32770837,poeinvlv,9696122,,complete,,,computer,Desktop or Laptop,Windows 10,Edge 118.0.2088.61,1280x720,842x606,Accepted,,0,familiarity ratings,30,Not on phone,Accepted,,,survey_list,,,,,,5,END,,,,,,,0,,,,,,,,,,,,,,,,
END OF FILE
