Event Index,UTC Timestamp,UTC Date and Time,Local Timestamp,Local Timezone,Local Date and Time,Experiment ID,Experiment Version,Tree Node Key,Repeat Key,Schedule ID,Participant Public ID,Participant Private ID,Participant Starting Group,Participant Status,Participant Completion Code,Participant External Session ID,Participant Device Type,Participant Device,Participant OS,Participant Browser,Participant Monitor Size,Participant Viewport Size,Checkpoint,Room ID,Room Order,Task Name,Task Version,randomiser-j45v,branch-cyxv,checkpoint-t1lc,checkpoint-isbn,Spreadsheet,Trial Number,Display,Screen,Screen ID,Screen Counter,Response Type,Response,Onset Time,Clock Time,Reaction Time,Absolute Onset Time,Absolute Clock Time,Absolute Reaction Time,Correct,Response Onset,Response Duration,Proportion,Tag,Component Name,Object Name,Object Number,Object ID,Spreadsheet: display,Spreadsheet: item,Spreadsheet: rsl_id_gloss,Spreadsheet: video_name,Spreadsheet: picture_name,Manipulation: Spreadsheet,Store: progress
1,1696234327773,02/10/2023 08:12:07,1696245127773,3,02/10/2023 14:12:07,142916,11,task-1v1w,,31972835,wv990nwk,9454658,,complete,,,computer,Desktop or Laptop,Mac OS 10.15.7,Safari 16.3,1440x900,1440x820,Accepted,,0,familiarity ratings,17,rsl_list1,Not on phone,,Accepted,survey_list,,,,,,5,BEGIN,,,,,,,0,,,,,,,,,,,,,,,
2,1696234856346,02/10/2023 08:20:56,1696245656346,3,02/10/2023 14:20:56,142916,11,task-1v1w,,31972835,wv990nwk,9454658,,complete,,,computer,Desktop or Laptop,Mac OS 10.15.7,Safari 16.3,1440x900,1440x820,Accepted,,0,familiarity ratings,17,rsl_list1,Not on phone,,Accepted,survey_list,1,Instructions,Screen 1,apt9h7,1,continue,,301487,301470,301487,301487,301470,301487,1,301487,0,0,,Click To Continue,Continue Button,2,object-4,Instructions,,,,,,
3,1696234856672,02/10/2023 08:20:56,1696245656672,3,02/10/2023 14:20:56,142916,11,task-1v1w,,31972835,wv990nwk,9454658,,complete,,,computer,Desktop or Laptop,Mac OS 10.15.7,Safari 16.3,1440x900,1440x820,Accepted,,0,familiarity ratings,17,rsl_list1,Not on phone,,Accepted,survey_list,1,trial,Screen 1,9lhd9n,1,info,Video start,321.61387501237914,319,321.61387501237914,321.61387501237914,319,321.61387501237914,1,321.61387501237914,0,0,,Video,Video,2,object-8,trial,cabbage,капуста,1.mp4,Cabbage 2.jpg,,1
4,1696234879643,02/10/2023 08:21:19,1696245679643,3,02/10/2023 14:21:19,142916,11,task-1v1w,,31972835,wv990nwk,9454658,,complete,,,computer,Desktop or Laptop,Mac OS 10.15.7,Safari 16.3,1440x900,1440x820,Accepted,,0,familiarity ratings,17,rsl_list1,Not on phone,,Accepted,survey_list,1,trial,Screen 1,9lhd9n,1,continue,,23343,23334,23343,23343,23334,23343,1,23343,0,0,,Click To Continue,Continue Button,10,object-24,trial,cabbage,капуста,1.mp4,Cabbage 2.jpg,,2
5,1696234879649,02/10/2023 08:21:19,1696245679649,3,02/10/2023 14:21:19,142916,11,task-1v1w,,31972835,wv990nwk,9454658,,complete,,,computer,Desktop or Laptop,Mac OS 10.15.7,Safari 16.3,1440x900,1440x820,Accepted,,0,familiarity ratings,17,rsl_list1,Not on phone,,Accepted,survey_list,1,trial,Screen 1,9lhd9n,1,response,7,8317,23334,23350,8317,23334,23350,1,8317,15033,0,,Rating Scale,Familiarity,5,object-10,trial,cabbage,капуста,1.mp4,Cabbage 2.jpg,,3
6,1696234879650,02/10/2023 08:21:19,1696245679650,3,02/10/2023 14:21:19,142916,11,task-1v1w,,31972835,wv990nwk,9454658,,complete,,,computer,Desktop or Laptop,Mac OS 10.15.7,Safari 16.3,1440x900,1440x820,Accepted,,0,familiarity ratings,17,rsl_list1,Not on phone,,Accepted,survey_list,1,trial,Screen 1,9lhd9n,1,response,yes,14734,23334,23350,14734,23334,23350,1,14734,8616,0,,Rating Scale,Use,7,object-12,trial,cabbage,капуста,1.mp4,Cabbage 2.jpg,,4
7,1696234879651,02/10/2023 08:21:19,1696245679651,3,02/10/2023 14:21:19,142916,11,task-1v1w,,31972835,wv990nwk,9454658,,complete,,,computer,Desktop or Laptop,Mac OS 10.15.7,Safari 16.3,1440x900,1440x820,Accepted,,0,familiarity ratings,17,rsl_list1,Not on phone,,Accepted,survey_list,1,trial,Screen 1,9lhd9n,1,response,7,18051,23334,23350,18051,23334,23350,1,18051,5299,0,,Rating Scale,Similarity,9,object-14,trial,cabbage,капуста,1.mp4,Cabbage 2.jpg,,5
8,1696234879982,02/10/2023 08:21:19,1696245679982,3,02/10/2023 14:21:19,142916,11,task-1v1w,,31972835,wv990nwk,9454658,,complete,,,computer,Desktop or Laptop,Mac OS 10.15.7,Safari 16.3,1440x900,1440x820,Accepted,,0,familiarity ratings,17,rsl_list1,Not on phone,,Accepted,survey_list,2,trial,Screen 1,9lhd9n,1,info,Video start,274.81258333078586,265,274.81258333078586,274.81258333078586,265,274.81258333078586,1,274.81258333078586,0,0,,Video,Video,2,object-8,trial,engagement,помолвка,2.mp4,Engagement 2.jpg,,6
9,1696234888285,02/10/2023 08:21:28,1696245688285,3,02/10/2023 14:21:28,142916,11,task-1v1w,,31972835,wv990nwk,9454658,,complete,,,computer,Desktop or Laptop,Mac OS 10.15.7,Safari 16.3,1440x900,1440x820,Accepted,,0,familiarity ratings,17,rsl_list1,Not on phone,,Accepted,survey_list,2,trial,Screen 1,9lhd9n,1,continue,,8662,8651,8662,8662,8651,8662,1,8662,0,0,,Click To Continue,Continue Button,10,object-24,trial,engagement,помолвка,2.mp4,Engagement 2.jpg,,7
10,1696234888286,02/10/2023 08:21:28,1696245688286,3,02/10/2023 14:21:28,142916,11,task-1v1w,,31972835,wv990nwk,9454658,,complete,,,computer,Desktop or Laptop,Mac OS 10.15.7,Safari 16.3,1440x900,1440x820,Accepted,,0,familiarity ratings,17,rsl_list1,Not on phone,,Accepted,survey_list,2,trial,Screen 1,9lhd9n,1,response,7,4917,8651,8665,4917,8651,8665,1,4917,3748,0,,Rating Scale,Familiarity,5,object-10,trial,engagement,помолвка,2.mp4,Engagement 2.jpg,,8
11,1696234888287,02/10/2023 08:21:28,1696245688287,3,02/10/2023 14:21:28,142916,11,task-1v1w,,31972835,wv990nwk,9454658,,complete,,,computer,Desktop or Laptop,Mac OS 10.15.7,Safari 16.3,1440x900,1440x820,Accepted,,0,familiarity ratings,17,rsl_list1,Not on phone,,Accepted,survey_list,2,trial,Screen 1,9lhd9n,1,response,yes,5885,8651,8665,5885,8651,8665,1,5885,2780,0,,Rating Scale,Use,7,object-12,trial,engagement,помолвка,2.mp4,Engagement 2.jpg,,9
12,1696234888288,02/10/2023 08:21:28,1696245688288,3,02/10/2023 14:21:28,142916,11,task-1v1w,,31972835,wv990nwk,9454658,,complete,,,computer,Desktop or Laptop,Mac OS 10.15.7,Safari 16.3,1440x900,1440x820,Accepted,,0,familiarity ratings,17,rsl_list1,Not on phone,,Accepted,survey_list,2,trial,Screen 1,9lhd9n,1,response,7,7784,8651,8666,7784,8651,8666,1,7784,882,0,,Rating Scale,Similarity,9,object-14,trial,engagement,помолвка,2.mp4,Engagement 2.jpg,,10
13,1696234888607,02/10/2023 08:21:28,1696245688607,3,02/10/2023 14:21:28,142916,11,task-1v1w,,31972835,wv990nwk,9454658,,complete,,,computer,Desktop or Laptop,Mac OS 10.15.7,Safari 16.3,1440x900,1440x820,Accepted,,0,familiarity ratings,17,rsl_list1,Not on phone,,Accepted,survey_list,3,trial,Screen 1,9lhd9n,1,info,Video start,243.71591668878682,236,243.71591668878682,243.71591668878682,236,243.71591668878682,1,243.71591668878682,0,0,,Video,Video,2,object-8,trial,color,цвет,3.mp4,Color 2.jpg,,11
14,1696234897507,02/10/2023 08:21:37,1696245697507,3,02/10/2023 14:21:37,142916,11,task-1v1w,,31972835,wv990nwk,9454658,,complete,,,computer,Desktop or Laptop,Mac OS 10.15.7,Safari 16.3,1440x900,1440x820,Accepted,,0,familiarity ratings,17,rsl_list1,Not on phone,,Accepted,survey_list,3,trial,Screen 1,9lhd9n,1,continue,,9227,9224,9227,9227,9224,9227,1,9227,0,0,,Click To Continue,Continue Button,10,object-24,trial,color,цвет,3.mp4,Color 2.jpg,,12
15,1696234897514,02/10/2023 08:21:37,1696245697514,3,02/10/2023 14:21:37,142916,11,task-1v1w,,31972835,wv990nwk,9454658,,complete,,,computer,Desktop or Laptop,Mac OS 10.15.7,Safari 16.3,1440x900,1440x820,Accepted,,0,familiarity ratings,17,rsl_list1,Not on phone,,Accepted,survey_list,3,trial,Screen 1,9lhd9n,1,response,7,5099,9224,9241,5099,9224,9241,1,5099,4142,0,,Rating Scale,Familiarity,5,object-10,trial,color,цвет,3.mp4,Color 2.jpg,,13
16,1696234897514,02/10/2023 08:21:37,1696245697514,3,02/10/2023 14:21:37,142916,11,task-1v1w,,31972835,wv990nwk,9454658,,complete,,,computer,Desktop or Laptop,Mac OS 10.15.7,Safari 16.3,1440x900,1440x820,Accepted,,0,familiarity ratings,17,rsl_list1,Not on phone,,Accepted,survey_list,3,trial,Screen 1,9lhd9n,1,response,yes,6483,9224,9242,6483,9224,9242,1,6483,2759,0,,Rating Scale,Use,7,object-12,trial,color,цвет,3.mp4,Color 2.jpg,,14
17,1696234897515,02/10/2023 08:21:37,1696245697515,3,02/10/2023 14:21:37,142916,11,task-1v1w,,31972835,wv990nwk,9454658,,complete,,,computer,Desktop or Laptop,Mac OS 10.15.7,Safari 16.3,1440x900,1440x820,Accepted,,0,familiarity ratings,17,rsl_list1,Not on phone,,Accepted,survey_list,3,trial,Screen 1,9lhd9n,1,response,1,7883,9224,9242,7883,9224,9242,1,7883,1359,0,,Rating Scale,Similarity,9,object-14,trial,color,цвет,3.mp4,Color 2.jpg,,15
18,1696234897843,02/10/2023 08:21:37,1696245697843,3,02/10/2023 14:21:37,142916,11,task-1v1w,,31972835,wv990nwk,9454658,,complete,,,computer,Desktop or Laptop,Mac OS 10.15.7,Safari 16.3,1440x900,1440x820,Accepted,,0,familiarity ratings,17,rsl_list1,Not on phone,,Accepted,survey_list,4,trial,Screen 1,9lhd9n,1,info,Video start,236.1614583156188,230,236.1614583156188,236.1614583156188,230,236.1614583156188,1,236.1614583156188,0,0,,Video,Video,2,object-8,trial,doll,кукла,4.mp4,Doll 2.jpg,,16
19,1696234905863,02/10/2023 08:21:45,1696245705863,3,02/10/2023 14:21:45,142916,11,task-1v1w,,31972835,wv990nwk,9454658,,complete,,,computer,Desktop or Laptop,Mac OS 10.15.7,Safari 16.3,1440x900,1440x820,Accepted,,0,familiarity ratings,17,rsl_list1,Not on phone,,Accepted,survey_list,4,trial,Screen 1,9lhd9n,1,continue,,8365,8359,8365,8365,8359,8365,1,8365,0,0,,Click To Continue,Continue Button,10,object-24,trial,doll,кукла,4.mp4,Doll 2.jpg,,17
20,1696234905865,02/10/2023 08:21:45,1696245705865,3,02/10/2023 14:21:45,142916,11,task-1v1w,,31972835,wv990nwk,9454658,,complete,,,computer,Desktop or Laptop,Mac OS 10.15.7,Safari 16.3,1440x900,1440x820,Accepted,,0,familiarity ratings,17,rsl_list1,Not on phone,,Accepted,survey_list,4,trial,Screen 1,9lhd9n,1,response,7,4359,8359,8368,4359,8359,8368,1,4359,4009,0,,Rating Scale,Familiarity,5,object-10,trial,doll,кукла,4.mp4,Doll 2.jpg,,18
21,1696234905866,02/10/2023 08:21:45,1696245705866,3,02/10/2023 14:21:45,142916,11,task-1v1w,,31972835,wv990nwk,9454658,,complete,,,computer,Desktop or Laptop,Mac OS 10.15.7,Safari 16.3,1440x900,1440x820,Accepted,,0,familiarity ratings,17,rsl_list1,Not on phone,,Accepted,survey_list,4,trial,Screen 1,9lhd9n,1,response,yes,5459,8359,8369,5459,8359,8369,1,5459,2910,0,,Rating Scale,Use,7,object-12,trial,doll,кукла,4.mp4,Doll 2.jpg,,19
22,1696234905867,02/10/2023 08:21:45,1696245705867,3,02/10/2023 14:21:45,142916,11,task-1v1w,,31972835,wv990nwk,9454658,,complete,,,computer,Desktop or Laptop,Mac OS 10.15.7,Safari 16.3,1440x900,1440x820,Accepted,,0,familiarity ratings,17,rsl_list1,Not on phone,,Accepted,survey_list,4,trial,Screen 1,9lhd9n,1,response,7,7709,8359,8370.000000000058,7709,8359,8370.000000000058,1,7709,661.0000000000582,0,,Rating Scale,Similarity,9,object-14,trial,doll,кукла,4.mp4,Doll 2.jpg,,20
23,1696234906184,02/10/2023 08:21:46,1696245706184,3,02/10/2023 14:21:46,142916,11,task-1v1w,,31972835,wv990nwk,9454658,,complete,,,computer,Desktop or Laptop,Mac OS 10.15.7,Safari 16.3,1440x900,1440x820,Accepted,,0,familiarity ratings,17,rsl_list1,Not on phone,,Accepted,survey_list,5,trial,Screen 1,9lhd9n,1,info,Video start,239.97870831820183,232,239.97870831820183,239.97870831820183,232,239.97870831820183,1,239.97870831820183,0,0,,Video,Video,2,object-8,trial,east,восток,5.mp4,East 2.jpg,,21
24,1696234913628,02/10/2023 08:21:53,1696245713628,3,02/10/2023 14:21:53,142916,11,task-1v1w,,31972835,wv990nwk,9454658,,complete,,,computer,Desktop or Laptop,Mac OS 10.15.7,Safari 16.3,1440x900,1440x820,Accepted,,0,familiarity ratings,17,rsl_list1,Not on phone,,Accepted,survey_list,5,trial,Screen 1,9lhd9n,1,continue,,7772,7767,7772,7772,7767,7772,1,7772,0,0,,Click To Continue,Continue Button,10,object-24,trial,east,восток,5.mp4,East 2.jpg,,22
25,1696234913636,02/10/2023 08:21:53,1696245713636,3,02/10/2023 14:21:53,142916,11,task-1v1w,,31972835,wv990nwk,9454658,,complete,,,computer,Desktop or Laptop,Mac OS 10.15.7,Safari 16.3,1440x900,1440x820,Accepted,,0,familiarity ratings,17,rsl_list1,Not on phone,,Accepted,survey_list,5,trial,Screen 1,9lhd9n,1,response,7,4034,7767,7780,4034,7767,7780,1,4034,3746,0,,Rating Scale,Familiarity,5,object-10,trial,east,восток,5.mp4,East 2.jpg,,23
26,1696234913637,02/10/2023 08:21:53,1696245713637,3,02/10/2023 14:21:53,142916,11,task-1v1w,,31972835,wv990nwk,9454658,,complete,,,computer,Desktop or Laptop,Mac OS 10.15.7,Safari 16.3,1440x900,1440x820,Accepted,,0,familiarity ratings,17,rsl_list1,Not on phone,,Accepted,survey_list,5,trial,Screen 1,9lhd9n,1,response,yes,5417,7767,7781,5417,7767,7781,1,5417,2364,0,,Rating Scale,Use,7,object-12,trial,east,восток,5.mp4,East 2.jpg,,24
27,1696234913637,02/10/2023 08:21:53,1696245713637,3,02/10/2023 14:21:53,142916,11,task-1v1w,,31972835,wv990nwk,9454658,,complete,,,computer,Desktop or Laptop,Mac OS 10.15.7,Safari 16.3,1440x900,1440x820,Accepted,,0,familiarity ratings,17,rsl_list1,Not on phone,,Accepted,survey_list,5,trial,Screen 1,9lhd9n,1,response,7,6984,7767,7782,6984,7767,7782,1,6984,798,0,,Rating Scale,Similarity,9,object-14,trial,east,восток,5.mp4,East 2.jpg,,25
28,1696234913963,02/10/2023 08:21:53,1696245713963,3,02/10/2023 14:21:53,142916,11,task-1v1w,,31972835,wv990nwk,9454658,,complete,,,computer,Desktop or Laptop,Mac OS 10.15.7,Safari 16.3,1440x900,1440x820,Accepted,,0,familiarity ratings,17,rsl_list1,Not on phone,,Accepted,survey_list,6,trial,Screen 1,9lhd9n,1,info,Video start,238.49041667190613,232,238.49041667190613,238.49041667190613,232,238.49041667190613,1,238.49041667190613,0,0,,Video,Video,2,object-8,trial,frog,лягушка,6.mp4,Frog 2.jpg,,26
29,1696234919912,02/10/2023 08:21:59,1696245719912,3,02/10/2023 14:21:59,142916,11,task-1v1w,,31972835,wv990nwk,9454658,,complete,,,computer,Desktop or Laptop,Mac OS 10.15.7,Safari 16.3,1440x900,1440x820,Accepted,,0,familiarity ratings,17,rsl_list1,Not on phone,,Accepted,survey_list,6,trial,Screen 1,9lhd9n,1,continue,,6290,6283,6290,6290,6283,6290,1,6290,0,0,,Click To Continue,Continue Button,10,object-24,trial,frog,лягушка,6.mp4,Frog 2.jpg,,27
30,1696234919913,02/10/2023 08:21:59,1696245719913,3,02/10/2023 14:21:59,142916,11,task-1v1w,,31972835,wv990nwk,9454658,,complete,,,computer,Desktop or Laptop,Mac OS 10.15.7,Safari 16.3,1440x900,1440x820,Accepted,,0,familiarity ratings,17,rsl_list1,Not on phone,,Accepted,survey_list,6,trial,Screen 1,9lhd9n,1,response,7,3735,6283,6291,3735,6283,6291,1,3735,2556,0,,Rating Scale,Familiarity,5,object-10,trial,frog,лягушка,6.mp4,Frog 2.jpg,,28
31,1696234919914,02/10/2023 08:21:59,1696245719914,3,02/10/2023 14:21:59,142916,11,task-1v1w,,31972835,wv990nwk,9454658,,complete,,,computer,Desktop or Laptop,Mac OS 10.15.7,Safari 16.3,1440x900,1440x820,Accepted,,0,familiarity ratings,17,rsl_list1,Not on phone,,Accepted,survey_list,6,trial,Screen 1,9lhd9n,1,response,yes,4434,6283,6292.000000000058,4434,6283,6292.000000000058,1,4434,1858.0000000000582,0,,Rating Scale,Use,7,object-12,trial,frog,лягушка,6.mp4,Frog 2.jpg,,29
32,1696234919914,02/10/2023 08:21:59,1696245719914,3,02/10/2023 14:21:59,142916,11,task-1v1w,,31972835,wv990nwk,9454658,,complete,,,computer,Desktop or Laptop,Mac OS 10.15.7,Safari 16.3,1440x900,1440x820,Accepted,,0,familiarity ratings,17,rsl_list1,Not on phone,,Accepted,survey_list,6,trial,Screen 1,9lhd9n,1,response,7,5451,6283,6292.000000000058,5451,6283,6292.000000000058,1,5451,841.0000000000582,0,,Rating Scale,Similarity,9,object-14,trial,frog,лягушка,6.mp4,Frog 2.jpg,,30
33,1696234920257,02/10/2023 08:22:00,1696245720257,3,02/10/2023 14:22:00,142916,11,task-1v1w,,31972835,wv990nwk,9454658,,complete,,,computer,Desktop or Laptop,Mac OS 10.15.7,Safari 16.3,1440x900,1440x820,Accepted,,0,familiarity ratings,17,rsl_list1,Not on phone,,Accepted,survey_list,7,trial,Screen 1,9lhd9n,1,info,Video start,279,279,279,279,279,279,1,279,0,0,,Video,Video,2,object-8,trial,gorilla,горилла,7.mp4,Gorilla 2.jpg,,31
34,1696234928354,02/10/2023 08:22:08,1696245728354,3,02/10/2023 14:22:08,142916,11,task-1v1w,,31972835,wv990nwk,9454658,,complete,,,computer,Desktop or Laptop,Mac OS 10.15.7,Safari 16.3,1440x900,1440x820,Accepted,,0,familiarity ratings,17,rsl_list1,Not on phone,,Accepted,survey_list,7,trial,Screen 1,9lhd9n,1,continue,,8448,8434,8448,8448,8434,8448,1,8448,0,0,,Click To Continue,Continue Button,10,object-24,trial,gorilla,горилла,7.mp4,Gorilla 2.jpg,,32
35,1696234928365,02/10/2023 08:22:08,1696245728365,3,02/10/2023 14:22:08,142916,11,task-1v1w,,31972835,wv990nwk,9454658,,complete,,,computer,Desktop or Laptop,Mac OS 10.15.7,Safari 16.3,1440x900,1440x820,Accepted,,0,familiarity ratings,17,rsl_list1,Not on phone,,Accepted,survey_list,7,trial,Screen 1,9lhd9n,1,response,7,4567,8434,8450,4567,8434,8450,1,4567,3883,0,,Rating Scale,Familiarity,5,object-10,trial,gorilla,горилла,7.mp4,Gorilla 2.jpg,,33
36,1696234928366,02/10/2023 08:22:08,1696245728366,3,02/10/2023 14:22:08,142916,11,task-1v1w,,31972835,wv990nwk,9454658,,complete,,,computer,Desktop or Laptop,Mac OS 10.15.7,Safari 16.3,1440x900,1440x820,Accepted,,0,familiarity ratings,17,rsl_list1,Not on phone,,Accepted,survey_list,7,trial,Screen 1,9lhd9n,1,response,yes,6118,8434,8450,6118,8434,8450,1,6118,2332,0,,Rating Scale,Use,7,object-12,trial,gorilla,горилла,7.mp4,Gorilla 2.jpg,,34
37,1696234928367,02/10/2023 08:22:08,1696245728367,3,02/10/2023 14:22:08,142916,11,task-1v1w,,31972835,wv990nwk,9454658,,complete,,,computer,Desktop or Laptop,Mac OS 10.15.7,Safari 16.3,1440x900,1440x820,Accepted,,0,familiarity ratings,17,rsl_list1,Not on phone,,Accepted,survey_list,7,trial,Screen 1,9lhd9n,1,response,7,7518,8434,8450,7518,8434,8450,1,7518,932,0,,Rating Scale,Similarity,9,object-14,trial,gorilla,горилла,7.mp4,Gorilla 2.jpg,,35
38,1696234928683,02/10/2023 08:22:08,1696245728683,3,02/10/2023 14:22:08,142916,11,task-1v1w,,31972835,wv990nwk,9454658,,complete,,,computer,Desktop or Laptop,Mac OS 10.15.7,Safari 16.3,1440x900,1440x820,Accepted,,0,familiarity ratings,17,rsl_list1,Not on phone,,Accepted,survey_list,8,trial,Screen 1,9lhd9n,1,info,Video start,199.09458334511146,189,199.09458334511146,199.09458334511146,189,199.09458334511146,1,199.09458334511146,0,0,,Video,Video,2,object-8,trial,magazine,журнал,8.mp4,Magazine 2.jpg,,36
39,1696234934215,02/10/2023 08:22:14,1696245734215,3,02/10/2023 14:22:14,142916,11,task-1v1w,,31972835,wv990nwk,9454658,,complete,,,computer,Desktop or Laptop,Mac OS 10.15.7,Safari 16.3,1440x900,1440x820,Accepted,,0,familiarity ratings,17,rsl_list1,Not on phone,,Accepted,survey_list,8,trial,Screen 1,9lhd9n,1,continue,,5876,5867,5876,5876,5867,5876,1,5876,0,0,,Click To Continue,Continue Button,10,object-24,trial,magazine,журнал,8.mp4,Magazine 2.jpg,,37
40,1696234934216,02/10/2023 08:22:14,1696245734216,3,02/10/2023 14:22:14,142916,11,task-1v1w,,31972835,wv990nwk,9454658,,complete,,,computer,Desktop or Laptop,Mac OS 10.15.7,Safari 16.3,1440x900,1440x820,Accepted,,0,familiarity ratings,17,rsl_list1,Not on phone,,Accepted,survey_list,8,trial,Screen 1,9lhd9n,1,response,7,3634,5867,5877,3634,5867,5877,1,3634,2243,0,,Rating Scale,Familiarity,5,object-10,trial,magazine,журнал,8.mp4,Magazine 2.jpg,,38
41,1696234934217,02/10/2023 08:22:14,1696245734217,3,02/10/2023 14:22:14,142916,11,task-1v1w,,31972835,wv990nwk,9454658,,complete,,,computer,Desktop or Laptop,Mac OS 10.15.7,Safari 16.3,1440x900,1440x820,Accepted,,0,familiarity ratings,17,rsl_list1,Not on phone,,Accepted,survey_list,8,trial,Screen 1,9lhd9n,1,response,yes,4317,5867,5878.000000000058,4317,5867,5878.000000000058,1,4317,1561.0000000000582,0,,Rating Scale,Use,7,object-12,trial,magazine,журнал,8.mp4,Magazine 2.jpg,,39
42,1696234934217,02/10/2023 08:22:14,1696245734217,3,02/10/2023 14:22:14,142916,11,task-1v1w,,31972835,wv990nwk,9454658,,complete,,,computer,Desktop or Laptop,Mac OS 10.15.7,Safari 16.3,1440x900,1440x820,Accepted,,0,familiarity ratings,17,rsl_list1,Not on phone,,Accepted,survey_list,8,trial,Screen 1,9lhd9n,1,response,7,5184,5867,5878.000000000058,5184,5867,5878.000000000058,1,5184,694.0000000000582,0,,Rating Scale,Similarity,9,object-14,trial,magazine,журнал,8.mp4,Magazine 2.jpg,,40
43,1696234934535,02/10/2023 08:22:14,1696245734535,3,02/10/2023 14:22:14,142916,11,task-1v1w,,31972835,wv990nwk,9454658,,complete,,,computer,Desktop or Laptop,Mac OS 10.15.7,Safari 16.3,1440x900,1440x820,Accepted,,0,familiarity ratings,17,rsl_list1,Not on phone,,Accepted,survey_list,9,trial,Screen 1,9lhd9n,1,info,Video start,220.9561666736845,215,220.9561666736845,220.9561666736845,215,220.9561666736845,1,220.9561666736845,0,0,,Video,Video,2,object-8,trial,ring,круг,9.mp4,Ring 2.jpg,,41
44,1696234942323,02/10/2023 08:22:22,1696245742323,3,02/10/2023 14:22:22,142916,11,task-1v1w,,31972835,wv990nwk,9454658,,complete,,,computer,Desktop or Laptop,Mac OS 10.15.7,Safari 16.3,1440x900,1440x820,Accepted,,0,familiarity ratings,17,rsl_list1,Not on phone,,Accepted,survey_list,9,trial,Screen 1,9lhd9n,1,continue,,8114,8101,8114,8114,8101,8114,1,8114,0,0,,Click To Continue,Continue Button,10,object-24,trial,ring,круг,9.mp4,Ring 2.jpg,,42
45,1696234942332,02/10/2023 08:22:22,1696245742332,3,02/10/2023 14:22:22,142916,11,task-1v1w,,31972835,wv990nwk,9454658,,complete,,,computer,Desktop or Laptop,Mac OS 10.15.7,Safari 16.3,1440x900,1440x820,Accepted,,0,familiarity ratings,17,rsl_list1,Not on phone,,Accepted,survey_list,9,trial,Screen 1,9lhd9n,1,response,7,3133,8101,8118,3133,8101,8118,1,3133,4985,0,,Rating Scale,Familiarity,5,object-10,trial,ring,круг,9.mp4,Ring 2.jpg,,43
46,1696234942333,02/10/2023 08:22:22,1696245742333,3,02/10/2023 14:22:22,142916,11,task-1v1w,,31972835,wv990nwk,9454658,,complete,,,computer,Desktop or Laptop,Mac OS 10.15.7,Safari 16.3,1440x900,1440x820,Accepted,,0,familiarity ratings,17,rsl_list1,Not on phone,,Accepted,survey_list,9,trial,Screen 1,9lhd9n,1,response,yes,3817,8101,8118,3817,8101,8118,1,3817,4301,0,,Rating Scale,Use,7,object-12,trial,ring,круг,9.mp4,Ring 2.jpg,,44
47,1696234942334,02/10/2023 08:22:22,1696245742334,3,02/10/2023 14:22:22,142916,11,task-1v1w,,31972835,wv990nwk,9454658,,complete,,,computer,Desktop or Laptop,Mac OS 10.15.7,Safari 16.3,1440x900,1440x820,Accepted,,0,familiarity ratings,17,rsl_list1,Not on phone,,Accepted,survey_list,9,trial,Screen 1,9lhd9n,1,response,7,4667,8101,8118,4667,8101,8118,1,4667,3451,0,,Rating Scale,Similarity,9,object-14,trial,ring,круг,9.mp4,Ring 2.jpg,,45
48,1696234942658,02/10/2023 08:22:22,1696245742658,3,02/10/2023 14:22:22,142916,11,task-1v1w,,31972835,wv990nwk,9454658,,complete,,,computer,Desktop or Laptop,Mac OS 10.15.7,Safari 16.3,1440x900,1440x820,Accepted,,0,familiarity ratings,17,rsl_list1,Not on phone,,Accepted,survey_list,10,trial,Screen 1,9lhd9n,1,info,Video start,226.03583335294388,221,226.03583335294388,226.03583335294388,221,226.03583335294388,1,226.03583335294388,0,0,,Video,Video,2,object-8,trial,salt,соль,10.mp4,Salt 2.jpg,,46
49,1696234948100,02/10/2023 08:22:28,1696245748100,3,02/10/2023 14:22:28,142916,11,task-1v1w,,31972835,wv990nwk,9454658,,complete,,,computer,Desktop or Laptop,Mac OS 10.15.7,Safari 16.3,1440x900,1440x820,Accepted,,0,familiarity ratings,17,rsl_list1,Not on phone,,Accepted,survey_list,10,trial,Screen 1,9lhd9n,1,continue,,5793,5783,5793,5793,5783,5793,1,5793,0,0,,Click To Continue,Continue Button,10,object-24,trial,salt,соль,10.mp4,Salt 2.jpg,,47
50,1696234948101,02/10/2023 08:22:28,1696245748101,3,02/10/2023 14:22:28,142916,11,task-1v1w,,31972835,wv990nwk,9454658,,complete,,,computer,Desktop or Laptop,Mac OS 10.15.7,Safari 16.3,1440x900,1440x820,Accepted,,0,familiarity ratings,17,rsl_list1,Not on phone,,Accepted,survey_list,10,trial,Screen 1,9lhd9n,1,response,7,3300,5783,5794,3300,5783,5794,1,3300,2494,0,,Rating Scale,Familiarity,5,object-10,trial,salt,соль,10.mp4,Salt 2.jpg,,48
51,1696234948101,02/10/2023 08:22:28,1696245748101,3,02/10/2023 14:22:28,142916,11,task-1v1w,,31972835,wv990nwk,9454658,,complete,,,computer,Desktop or Laptop,Mac OS 10.15.7,Safari 16.3,1440x900,1440x820,Accepted,,0,familiarity ratings,17,rsl_list1,Not on phone,,Accepted,survey_list,10,trial,Screen 1,9lhd9n,1,response,yes,4033,5783,5795,4033,5783,5795,1,4033,1762,0,,Rating Scale,Use,7,object-12,trial,salt,соль,10.mp4,Salt 2.jpg,,49
52,1696234948102,02/10/2023 08:22:28,1696245748102,3,02/10/2023 14:22:28,142916,11,task-1v1w,,31972835,wv990nwk,9454658,,complete,,,computer,Desktop or Laptop,Mac OS 10.15.7,Safari 16.3,1440x900,1440x820,Accepted,,0,familiarity ratings,17,rsl_list1,Not on phone,,Accepted,survey_list,10,trial,Screen 1,9lhd9n,1,response,7,5083,5783,5795,5083,5783,5795,1,5083,712,0,,Rating Scale,Similarity,9,object-14,trial,salt,соль,10.mp4,Salt 2.jpg,,50
53,1696234948420,02/10/2023 08:22:28,1696245748420,3,02/10/2023 14:22:28,142916,11,task-1v1w,,31972835,wv990nwk,9454658,,complete,,,computer,Desktop or Laptop,Mac OS 10.15.7,Safari 16.3,1440x900,1440x820,Accepted,,0,familiarity ratings,17,rsl_list1,Not on phone,,Accepted,survey_list,11,trial,Screen 1,9lhd9n,1,info,Video start,247.22937498707324,232,247.22937498707324,247.22937498707324,232,247.22937498707324,1,247.22937498707324,0,0,,Video,Video,2,object-8,trial,school,школа,11.mp4,School 2.jpg,,51
54,1696234954010,02/10/2023 08:22:34,1696245754010,3,02/10/2023 14:22:34,142916,11,task-1v1w,,31972835,wv990nwk,9454658,,complete,,,computer,Desktop or Laptop,Mac OS 10.15.7,Safari 16.3,1440x900,1440x820,Accepted,,0,familiarity ratings,17,rsl_list1,Not on phone,,Accepted,survey_list,11,trial,Screen 1,9lhd9n,1,continue,,5916,5900,5916,5916,5900,5916,1,5916,0,0,,Click To Continue,Continue Button,10,object-24,trial,school,школа,11.mp4,School 2.jpg,,52
55,1696234954014,02/10/2023 08:22:34,1696245754014,3,02/10/2023 14:22:34,142916,11,task-1v1w,,31972835,wv990nwk,9454658,,complete,,,computer,Desktop or Laptop,Mac OS 10.15.7,Safari 16.3,1440x900,1440x820,Accepted,,0,familiarity ratings,17,rsl_list1,Not on phone,,Accepted,survey_list,11,trial,Screen 1,9lhd9n,1,response,7,3634,5900,5916,3634,5900,5916,1,3634,2282,0,,Rating Scale,Familiarity,5,object-10,trial,school,школа,11.mp4,School 2.jpg,,53
56,1696234954015,02/10/2023 08:22:34,1696245754015,3,02/10/2023 14:22:34,142916,11,task-1v1w,,31972835,wv990nwk,9454658,,complete,,,computer,Desktop or Laptop,Mac OS 10.15.7,Safari 16.3,1440x900,1440x820,Accepted,,0,familiarity ratings,17,rsl_list1,Not on phone,,Accepted,survey_list,11,trial,Screen 1,9lhd9n,1,response,yes,4250,5900,5916,4250,5900,5916,1,4250,1666,0,,Rating Scale,Use,7,object-12,trial,school,школа,11.mp4,School 2.jpg,,54
57,1696234954015,02/10/2023 08:22:34,1696245754015,3,02/10/2023 14:22:34,142916,11,task-1v1w,,31972835,wv990nwk,9454658,,complete,,,computer,Desktop or Laptop,Mac OS 10.15.7,Safari 16.3,1440x900,1440x820,Accepted,,0,familiarity ratings,17,rsl_list1,Not on phone,,Accepted,survey_list,11,trial,Screen 1,9lhd9n,1,response,7,5167,5900,5916,5167,5900,5916,1,5167,749,0,,Rating Scale,Similarity,9,object-14,trial,school,школа,11.mp4,School 2.jpg,,55
58,1696234954327,02/10/2023 08:22:34,1696245754327,3,02/10/2023 14:22:34,142916,11,task-1v1w,,31972835,wv990nwk,9454658,,complete,,,computer,Desktop or Laptop,Mac OS 10.15.7,Safari 16.3,1440x900,1440x820,Accepted,,0,familiarity ratings,17,rsl_list1,Not on phone,,Accepted,survey_list,12,trial,Screen 1,9lhd9n,1,info,Video start,234.33483333839104,232,234.33483333839104,234.33483333839104,232,234.33483333839104,1,234.33483333839104,0,0,,Video,Video,2,object-8,trial,pain,боль,12.mp4,Pain 2.jpg,,56
59,1696234959912,02/10/2023 08:22:39,1696245759912,3,02/10/2023 14:22:39,142916,11,task-1v1w,,31972835,wv990nwk,9454658,,complete,,,computer,Desktop or Laptop,Mac OS 10.15.7,Safari 16.3,1440x900,1440x820,Accepted,,0,familiarity ratings,17,rsl_list1,Not on phone,,Accepted,survey_list,12,trial,Screen 1,9lhd9n,1,continue,,5921,5918,5921,5921,5918,5921,1,5921,0,0,,Click To Continue,Continue Button,10,object-24,trial,pain,боль,12.mp4,Pain 2.jpg,,57
60,1696234959914,02/10/2023 08:22:39,1696245759914,3,02/10/2023 14:22:39,142916,11,task-1v1w,,31972835,wv990nwk,9454658,,complete,,,computer,Desktop or Laptop,Mac OS 10.15.7,Safari 16.3,1440x900,1440x820,Accepted,,0,familiarity ratings,17,rsl_list1,Not on phone,,Accepted,survey_list,12,trial,Screen 1,9lhd9n,1,response,7,3734,5918,5924.000000000058,3734,5918,5924.000000000058,1,3734,2190.000000000058,0,,Rating Scale,Familiarity,5,object-10,trial,pain,боль,12.mp4,Pain 2.jpg,,58
61,1696234959914,02/10/2023 08:22:39,1696245759914,3,02/10/2023 14:22:39,142916,11,task-1v1w,,31972835,wv990nwk,9454658,,complete,,,computer,Desktop or Laptop,Mac OS 10.15.7,Safari 16.3,1440x900,1440x820,Accepted,,0,familiarity ratings,17,rsl_list1,Not on phone,,Accepted,survey_list,12,trial,Screen 1,9lhd9n,1,response,yes,4334,5918,5925,4334,5918,5925,1,4334,1591,0,,Rating Scale,Use,7,object-12,trial,pain,боль,12.mp4,Pain 2.jpg,,59
62,1696234959915,02/10/2023 08:22:39,1696245759915,3,02/10/2023 14:22:39,142916,11,task-1v1w,,31972835,wv990nwk,9454658,,complete,,,computer,Desktop or Laptop,Mac OS 10.15.7,Safari 16.3,1440x900,1440x820,Accepted,,0,familiarity ratings,17,rsl_list1,Not on phone,,Accepted,survey_list,12,trial,Screen 1,9lhd9n,1,response,7,5250,5918,5925,5250,5918,5925,1,5250,675,0,,Rating Scale,Similarity,9,object-14,trial,pain,боль,12.mp4,Pain 2.jpg,,60
63,1696234960238,02/10/2023 08:22:40,1696245760238,3,02/10/2023 14:22:40,142916,11,task-1v1w,,31972835,wv990nwk,9454658,,complete,,,computer,Desktop or Laptop,Mac OS 10.15.7,Safari 16.3,1440x900,1440x820,Accepted,,0,familiarity ratings,17,rsl_list1,Not on phone,,Accepted,survey_list,13,trial,Screen 1,9lhd9n,1,info,Video start,204.64812499820255,197,204.64812499820255,204.64812499820255,197,204.64812499820255,1,204.64812499820255,0,0,,Video,Video,2,object-8,trial,call,звать,13.mp4,Call 2.jpg,,61
64,1696234964711,02/10/2023 08:22:44,1696245764711,3,02/10/2023 14:22:44,142916,11,task-1v1w,,31972835,wv990nwk,9454658,,complete,,,computer,Desktop or Laptop,Mac OS 10.15.7,Safari 16.3,1440x900,1440x820,Accepted,,0,familiarity ratings,17,rsl_list1,Not on phone,,Accepted,survey_list,13,trial,Screen 1,9lhd9n,1,continue,,4803,4802,4803,4803,4802,4803,1,4803,0,0,,Click To Continue,Continue Button,10,object-24,trial,call,звать,13.mp4,Call 2.jpg,,62
65,1696234964715,02/10/2023 08:22:44,1696245764715,3,02/10/2023 14:22:44,142916,11,task-1v1w,,31972835,wv990nwk,9454658,,complete,,,computer,Desktop or Laptop,Mac OS 10.15.7,Safari 16.3,1440x900,1440x820,Accepted,,0,familiarity ratings,17,rsl_list1,Not on phone,,Accepted,survey_list,13,trial,Screen 1,9lhd9n,1,response,7,2700,4802,4808,2700,4802,4808,1,2700,2108,0,,Rating Scale,Familiarity,5,object-10,trial,call,звать,13.mp4,Call 2.jpg,,63
66,1696234964716,02/10/2023 08:22:44,1696245764716,3,02/10/2023 14:22:44,142916,11,task-1v1w,,31972835,wv990nwk,9454658,,complete,,,computer,Desktop or Laptop,Mac OS 10.15.7,Safari 16.3,1440x900,1440x820,Accepted,,0,familiarity ratings,17,rsl_list1,Not on phone,,Accepted,survey_list,13,trial,Screen 1,9lhd9n,1,response,yes,3316,4802,4808,3316,4802,4808,1,3316,1492,0,,Rating Scale,Use,7,object-12,trial,call,звать,13.mp4,Call 2.jpg,,64
67,1696234964716,02/10/2023 08:22:44,1696245764716,3,02/10/2023 14:22:44,142916,11,task-1v1w,,31972835,wv990nwk,9454658,,complete,,,computer,Desktop or Laptop,Mac OS 10.15.7,Safari 16.3,1440x900,1440x820,Accepted,,0,familiarity ratings,17,rsl_list1,Not on phone,,Accepted,survey_list,13,trial,Screen 1,9lhd9n,1,response,7,4033,4802,4809.000000000058,4033,4802,4809.000000000058,1,4033,776.0000000000582,0,,Rating Scale,Similarity,9,object-14,trial,call,звать,13.mp4,Call 2.jpg,,65
68,1696234965057,02/10/2023 08:22:45,1696245765057,3,02/10/2023 14:22:45,142916,11,task-1v1w,,31972835,wv990nwk,9454658,,complete,,,computer,Desktop or Laptop,Mac OS 10.15.7,Safari 16.3,1440x900,1440x820,Accepted,,0,familiarity ratings,17,rsl_list1,Not on phone,,Accepted,survey_list,14,trial,Screen 1,9lhd9n,1,info,Video start,267.21141667990014,262,267.21141667990014,267.21141667990014,262,267.21141667990014,1,267.21141667990014,0,0,,Video,Video,2,object-8,trial,come,прийти,14.mp4,Come 2.jpg,,66
69,1696234969931,02/10/2023 08:22:49,1696245769931,3,02/10/2023 14:22:49,142916,11,task-1v1w,,31972835,wv990nwk,9454658,,complete,,,computer,Desktop or Laptop,Mac OS 10.15.7,Safari 16.3,1440x900,1440x820,Accepted,,0,familiarity ratings,17,rsl_list1,Not on phone,,Accepted,survey_list,14,trial,Screen 1,9lhd9n,1,continue,,5220,5214,5220,5220,5214,5220,1,5220,0,0,,Click To Continue,Continue Button,10,object-24,trial,come,прийти,14.mp4,Come 2.jpg,,67
70,1696234969932,02/10/2023 08:22:49,1696245769932,3,02/10/2023 14:22:49,142916,11,task-1v1w,,31972835,wv990nwk,9454658,,complete,,,computer,Desktop or Laptop,Mac OS 10.15.7,Safari 16.3,1440x900,1440x820,Accepted,,0,familiarity ratings,17,rsl_list1,Not on phone,,Accepted,survey_list,14,trial,Screen 1,9lhd9n,1,response,7,3030,5214,5223,3030,5214,5223,1,3030,2193,0,,Rating Scale,Familiarity,5,object-10,trial,come,прийти,14.mp4,Come 2.jpg,,68
71,1696234969933,02/10/2023 08:22:49,1696245769933,3,02/10/2023 14:22:49,142916,11,task-1v1w,,31972835,wv990nwk,9454658,,complete,,,computer,Desktop or Laptop,Mac OS 10.15.7,Safari 16.3,1440x900,1440x820,Accepted,,0,familiarity ratings,17,rsl_list1,Not on phone,,Accepted,survey_list,14,trial,Screen 1,9lhd9n,1,response,yes,3731,5214,5223,3731,5214,5223,1,3731,1492,0,,Rating Scale,Use,7,object-12,trial,come,прийти,14.mp4,Come 2.jpg,,69
72,1696234969933,02/10/2023 08:22:49,1696245769933,3,02/10/2023 14:22:49,142916,11,task-1v1w,,31972835,wv990nwk,9454658,,complete,,,computer,Desktop or Laptop,Mac OS 10.15.7,Safari 16.3,1440x900,1440x820,Accepted,,0,familiarity ratings,17,rsl_list1,Not on phone,,Accepted,survey_list,14,trial,Screen 1,9lhd9n,1,response,7,4580,5214,5224,4580,5214,5224,1,4580,644,0,,Rating Scale,Similarity,9,object-14,trial,come,прийти,14.mp4,Come 2.jpg,,70
73,1696234970254,02/10/2023 08:22:50,1696245770254,3,02/10/2023 14:22:50,142916,11,task-1v1w,,31972835,wv990nwk,9454658,,complete,,,computer,Desktop or Laptop,Mac OS 10.15.7,Safari 16.3,1440x900,1440x820,Accepted,,0,familiarity ratings,17,rsl_list1,Not on phone,,Accepted,survey_list,15,trial,Screen 1,9lhd9n,1,info,Video start,259.3829999805894,249,259.3829999805894,259.3829999805894,249,259.3829999805894,1,259.3829999805894,0,0,,Video,Video,2,object-8,trial,doubt,сомневаться,15.mp4,Doubt 2.jpg,,71
74,1696234975130,02/10/2023 08:22:55,1696245775130,3,02/10/2023 14:22:55,142916,11,task-1v1w,,31972835,wv990nwk,9454658,,complete,,,computer,Desktop or Laptop,Mac OS 10.15.7,Safari 16.3,1440x900,1440x820,Accepted,,0,familiarity ratings,17,rsl_list1,Not on phone,,Accepted,survey_list,15,trial,Screen 1,9lhd9n,1,continue,,5207,5200,5207,5207,5200,5207,1,5207,0,0,,Click To Continue,Continue Button,10,object-24,trial,doubt,сомневаться,15.mp4,Doubt 2.jpg,,72
75,1696234975136,02/10/2023 08:22:55,1696245775136,3,02/10/2023 14:22:55,142916,11,task-1v1w,,31972835,wv990nwk,9454658,,complete,,,computer,Desktop or Laptop,Mac OS 10.15.7,Safari 16.3,1440x900,1440x820,Accepted,,0,familiarity ratings,17,rsl_list1,Not on phone,,Accepted,survey_list,15,trial,Screen 1,9lhd9n,1,response,7,3050,5200,5212,3050,5200,5212,1,3050,2162,0,,Rating Scale,Familiarity,5,object-10,trial,doubt,сомневаться,15.mp4,Doubt 2.jpg,,73
76,1696234975136,02/10/2023 08:22:55,1696245775136,3,02/10/2023 14:22:55,142916,11,task-1v1w,,31972835,wv990nwk,9454658,,complete,,,computer,Desktop or Laptop,Mac OS 10.15.7,Safari 16.3,1440x900,1440x820,Accepted,,0,familiarity ratings,17,rsl_list1,Not on phone,,Accepted,survey_list,15,trial,Screen 1,9lhd9n,1,response,yes,3834,5200,5213,3834,5200,5213,1,3834,1379,0,,Rating Scale,Use,7,object-12,trial,doubt,сомневаться,15.mp4,Doubt 2.jpg,,74
77,1696234975137,02/10/2023 08:22:55,1696245775137,3,02/10/2023 14:22:55,142916,11,task-1v1w,,31972835,wv990nwk,9454658,,complete,,,computer,Desktop or Laptop,Mac OS 10.15.7,Safari 16.3,1440x900,1440x820,Accepted,,0,familiarity ratings,17,rsl_list1,Not on phone,,Accepted,survey_list,15,trial,Screen 1,9lhd9n,1,response,7,4567,5200,5214,4567,5200,5214,1,4567,647,0,,Rating Scale,Similarity,9,object-14,trial,doubt,сомневаться,15.mp4,Doubt 2.jpg,,75
78,1696234975448,02/10/2023 08:22:55,1696245775448,3,02/10/2023 14:22:55,142916,11,task-1v1w,,31972835,wv990nwk,9454658,,complete,,,computer,Desktop or Laptop,Mac OS 10.15.7,Safari 16.3,1440x900,1440x820,Accepted,,0,familiarity ratings,17,rsl_list1,Not on phone,,Accepted,survey_list,16,trial,Screen 1,9lhd9n,1,info,Video start,265.15358333894983,263,265.15358333894983,265.15358333894983,263,265.15358333894983,1,265.15358333894983,0,0,,Video,Video,2,object-8,trial,play,играть,16.mp4,Play 2.jpg,,76
79,1696234980619,02/10/2023 08:23:00,1696245780619,3,02/10/2023 14:23:00,142916,11,task-1v1w,,31972835,wv990nwk,9454658,,complete,,,computer,Desktop or Laptop,Mac OS 10.15.7,Safari 16.3,1440x900,1440x820,Accepted,,0,familiarity ratings,17,rsl_list1,Not on phone,,Accepted,survey_list,16,trial,Screen 1,9lhd9n,1,continue,,5495,5484,5495,5495,5484,5495,1,5495,0,0,,Click To Continue,Continue Button,10,object-24,trial,play,играть,16.mp4,Play 2.jpg,,77
80,1696234980620,02/10/2023 08:23:00,1696245780620,3,02/10/2023 14:23:00,142916,11,task-1v1w,,31972835,wv990nwk,9454658,,complete,,,computer,Desktop or Laptop,Mac OS 10.15.7,Safari 16.3,1440x900,1440x820,Accepted,,0,familiarity ratings,17,rsl_list1,Not on phone,,Accepted,survey_list,16,trial,Screen 1,9lhd9n,1,response,7,3184,5484,5497,3184,5484,5497,1,3184,2313,0,,Rating Scale,Familiarity,5,object-10,trial,play,играть,16.mp4,Play 2.jpg,,78
81,1696234980621,02/10/2023 08:23:00,1696245780621,3,02/10/2023 14:23:00,142916,11,task-1v1w,,31972835,wv990nwk,9454658,,complete,,,computer,Desktop or Laptop,Mac OS 10.15.7,Safari 16.3,1440x900,1440x820,Accepted,,0,familiarity ratings,17,rsl_list1,Not on phone,,Accepted,survey_list,16,trial,Screen 1,9lhd9n,1,response,yes,3917,5484,5498,3917,5484,5498,1,3917,1581,0,,Rating Scale,Use,7,object-12,trial,play,играть,16.mp4,Play 2.jpg,,79
82,1696234980621,02/10/2023 08:23:00,1696245780621,3,02/10/2023 14:23:00,142916,11,task-1v1w,,31972835,wv990nwk,9454658,,complete,,,computer,Desktop or Laptop,Mac OS 10.15.7,Safari 16.3,1440x900,1440x820,Accepted,,0,familiarity ratings,17,rsl_list1,Not on phone,,Accepted,survey_list,16,trial,Screen 1,9lhd9n,1,response,7,4800,5484,5498,4800,5484,5498,1,4800,698,0,,Rating Scale,Similarity,9,object-14,trial,play,играть,16.mp4,Play 2.jpg,,80
83,1696234980958,02/10/2023 08:23:00,1696245780958,3,02/10/2023 14:23:00,142916,11,task-1v1w,,31972835,wv990nwk,9454658,,complete,,,computer,Desktop or Laptop,Mac OS 10.15.7,Safari 16.3,1440x900,1440x820,Accepted,,0,familiarity ratings,17,rsl_list1,Not on phone,,Accepted,survey_list,17,trial,Screen 1,9lhd9n,1,info,Video start,241.0360833397135,231,241.0360833397135,241.0360833397135,231,241.0360833397135,1,241.0360833397135,0,0,,Video,Video,2,object-8,trial,choose,выбирать,17.mp4,Choose 2.jpg,,81
84,1696234986143,02/10/2023 08:23:06,1696245786143,3,02/10/2023 14:23:06,142916,11,task-1v1w,,31972835,wv990nwk,9454658,,complete,,,computer,Desktop or Laptop,Mac OS 10.15.7,Safari 16.3,1440x900,1440x820,Accepted,,0,familiarity ratings,17,rsl_list1,Not on phone,,Accepted,survey_list,17,trial,Screen 1,9lhd9n,1,continue,,5536,5534,5536,5536,5534,5536,1,5536,0,0,,Click To Continue,Continue Button,10,object-24,trial,choose,выбирать,17.mp4,Choose 2.jpg,,82
85,1696234986149,02/10/2023 08:23:06,1696245786149,3,02/10/2023 14:23:06,142916,11,task-1v1w,,31972835,wv990nwk,9454658,,complete,,,computer,Desktop or Laptop,Mac OS 10.15.7,Safari 16.3,1440x900,1440x820,Accepted,,0,familiarity ratings,17,rsl_list1,Not on phone,,Accepted,survey_list,17,trial,Screen 1,9lhd9n,1,response,7,3183,5534,5542,3183,5534,5542,1,3183,2359,0,,Rating Scale,Familiarity,5,object-10,trial,choose,выбирать,17.mp4,Choose 2.jpg,,83
86,1696234986149,02/10/2023 08:23:06,1696245786149,3,02/10/2023 14:23:06,142916,11,task-1v1w,,31972835,wv990nwk,9454658,,complete,,,computer,Desktop or Laptop,Mac OS 10.15.7,Safari 16.3,1440x900,1440x820,Accepted,,0,familiarity ratings,17,rsl_list1,Not on phone,,Accepted,survey_list,17,trial,Screen 1,9lhd9n,1,response,yes,3766,5534,5542,3766,5534,5542,1,3766,1776,0,,Rating Scale,Use,7,object-12,trial,choose,выбирать,17.mp4,Choose 2.jpg,,84
87,1696234986150,02/10/2023 08:23:06,1696245786150,3,02/10/2023 14:23:06,142916,11,task-1v1w,,31972835,wv990nwk,9454658,,complete,,,computer,Desktop or Laptop,Mac OS 10.15.7,Safari 16.3,1440x900,1440x820,Accepted,,0,familiarity ratings,17,rsl_list1,Not on phone,,Accepted,survey_list,17,trial,Screen 1,9lhd9n,1,response,7,4483,5534,5543,4483,5534,5543,1,4483,1060,0,,Rating Scale,Similarity,9,object-14,trial,choose,выбирать,17.mp4,Choose 2.jpg,,85
88,1696234986468,02/10/2023 08:23:06,1696245786468,3,02/10/2023 14:23:06,142916,11,task-1v1w,,31972835,wv990nwk,9454658,,complete,,,computer,Desktop or Laptop,Mac OS 10.15.7,Safari 16.3,1440x900,1440x820,Accepted,,0,familiarity ratings,17,rsl_list1,Not on phone,,Accepted,survey_list,18,trial,Screen 1,9lhd9n,1,info,Video start,254.33833333477378,248,254.33833333477378,254.33833333477378,248,254.33833333477378,1,254.33833333477378,0,0,,Video,Video,2,object-8,trial,sail,плыть лодка,18.mp4,Sail 2.jpg,,86
89,1696234992045,02/10/2023 08:23:12,1696245792045,3,02/10/2023 14:23:12,142916,11,task-1v1w,,31972835,wv990nwk,9454658,,complete,,,computer,Desktop or Laptop,Mac OS 10.15.7,Safari 16.3,1440x900,1440x820,Accepted,,0,familiarity ratings,17,rsl_list1,Not on phone,,Accepted,survey_list,18,trial,Screen 1,9lhd9n,1,continue,,5903,5899,5903,5903,5899,5903,1,5903,0,0,,Click To Continue,Continue Button,10,object-24,trial,sail,плыть лодка,18.mp4,Sail 2.jpg,,87
90,1696234992046,02/10/2023 08:23:12,1696245792046,3,02/10/2023 14:23:12,142916,11,task-1v1w,,31972835,wv990nwk,9454658,,complete,,,computer,Desktop or Laptop,Mac OS 10.15.7,Safari 16.3,1440x900,1440x820,Accepted,,0,familiarity ratings,17,rsl_list1,Not on phone,,Accepted,survey_list,18,trial,Screen 1,9lhd9n,1,response,7,3266,5899,5905,3266,5899,5905,1,3266,2639,0,,Rating Scale,Familiarity,5,object-10,trial,sail,плыть лодка,18.mp4,Sail 2.jpg,,88
91,1696234992046,02/10/2023 08:23:12,1696245792046,3,02/10/2023 14:23:12,142916,11,task-1v1w,,31972835,wv990nwk,9454658,,complete,,,computer,Desktop or Laptop,Mac OS 10.15.7,Safari 16.3,1440x900,1440x820,Accepted,,0,familiarity ratings,17,rsl_list1,Not on phone,,Accepted,survey_list,18,trial,Screen 1,9lhd9n,1,response,yes,4483,5899,5906,4483,5899,5906,1,4483,1423,0,,Rating Scale,Use,7,object-12,trial,sail,плыть лодка,18.mp4,Sail 2.jpg,,89
92,1696234992047,02/10/2023 08:23:12,1696245792047,3,02/10/2023 14:23:12,142916,11,task-1v1w,,31972835,wv990nwk,9454658,,complete,,,computer,Desktop or Laptop,Mac OS 10.15.7,Safari 16.3,1440x900,1440x820,Accepted,,0,familiarity ratings,17,rsl_list1,Not on phone,,Accepted,survey_list,18,trial,Screen 1,9lhd9n,1,response,7,5283,5899,5906,5283,5899,5906,1,5283,623,0,,Rating Scale,Similarity,9,object-14,trial,sail,плыть лодка,18.mp4,Sail 2.jpg,,90
93,1696234992368,02/10/2023 08:23:12,1696245792368,3,02/10/2023 14:23:12,142916,11,task-1v1w,,31972835,wv990nwk,9454658,,complete,,,computer,Desktop or Laptop,Mac OS 10.15.7,Safari 16.3,1440x900,1440x820,Accepted,,0,familiarity ratings,17,rsl_list1,Not on phone,,Accepted,survey_list,19,trial,Screen 1,9lhd9n,1,info,Video start,243.68041667435318,237,243.68041667435318,243.68041667435318,237,243.68041667435318,1,243.68041667435318,0,0,,Video,Video,2,object-8,trial,show,показать,19.mp4,Show 2.jpg,,91
94,1696234997595,02/10/2023 08:23:17,1696245797595,3,02/10/2023 14:23:17,142916,11,task-1v1w,,31972835,wv990nwk,9454658,,complete,,,computer,Desktop or Laptop,Mac OS 10.15.7,Safari 16.3,1440x900,1440x820,Accepted,,0,familiarity ratings,17,rsl_list1,Not on phone,,Accepted,survey_list,19,trial,Screen 1,9lhd9n,1,continue,,5555,5551,5555,5555,5551,5555,1,5555,0,0,,Click To Continue,Continue Button,10,object-24,trial,show,показать,19.mp4,Show 2.jpg,,92
95,1696234997604,02/10/2023 08:23:17,1696245797604,3,02/10/2023 14:23:17,142916,11,task-1v1w,,31972835,wv990nwk,9454658,,complete,,,computer,Desktop or Laptop,Mac OS 10.15.7,Safari 16.3,1440x900,1440x820,Accepted,,0,familiarity ratings,17,rsl_list1,Not on phone,,Accepted,survey_list,19,trial,Screen 1,9lhd9n,1,response,7,3151,5551,5564,3151,5551,5564,1,3151,2413,0,,Rating Scale,Familiarity,5,object-10,trial,show,показать,19.mp4,Show 2.jpg,,93
96,1696234997604,02/10/2023 08:23:17,1696245797604,3,02/10/2023 14:23:17,142916,11,task-1v1w,,31972835,wv990nwk,9454658,,complete,,,computer,Desktop or Laptop,Mac OS 10.15.7,Safari 16.3,1440x900,1440x820,Accepted,,0,familiarity ratings,17,rsl_list1,Not on phone,,Accepted,survey_list,19,trial,Screen 1,9lhd9n,1,response,yes,4001,5551,5564,4001,5551,5564,1,4001,1563,0,,Rating Scale,Use,7,object-12,trial,show,показать,19.mp4,Show 2.jpg,,94
97,1696234997604,02/10/2023 08:23:17,1696245797604,3,02/10/2023 14:23:17,142916,11,task-1v1w,,31972835,wv990nwk,9454658,,complete,,,computer,Desktop or Laptop,Mac OS 10.15.7,Safari 16.3,1440x900,1440x820,Accepted,,0,familiarity ratings,17,rsl_list1,Not on phone,,Accepted,survey_list,19,trial,Screen 1,9lhd9n,1,response,7,4867,5551,5565,4867,5551,5565,1,4867,698,0,,Rating Scale,Similarity,9,object-14,trial,show,показать,19.mp4,Show 2.jpg,,95
98,1696234997919,02/10/2023 08:23:17,1696245797919,3,02/10/2023 14:23:17,142916,11,task-1v1w,,31972835,wv990nwk,9454658,,complete,,,computer,Desktop or Laptop,Mac OS 10.15.7,Safari 16.3,1440x900,1440x820,Accepted,,0,familiarity ratings,17,rsl_list1,Not on phone,,Accepted,survey_list,20,trial,Screen 1,9lhd9n,1,info,Video start,240.04483332694508,236,240.04483332694508,240.04483332694508,236,240.04483332694508,1,240.04483332694508,0,0,,Video,Video,2,object-8,trial,sneeze,чихать,20.mp4,Sneeze 2.jpg,,96
99,1696235003101,02/10/2023 08:23:23,1696245803101,3,02/10/2023 14:23:23,142916,11,task-1v1w,,31972835,wv990nwk,9454658,,complete,,,computer,Desktop or Laptop,Mac OS 10.15.7,Safari 16.3,1440x900,1440x820,Accepted,,0,familiarity ratings,17,rsl_list1,Not on phone,,Accepted,survey_list,20,trial,Screen 1,9lhd9n,1,continue,,5509,5507,5509,5509,5507,5509,1,5509,0,0,,Click To Continue,Continue Button,10,object-24,trial,sneeze,чихать,20.mp4,Sneeze 2.jpg,,97
100,1696235003102,02/10/2023 08:23:23,1696245803102,3,02/10/2023 14:23:23,142916,11,task-1v1w,,31972835,wv990nwk,9454658,,complete,,,computer,Desktop or Laptop,Mac OS 10.15.7,Safari 16.3,1440x900,1440x820,Accepted,,0,familiarity ratings,17,rsl_list1,Not on phone,,Accepted,survey_list,20,trial,Screen 1,9lhd9n,1,response,7,2867,5507,5512.000000000058,2867,5507,5512.000000000058,1,2867,2645.000000000058,0,,Rating Scale,Familiarity,5,object-10,trial,sneeze,чихать,20.mp4,Sneeze 2.jpg,,98
101,1696235003103,02/10/2023 08:23:23,1696245803103,3,02/10/2023 14:23:23,142916,11,task-1v1w,,31972835,wv990nwk,9454658,,complete,,,computer,Desktop or Laptop,Mac OS 10.15.7,Safari 16.3,1440x900,1440x820,Accepted,,0,familiarity ratings,17,rsl_list1,Not on phone,,Accepted,survey_list,20,trial,Screen 1,9lhd9n,1,response,yes,3517,5507,5512.000000000058,3517,5507,5512.000000000058,1,3517,1995.0000000000582,0,,Rating Scale,Use,7,object-12,trial,sneeze,чихать,20.mp4,Sneeze 2.jpg,,99
102,1696235003103,02/10/2023 08:23:23,1696245803103,3,02/10/2023 14:23:23,142916,11,task-1v1w,,31972835,wv990nwk,9454658,,complete,,,computer,Desktop or Laptop,Mac OS 10.15.7,Safari 16.3,1440x900,1440x820,Accepted,,0,familiarity ratings,17,rsl_list1,Not on phone,,Accepted,survey_list,20,trial,Screen 1,9lhd9n,1,response,7,4733,5507,5512.000000000058,4733,5507,5512.000000000058,1,4733,779.0000000000582,0,,Rating Scale,Similarity,9,object-14,trial,sneeze,чихать,20.mp4,Sneeze 2.jpg,,100
103,1696235003423,02/10/2023 08:23:23,1696245803423,3,02/10/2023 14:23:23,142916,11,task-1v1w,,31972835,wv990nwk,9454658,,complete,,,computer,Desktop or Laptop,Mac OS 10.15.7,Safari 16.3,1440x900,1440x820,Accepted,,0,familiarity ratings,17,rsl_list1,Not on phone,,Accepted,survey_list,21,trial,Screen 1,9lhd9n,1,info,Video start,193.64379164762795,181,193.64379164762795,193.64379164762795,181,193.64379164762795,1,193.64379164762795,0,0,,Video,Video,2,object-8,trial,travel,путешествовать,21.mp4,Travel 2.jpg,,101
104,1696235011467,02/10/2023 08:23:31,1696245811467,3,02/10/2023 14:23:31,142916,11,task-1v1w,,31972835,wv990nwk,9454658,,complete,,,computer,Desktop or Laptop,Mac OS 10.15.7,Safari 16.3,1440x900,1440x820,Accepted,,0,familiarity ratings,17,rsl_list1,Not on phone,,Accepted,survey_list,21,trial,Screen 1,9lhd9n,1,continue,,8369,8360,8369,8369,8360,8369,1,8369,0,0,,Click To Continue,Continue Button,10,object-24,trial,travel,путешествовать,21.mp4,Travel 2.jpg,,102
105,1696235011472,02/10/2023 08:23:31,1696245811472,3,02/10/2023 14:23:31,142916,11,task-1v1w,,31972835,wv990nwk,9454658,,complete,,,computer,Desktop or Laptop,Mac OS 10.15.7,Safari 16.3,1440x900,1440x820,Accepted,,0,familiarity ratings,17,rsl_list1,Not on phone,,Accepted,survey_list,21,trial,Screen 1,9lhd9n,1,response,7,3860,8360,8374,3860,8360,8374,1,3860,4514,0,,Rating Scale,Familiarity,5,object-10,trial,travel,путешествовать,21.mp4,Travel 2.jpg,,103
106,1696235011472,02/10/2023 08:23:31,1696245811472,3,02/10/2023 14:23:31,142916,11,task-1v1w,,31972835,wv990nwk,9454658,,complete,,,computer,Desktop or Laptop,Mac OS 10.15.7,Safari 16.3,1440x900,1440x820,Accepted,,0,familiarity ratings,17,rsl_list1,Not on phone,,Accepted,survey_list,21,trial,Screen 1,9lhd9n,1,response,yes,4843,8360,8375.000000000058,4843,8360,8375.000000000058,1,4843,3532.000000000058,0,,Rating Scale,Use,7,object-12,trial,travel,путешествовать,21.mp4,Travel 2.jpg,,104
107,1696235011473,02/10/2023 08:23:31,1696245811473,3,02/10/2023 14:23:31,142916,11,task-1v1w,,31972835,wv990nwk,9454658,,complete,,,computer,Desktop or Laptop,Mac OS 10.15.7,Safari 16.3,1440x900,1440x820,Accepted,,0,familiarity ratings,17,rsl_list1,Not on phone,,Accepted,survey_list,21,trial,Screen 1,9lhd9n,1,response,4,6944,8360,8375.000000000058,6944,8360,8375.000000000058,1,6944,1431.0000000000582,0,,Rating Scale,Similarity,9,object-14,trial,travel,путешествовать,21.mp4,Travel 2.jpg,,105
108,1696235011786,02/10/2023 08:23:31,1696245811786,3,02/10/2023 14:23:31,142916,11,task-1v1w,,31972835,wv990nwk,9454658,,complete,,,computer,Desktop or Laptop,Mac OS 10.15.7,Safari 16.3,1440x900,1440x820,Accepted,,0,familiarity ratings,17,rsl_list1,Not on phone,,Accepted,survey_list,22,trial,Screen 1,9lhd9n,1,info,Video start,196.84145833412185,188,196.84145833412185,196.84145833412185,188,196.84145833412185,1,196.84145833412185,0,0,,Video,Video,2,object-8,trial,try,пробовать,22.mp4,Try 2.jpg,,106
109,1696235017187,02/10/2023 08:23:37,1696245817187,3,02/10/2023 14:23:37,142916,11,task-1v1w,,31972835,wv990nwk,9454658,,complete,,,computer,Desktop or Laptop,Mac OS 10.15.7,Safari 16.3,1440x900,1440x820,Accepted,,0,familiarity ratings,17,rsl_list1,Not on phone,,Accepted,survey_list,22,trial,Screen 1,9lhd9n,1,continue,,5728,5716,5728,5728,5716,5728,1,5728,0,0,,Click To Continue,Continue Button,10,object-24,trial,try,пробовать,22.mp4,Try 2.jpg,,107
110,1696235017188,02/10/2023 08:23:37,1696245817188,3,02/10/2023 14:23:37,142916,11,task-1v1w,,31972835,wv990nwk,9454658,,complete,,,computer,Desktop or Laptop,Mac OS 10.15.7,Safari 16.3,1440x900,1440x820,Accepted,,0,familiarity ratings,17,rsl_list1,Not on phone,,Accepted,survey_list,22,trial,Screen 1,9lhd9n,1,response,7,3400,5716,5731,3400,5716,5731,1,3400,2331,0,,Rating Scale,Familiarity,5,object-10,trial,try,пробовать,22.mp4,Try 2.jpg,,108
111,1696235017189,02/10/2023 08:23:37,1696245817189,3,02/10/2023 14:23:37,142916,11,task-1v1w,,31972835,wv990nwk,9454658,,complete,,,computer,Desktop or Laptop,Mac OS 10.15.7,Safari 16.3,1440x900,1440x820,Accepted,,0,familiarity ratings,17,rsl_list1,Not on phone,,Accepted,survey_list,22,trial,Screen 1,9lhd9n,1,response,yes,4100,5716,5731,4100,5716,5731,1,4100,1631,0,,Rating Scale,Use,7,object-12,trial,try,пробовать,22.mp4,Try 2.jpg,,109
112,1696235017189,02/10/2023 08:23:37,1696245817189,3,02/10/2023 14:23:37,142916,11,task-1v1w,,31972835,wv990nwk,9454658,,complete,,,computer,Desktop or Laptop,Mac OS 10.15.7,Safari 16.3,1440x900,1440x820,Accepted,,0,familiarity ratings,17,rsl_list1,Not on phone,,Accepted,survey_list,22,trial,Screen 1,9lhd9n,1,response,7,5017,5716,5732,5017,5716,5732,1,5017,715,0,,Rating Scale,Similarity,9,object-14,trial,try,пробовать,22.mp4,Try 2.jpg,,110
113,1696235017507,02/10/2023 08:23:37,1696245817507,3,02/10/2023 14:23:37,142916,11,task-1v1w,,31972835,wv990nwk,9454658,,complete,,,computer,Desktop or Laptop,Mac OS 10.15.7,Safari 16.3,1440x900,1440x820,Accepted,,0,familiarity ratings,17,rsl_list1,Not on phone,,Accepted,survey_list,23,trial,Screen 1,9lhd9n,1,info,Video start,197.96229167096317,189,197.96229167096317,197.96229167096317,189,197.96229167096317,1,197.96229167096317,0,0,,Video,Video,2,object-8,trial,wait,ждать,23.mp4,Wait 2.jpg,,111
114,1696235023187,02/10/2023 08:23:43,1696245823187,3,02/10/2023 14:23:43,142916,11,task-1v1w,,31972835,wv990nwk,9454658,,complete,,,computer,Desktop or Laptop,Mac OS 10.15.7,Safari 16.3,1440x900,1440x820,Accepted,,0,familiarity ratings,17,rsl_list1,Not on phone,,Accepted,survey_list,23,trial,Screen 1,9lhd9n,1,continue,,6012,6001,6012,6012,6001,6012,1,6012,0,0,,Click To Continue,Continue Button,10,object-24,trial,wait,ждать,23.mp4,Wait 2.jpg,,112
115,1696235023194,02/10/2023 08:23:43,1696245823194,3,02/10/2023 14:23:43,142916,11,task-1v1w,,31972835,wv990nwk,9454658,,complete,,,computer,Desktop or Laptop,Mac OS 10.15.7,Safari 16.3,1440x900,1440x820,Accepted,,0,familiarity ratings,17,rsl_list1,Not on phone,,Accepted,survey_list,23,trial,Screen 1,9lhd9n,1,response,7,2750,6001,6018,2750,6001,6018,1,2750,3268,0,,Rating Scale,Familiarity,5,object-10,trial,wait,ждать,23.mp4,Wait 2.jpg,,113
116,1696235023195,02/10/2023 08:23:43,1696245823195,3,02/10/2023 14:23:43,142916,11,task-1v1w,,31972835,wv990nwk,9454658,,complete,,,computer,Desktop or Laptop,Mac OS 10.15.7,Safari 16.3,1440x900,1440x820,Accepted,,0,familiarity ratings,17,rsl_list1,Not on phone,,Accepted,survey_list,23,trial,Screen 1,9lhd9n,1,response,yes,3601,6001,6018,3601,6001,6018,1,3601,2417,0,,Rating Scale,Use,7,object-12,trial,wait,ждать,23.mp4,Wait 2.jpg,,114
117,1696235023196,02/10/2023 08:23:43,1696245823196,3,02/10/2023 14:23:43,142916,11,task-1v1w,,31972835,wv990nwk,9454658,,complete,,,computer,Desktop or Laptop,Mac OS 10.15.7,Safari 16.3,1440x900,1440x820,Accepted,,0,familiarity ratings,17,rsl_list1,Not on phone,,Accepted,survey_list,23,trial,Screen 1,9lhd9n,1,response,7,4584,6001,6018,4584,6001,6018,1,4584,1434,0,,Rating Scale,Similarity,9,object-14,trial,wait,ждать,23.mp4,Wait 2.jpg,,115
118,1696235023511,02/10/2023 08:23:43,1696245823511,3,02/10/2023 14:23:43,142916,11,task-1v1w,,31972835,wv990nwk,9454658,,complete,,,computer,Desktop or Laptop,Mac OS 10.15.7,Safari 16.3,1440x900,1440x820,Accepted,,0,familiarity ratings,17,rsl_list1,Not on phone,,Accepted,survey_list,24,trial,Screen 1,9lhd9n,1,info,Video start,257.5820416866336,248,257.5820416866336,257.5820416866336,248,257.5820416866336,1,257.5820416866336,0,0,,Video,Video,2,object-8,trial,win,победить,24.mp4,Win 2.jpg,,116
119,1696235029350,02/10/2023 08:23:49,1696245829350,3,02/10/2023 14:23:49,142916,11,task-1v1w,,31972835,wv990nwk,9454658,,complete,,,computer,Desktop or Laptop,Mac OS 10.15.7,Safari 16.3,1440x900,1440x820,Accepted,,0,familiarity ratings,17,rsl_list1,Not on phone,,Accepted,survey_list,24,trial,Screen 1,9lhd9n,1,continue,,6175,6167,6175,6175,6167,6175,1,6175,0,0,,Click To Continue,Continue Button,10,object-24,trial,win,победить,24.mp4,Win 2.jpg,,117
120,1696235029351,02/10/2023 08:23:49,1696245829351,3,02/10/2023 14:23:49,142916,11,task-1v1w,,31972835,wv990nwk,9454658,,complete,,,computer,Desktop or Laptop,Mac OS 10.15.7,Safari 16.3,1440x900,1440x820,Accepted,,0,familiarity ratings,17,rsl_list1,Not on phone,,Accepted,survey_list,24,trial,Screen 1,9lhd9n,1,response,7,2632,6167,6176,2632,6167,6176,1,2632,3544,0,,Rating Scale,Familiarity,5,object-10,trial,win,победить,24.mp4,Win 2.jpg,,118
121,1696235029351,02/10/2023 08:23:49,1696245829351,3,02/10/2023 14:23:49,142916,11,task-1v1w,,31972835,wv990nwk,9454658,,complete,,,computer,Desktop or Laptop,Mac OS 10.15.7,Safari 16.3,1440x900,1440x820,Accepted,,0,familiarity ratings,17,rsl_list1,Not on phone,,Accepted,survey_list,24,trial,Screen 1,9lhd9n,1,response,yes,3450,6167,6177,3450,6167,6177,1,3450,2727,0,,Rating Scale,Use,7,object-12,trial,win,победить,24.mp4,Win 2.jpg,,119
122,1696235029351,02/10/2023 08:23:49,1696245829351,3,02/10/2023 14:23:49,142916,11,task-1v1w,,31972835,wv990nwk,9454658,,complete,,,computer,Desktop or Laptop,Mac OS 10.15.7,Safari 16.3,1440x900,1440x820,Accepted,,0,familiarity ratings,17,rsl_list1,Not on phone,,Accepted,survey_list,24,trial,Screen 1,9lhd9n,1,response,7,4554,6167,6177,4554,6167,6177,1,4554,1623,0,,Rating Scale,Similarity,9,object-14,trial,win,победить,24.mp4,Win 2.jpg,,120
123,1696235029679,02/10/2023 08:23:49,1696245829679,3,02/10/2023 14:23:49,142916,11,task-1v1w,,31972835,wv990nwk,9454658,,complete,,,computer,Desktop or Laptop,Mac OS 10.15.7,Safari 16.3,1440x900,1440x820,Accepted,,0,familiarity ratings,17,rsl_list1,Not on phone,,Accepted,survey_list,25,trial,Screen 1,9lhd9n,1,info,Video start,233.6085416614078,231,233.6085416614078,233.6085416614078,231,233.6085416614078,1,233.6085416614078,0,0,,Video,Video,2,object-8,trial,beauty,красота,25.mp4,Beauty 1.jpg,,121
124,1696235038688,02/10/2023 08:23:58,1696245838688,3,02/10/2023 14:23:58,142916,11,task-1v1w,,31972835,wv990nwk,9454658,,complete,,,computer,Desktop or Laptop,Mac OS 10.15.7,Safari 16.3,1440x900,1440x820,Accepted,,0,familiarity ratings,17,rsl_list1,Not on phone,,Accepted,survey_list,25,trial,Screen 1,9lhd9n,1,continue,,9346,9333,9346,9346,9333,9346,1,9346,0,0,,Click To Continue,Continue Button,10,object-24,trial,beauty,красота,25.mp4,Beauty 1.jpg,,122
125,1696235038694,02/10/2023 08:23:58,1696245838694,3,02/10/2023 14:23:58,142916,11,task-1v1w,,31972835,wv990nwk,9454658,,complete,,,computer,Desktop or Laptop,Mac OS 10.15.7,Safari 16.3,1440x900,1440x820,Accepted,,0,familiarity ratings,17,rsl_list1,Not on phone,,Accepted,survey_list,25,trial,Screen 1,9lhd9n,1,response,7,7017,9333,9349,7017,9333,9349,1,7017,2332,0,,Rating Scale,Familiarity,5,object-10,trial,beauty,красота,25.mp4,Beauty 1.jpg,,123
126,1696235038694,02/10/2023 08:23:58,1696245838694,3,02/10/2023 14:23:58,142916,11,task-1v1w,,31972835,wv990nwk,9454658,,complete,,,computer,Desktop or Laptop,Mac OS 10.15.7,Safari 16.3,1440x900,1440x820,Accepted,,0,familiarity ratings,17,rsl_list1,Not on phone,,Accepted,survey_list,25,trial,Screen 1,9lhd9n,1,response,yes,8167,9333,9349,8167,9333,9349,1,8167,1182,0,,Rating Scale,Use,7,object-12,trial,beauty,красота,25.mp4,Beauty 1.jpg,,124
127,1696235038695,02/10/2023 08:23:58,1696245838695,3,02/10/2023 14:23:58,142916,11,task-1v1w,,31972835,wv990nwk,9454658,,complete,,,computer,Desktop or Laptop,Mac OS 10.15.7,Safari 16.3,1440x900,1440x820,Accepted,,0,familiarity ratings,17,rsl_list1,Not on phone,,Accepted,survey_list,25,trial,Screen 1,9lhd9n,1,response,1,8867,9333,9349,8867,9333,9349,1,8867,482,0,,Rating Scale,Similarity,9,object-14,trial,beauty,красота,25.mp4,Beauty 1.jpg,,125
128,1696235039012,02/10/2023 08:23:59,1696245839012,3,02/10/2023 14:23:59,142916,11,task-1v1w,,31972835,wv990nwk,9454658,,complete,,,computer,Desktop or Laptop,Mac OS 10.15.7,Safari 16.3,1440x900,1440x820,Accepted,,0,familiarity ratings,17,rsl_list1,Not on phone,,Accepted,survey_list,26,trial,Screen 1,9lhd9n,1,info,Video start,201.13279167027213,198,201.13279167027213,201.13279167027213,198,201.13279167027213,1,201.13279167027213,0,0,,Video,Video,2,object-8,trial,book,книга,26.mp4,Book 1.jpg,,126
129,1696235044101,02/10/2023 08:24:04,1696245844101,3,02/10/2023 14:24:04,142916,11,task-1v1w,,31972835,wv990nwk,9454658,,complete,,,computer,Desktop or Laptop,Mac OS 10.15.7,Safari 16.3,1440x900,1440x820,Accepted,,0,familiarity ratings,17,rsl_list1,Not on phone,,Accepted,survey_list,26,trial,Screen 1,9lhd9n,1,continue,,5426,5418,5426,5426,5418,5426,1,5426,0,0,,Click To Continue,Continue Button,10,object-24,trial,book,книга,26.mp4,Book 1.jpg,,127
130,1696235044102,02/10/2023 08:24:04,1696245844102,3,02/10/2023 14:24:04,142916,11,task-1v1w,,31972835,wv990nwk,9454658,,complete,,,computer,Desktop or Laptop,Mac OS 10.15.7,Safari 16.3,1440x900,1440x820,Accepted,,0,familiarity ratings,17,rsl_list1,Not on phone,,Accepted,survey_list,26,trial,Screen 1,9lhd9n,1,response,7,3267,5418,5427,3267,5418,5427,1,3267,2160,0,,Rating Scale,Familiarity,5,object-10,trial,book,книга,26.mp4,Book 1.jpg,,128
131,1696235044102,02/10/2023 08:24:04,1696245844102,3,02/10/2023 14:24:04,142916,11,task-1v1w,,31972835,wv990nwk,9454658,,complete,,,computer,Desktop or Laptop,Mac OS 10.15.7,Safari 16.3,1440x900,1440x820,Accepted,,0,familiarity ratings,17,rsl_list1,Not on phone,,Accepted,survey_list,26,trial,Screen 1,9lhd9n,1,response,yes,3884,5418,5428.000000000058,3884,5418,5428.000000000058,1,3884,1544.0000000000582,0,,Rating Scale,Use,7,object-12,trial,book,книга,26.mp4,Book 1.jpg,,129
132,1696235044103,02/10/2023 08:24:04,1696245844103,3,02/10/2023 14:24:04,142916,11,task-1v1w,,31972835,wv990nwk,9454658,,complete,,,computer,Desktop or Laptop,Mac OS 10.15.7,Safari 16.3,1440x900,1440x820,Accepted,,0,familiarity ratings,17,rsl_list1,Not on phone,,Accepted,survey_list,26,trial,Screen 1,9lhd9n,1,response,7,4784,5418,5429,4784,5418,5429,1,4784,645,0,,Rating Scale,Similarity,9,object-14,trial,book,книга,26.mp4,Book 1.jpg,,130
133,1696235044422,02/10/2023 08:24:04,1696245844422,3,02/10/2023 14:24:04,142916,11,task-1v1w,,31972835,wv990nwk,9454658,,complete,,,computer,Desktop or Laptop,Mac OS 10.15.7,Safari 16.3,1440x900,1440x820,Accepted,,0,familiarity ratings,17,rsl_list1,Not on phone,,Accepted,survey_list,27,trial,Screen 1,9lhd9n,1,info,Video start,244,226,244,244,226,244,1,244,0,0,,Video,Video,2,object-8,trial,boy,мальчик,27.mp4,Boy 1.jpg,,131
134,1696235049903,02/10/2023 08:24:09,1696245849903,3,02/10/2023 14:24:09,142916,11,task-1v1w,,31972835,wv990nwk,9454658,,complete,,,computer,Desktop or Laptop,Mac OS 10.15.7,Safari 16.3,1440x900,1440x820,Accepted,,0,familiarity ratings,17,rsl_list1,Not on phone,,Accepted,survey_list,27,trial,Screen 1,9lhd9n,1,continue,,5810,5799,5810,5810,5799,5810,1,5810,0,0,,Click To Continue,Continue Button,10,object-24,trial,boy,мальчик,27.mp4,Boy 1.jpg,,132
135,1696235049910,02/10/2023 08:24:09,1696245849910,3,02/10/2023 14:24:09,142916,11,task-1v1w,,31972835,wv990nwk,9454658,,complete,,,computer,Desktop or Laptop,Mac OS 10.15.7,Safari 16.3,1440x900,1440x820,Accepted,,0,familiarity ratings,17,rsl_list1,Not on phone,,Accepted,survey_list,27,trial,Screen 1,9lhd9n,1,response,7,3515,5799,5816,3515,5799,5816,1,3515,2301,0,,Rating Scale,Familiarity,5,object-10,trial,boy,мальчик,27.mp4,Boy 1.jpg,,133
136,1696235049910,02/10/2023 08:24:09,1696245849910,3,02/10/2023 14:24:09,142916,11,task-1v1w,,31972835,wv990nwk,9454658,,complete,,,computer,Desktop or Laptop,Mac OS 10.15.7,Safari 16.3,1440x900,1440x820,Accepted,,0,familiarity ratings,17,rsl_list1,Not on phone,,Accepted,survey_list,27,trial,Screen 1,9lhd9n,1,response,yes,4232,5799,5816,4232,5799,5816,1,4232,1584,0,,Rating Scale,Use,7,object-12,trial,boy,мальчик,27.mp4,Boy 1.jpg,,134
137,1696235049911,02/10/2023 08:24:09,1696245849911,3,02/10/2023 14:24:09,142916,11,task-1v1w,,31972835,wv990nwk,9454658,,complete,,,computer,Desktop or Laptop,Mac OS 10.15.7,Safari 16.3,1440x900,1440x820,Accepted,,0,familiarity ratings,17,rsl_list1,Not on phone,,Accepted,survey_list,27,trial,Screen 1,9lhd9n,1,response,7,5149,5799,5816,5149,5799,5816,1,5149,667,0,,Rating Scale,Similarity,9,object-14,trial,boy,мальчик,27.mp4,Boy 1.jpg,,135
138,1696235050237,02/10/2023 08:24:10,1696245850237,3,02/10/2023 14:24:10,142916,11,task-1v1w,,31972835,wv990nwk,9454658,,complete,,,computer,Desktop or Laptop,Mac OS 10.15.7,Safari 16.3,1440x900,1440x820,Accepted,,0,familiarity ratings,17,rsl_list1,Not on phone,,Accepted,survey_list,28,trial,Screen 1,9lhd9n,1,info,Video start,249,232,249,249,232,249,1,249,0,0,,Video,Video,2,object-8,trial,children,дети,28.mp4,Children 1.jpg,,136
139,1696235056334,02/10/2023 08:24:16,1696245856334,3,02/10/2023 14:24:16,142916,11,task-1v1w,,31972835,wv990nwk,9454658,,complete,,,computer,Desktop or Laptop,Mac OS 10.15.7,Safari 16.3,1440x900,1440x820,Accepted,,0,familiarity ratings,17,rsl_list1,Not on phone,,Accepted,survey_list,28,trial,Screen 1,9lhd9n,1,continue,,6443,6434,6443,6443,6434,6443,1,6443,0,0,,Click To Continue,Continue Button,10,object-24,trial,children,дети,28.mp4,Children 1.jpg,,137
140,1696235056335,02/10/2023 08:24:16,1696245856335,3,02/10/2023 14:24:16,142916,11,task-1v1w,,31972835,wv990nwk,9454658,,complete,,,computer,Desktop or Laptop,Mac OS 10.15.7,Safari 16.3,1440x900,1440x820,Accepted,,0,familiarity ratings,17,rsl_list1,Not on phone,,Accepted,survey_list,28,trial,Screen 1,9lhd9n,1,response,7,3400,6434,6444.000000000058,3400,6434,6444.000000000058,1,3400,3044.000000000058,0,,Rating Scale,Familiarity,5,object-10,trial,children,дети,28.mp4,Children 1.jpg,,138
141,1696235056336,02/10/2023 08:24:16,1696245856336,3,02/10/2023 14:24:16,142916,11,task-1v1w,,31972835,wv990nwk,9454658,,complete,,,computer,Desktop or Laptop,Mac OS 10.15.7,Safari 16.3,1440x900,1440x820,Accepted,,0,familiarity ratings,17,rsl_list1,Not on phone,,Accepted,survey_list,28,trial,Screen 1,9lhd9n,1,response,yes,4150,6434,6445,4150,6434,6445,1,4150,2295,0,,Rating Scale,Use,7,object-12,trial,children,дети,28.mp4,Children 1.jpg,,139
142,1696235056336,02/10/2023 08:24:16,1696245856336,3,02/10/2023 14:24:16,142916,11,task-1v1w,,31972835,wv990nwk,9454658,,complete,,,computer,Desktop or Laptop,Mac OS 10.15.7,Safari 16.3,1440x900,1440x820,Accepted,,0,familiarity ratings,17,rsl_list1,Not on phone,,Accepted,survey_list,28,trial,Screen 1,9lhd9n,1,response,7,5634,6434,6445,5634,6434,6445,1,5634,811,0,,Rating Scale,Similarity,9,object-14,trial,children,дети,28.mp4,Children 1.jpg,,140
143,1696235056676,02/10/2023 08:24:16,1696245856676,3,02/10/2023 14:24:16,142916,11,task-1v1w,,31972835,wv990nwk,9454658,,complete,,,computer,Desktop or Laptop,Mac OS 10.15.7,Safari 16.3,1440x900,1440x820,Accepted,,0,familiarity ratings,17,rsl_list1,Not on phone,,Accepted,survey_list,29,trial,Screen 1,9lhd9n,1,info,Video start,214,197,214,214,197,214,1,214,0,0,,Video,Video,2,object-8,trial,coffee,кофе,29.mp4,Coffee 1.jpg,,141
144,1696235063033,02/10/2023 08:24:23,1696245863033,3,02/10/2023 14:24:23,142916,11,task-1v1w,,31972835,wv990nwk,9454658,,complete,,,computer,Desktop or Laptop,Mac OS 10.15.7,Safari 16.3,1440x900,1440x820,Accepted,,0,familiarity ratings,17,rsl_list1,Not on phone,,Accepted,survey_list,29,trial,Screen 1,9lhd9n,1,continue,,6705,6700,6705,6705,6700,6705,1,6705,0,0,,Click To Continue,Continue Button,10,object-24,trial,coffee,кофе,29.mp4,Coffee 1.jpg,,142
145,1696235063039,02/10/2023 08:24:23,1696245863039,3,02/10/2023 14:24:23,142916,11,task-1v1w,,31972835,wv990nwk,9454658,,complete,,,computer,Desktop or Laptop,Mac OS 10.15.7,Safari 16.3,1440x900,1440x820,Accepted,,0,familiarity ratings,17,rsl_list1,Not on phone,,Accepted,survey_list,29,trial,Screen 1,9lhd9n,1,response,7,4066,6700,6715,4066,6700,6715,1,4066,2649,0,,Rating Scale,Familiarity,5,object-10,trial,coffee,кофе,29.mp4,Coffee 1.jpg,,143
146,1696235063040,02/10/2023 08:24:23,1696245863040,3,02/10/2023 14:24:23,142916,11,task-1v1w,,31972835,wv990nwk,9454658,,complete,,,computer,Desktop or Laptop,Mac OS 10.15.7,Safari 16.3,1440x900,1440x820,Accepted,,0,familiarity ratings,17,rsl_list1,Not on phone,,Accepted,survey_list,29,trial,Screen 1,9lhd9n,1,response,yes,5300,6700,6715,5300,6700,6715,1,5300,1415,0,,Rating Scale,Use,7,object-12,trial,coffee,кофе,29.mp4,Coffee 1.jpg,,144
147,1696235063041,02/10/2023 08:24:23,1696245863041,3,02/10/2023 14:24:23,142916,11,task-1v1w,,31972835,wv990nwk,9454658,,complete,,,computer,Desktop or Laptop,Mac OS 10.15.7,Safari 16.3,1440x900,1440x820,Accepted,,0,familiarity ratings,17,rsl_list1,Not on phone,,Accepted,survey_list,29,trial,Screen 1,9lhd9n,1,response,4,6100,6700,6716,6100,6700,6716,1,6100,616,0,,Rating Scale,Similarity,9,object-14,trial,coffee,кофе,29.mp4,Coffee 1.jpg,,145
148,1696235063363,02/10/2023 08:24:23,1696245863363,3,02/10/2023 14:24:23,142916,11,task-1v1w,,31972835,wv990nwk,9454658,,complete,,,computer,Desktop or Laptop,Mac OS 10.15.7,Safari 16.3,1440x900,1440x820,Accepted,,0,familiarity ratings,17,rsl_list1,Not on phone,,Accepted,survey_list,30,trial,Screen 1,9lhd9n,1,info,Video start,257.84512499766424,253,257.84512499766424,257.84512499766424,253,257.84512499766424,1,257.84512499766424,0,0,,Video,Video,2,object-8,trial,cigar,чашка,30.mp4,Cigar 1.jpg,,146
149,1696235068419,02/10/2023 08:24:28,1696245868419,3,02/10/2023 14:24:28,142916,11,task-1v1w,,31972835,wv990nwk,9454658,,complete,,,computer,Desktop or Laptop,Mac OS 10.15.7,Safari 16.3,1440x900,1440x820,Accepted,,0,familiarity ratings,17,rsl_list1,Not on phone,,Accepted,survey_list,30,trial,Screen 1,9lhd9n,1,continue,,5393.000000000058,5385,5393.000000000058,5393.000000000058,5385,5393.000000000058,1,5393.000000000058,0,0,,Click To Continue,Continue Button,10,object-24,trial,cigar,чашка,30.mp4,Cigar 1.jpg,,147
150,1696235068420,02/10/2023 08:24:28,1696245868420,3,02/10/2023 14:24:28,142916,11,task-1v1w,,31972835,wv990nwk,9454658,,complete,,,computer,Desktop or Laptop,Mac OS 10.15.7,Safari 16.3,1440x900,1440x820,Accepted,,0,familiarity ratings,17,rsl_list1,Not on phone,,Accepted,survey_list,30,trial,Screen 1,9lhd9n,1,response,7,3100,5385,5395,3100,5385,5395,1,3100,2295,0,,Rating Scale,Familiarity,5,object-10,trial,cigar,чашка,30.mp4,Cigar 1.jpg,,148
151,1696235068421,02/10/2023 08:24:28,1696245868421,3,02/10/2023 14:24:28,142916,11,task-1v1w,,31972835,wv990nwk,9454658,,complete,,,computer,Desktop or Laptop,Mac OS 10.15.7,Safari 16.3,1440x900,1440x820,Accepted,,0,familiarity ratings,17,rsl_list1,Not on phone,,Accepted,survey_list,30,trial,Screen 1,9lhd9n,1,response,yes,3750,5385,5396,3750,5385,5396,1,3750,1646,0,,Rating Scale,Use,7,object-12,trial,cigar,чашка,30.mp4,Cigar 1.jpg,,149
152,1696235068422,02/10/2023 08:24:28,1696245868422,3,02/10/2023 14:24:28,142916,11,task-1v1w,,31972835,wv990nwk,9454658,,complete,,,computer,Desktop or Laptop,Mac OS 10.15.7,Safari 16.3,1440x900,1440x820,Accepted,,0,familiarity ratings,17,rsl_list1,Not on phone,,Accepted,survey_list,30,trial,Screen 1,9lhd9n,1,response,7,4567,5385,5396.999999999942,4567,5385,5396.999999999942,1,4567,829.9999999999418,0,,Rating Scale,Similarity,9,object-14,trial,cigar,чашка,30.mp4,Cigar 1.jpg,,150
153,1696235068742,02/10/2023 08:24:28,1696245868742,3,02/10/2023 14:24:28,142916,11,task-1v1w,,31972835,wv990nwk,9454658,,complete,,,computer,Desktop or Laptop,Mac OS 10.15.7,Safari 16.3,1440x900,1440x820,Accepted,,0,familiarity ratings,17,rsl_list1,Not on phone,,Accepted,survey_list,31,trial,Screen 1,9lhd9n,1,info,Video start,244,226,244,244,226,244,1,244,0,0,,Video,Video,2,object-8,trial,eagle,орёл,31.mp4,Eagle 1.jpg,,151
154,1696235074303,02/10/2023 08:24:34,1696245874303,3,02/10/2023 14:24:34,142916,11,task-1v1w,,31972835,wv990nwk,9454658,,complete,,,computer,Desktop or Laptop,Mac OS 10.15.7,Safari 16.3,1440x900,1440x820,Accepted,,0,familiarity ratings,17,rsl_list1,Not on phone,,Accepted,survey_list,31,trial,Screen 1,9lhd9n,1,continue,,5893.000000000058,5882,5893.000000000058,5893.000000000058,5882,5893.000000000058,1,5893.000000000058,0,0,,Click To Continue,Continue Button,10,object-24,trial,eagle,орёл,31.mp4,Eagle 1.jpg,,152
155,1696235074308,02/10/2023 08:24:34,1696245874308,3,02/10/2023 14:24:34,142916,11,task-1v1w,,31972835,wv990nwk,9454658,,complete,,,computer,Desktop or Laptop,Mac OS 10.15.7,Safari 16.3,1440x900,1440x820,Accepted,,0,familiarity ratings,17,rsl_list1,Not on phone,,Accepted,survey_list,31,trial,Screen 1,9lhd9n,1,response,7,2682,5882,5899,2682,5882,5899,1,2682,3217,0,,Rating Scale,Familiarity,5,object-10,trial,eagle,орёл,31.mp4,Eagle 1.jpg,,153
156,1696235074309,02/10/2023 08:24:34,1696245874309,3,02/10/2023 14:24:34,142916,11,task-1v1w,,31972835,wv990nwk,9454658,,complete,,,computer,Desktop or Laptop,Mac OS 10.15.7,Safari 16.3,1440x900,1440x820,Accepted,,0,familiarity ratings,17,rsl_list1,Not on phone,,Accepted,survey_list,31,trial,Screen 1,9lhd9n,1,response,yes,3315,5882,5899,3315,5882,5899,1,3315,2584,0,,Rating Scale,Use,7,object-12,trial,eagle,орёл,31.mp4,Eagle 1.jpg,,154
157,1696235074309,02/10/2023 08:24:34,1696245874309,3,02/10/2023 14:24:34,142916,11,task-1v1w,,31972835,wv990nwk,9454658,,complete,,,computer,Desktop or Laptop,Mac OS 10.15.7,Safari 16.3,1440x900,1440x820,Accepted,,0,familiarity ratings,17,rsl_list1,Not on phone,,Accepted,survey_list,31,trial,Screen 1,9lhd9n,1,response,7,4282,5882,5899,4282,5882,5899,1,4282,1617,0,,Rating Scale,Similarity,9,object-14,trial,eagle,орёл,31.mp4,Eagle 1.jpg,,155
158,1696235074631,02/10/2023 08:24:34,1696245874631,3,02/10/2023 14:24:34,142916,11,task-1v1w,,31972835,wv990nwk,9454658,,complete,,,computer,Desktop or Laptop,Mac OS 10.15.7,Safari 16.3,1440x900,1440x820,Accepted,,0,familiarity ratings,17,rsl_list1,Not on phone,,Accepted,survey_list,32,trial,Screen 1,9lhd9n,1,info,Video start,255.16374999284744,242,255.16374999284744,255.16374999284744,242,255.16374999284744,1,255.16374999284744,0,0,,Video,Video,2,object-8,trial,family,семья,32.mp4,Family 1.jpg,,156
159,1696235080686,02/10/2023 08:24:40,1696245880686,3,02/10/2023 14:24:40,142916,11,task-1v1w,,31972835,wv990nwk,9454658,,complete,,,computer,Desktop or Laptop,Mac OS 10.15.7,Safari 16.3,1440x900,1440x820,Accepted,,0,familiarity ratings,17,rsl_list1,Not on phone,,Accepted,survey_list,32,trial,Screen 1,9lhd9n,1,continue,,6394,6383,6394,6394,6383,6394,1,6394,0,0,,Click To Continue,Continue Button,10,object-24,trial,family,семья,32.mp4,Family 1.jpg,,157
160,1696235080688,02/10/2023 08:24:40,1696245880688,3,02/10/2023 14:24:40,142916,11,task-1v1w,,31972835,wv990nwk,9454658,,complete,,,computer,Desktop or Laptop,Mac OS 10.15.7,Safari 16.3,1440x900,1440x820,Accepted,,0,familiarity ratings,17,rsl_list1,Not on phone,,Accepted,survey_list,32,trial,Screen 1,9lhd9n,1,response,7,4183,6383,6396,4183,6383,6396,1,4183,2213,0,,Rating Scale,Familiarity,5,object-10,trial,family,семья,32.mp4,Family 1.jpg,,158
161,1696235080688,02/10/2023 08:24:40,1696245880688,3,02/10/2023 14:24:40,142916,11,task-1v1w,,31972835,wv990nwk,9454658,,complete,,,computer,Desktop or Laptop,Mac OS 10.15.7,Safari 16.3,1440x900,1440x820,Accepted,,0,familiarity ratings,17,rsl_list1,Not on phone,,Accepted,survey_list,32,trial,Screen 1,9lhd9n,1,response,yes,4850,6383,6397,4850,6383,6397,1,4850,1547,0,,Rating Scale,Use,7,object-12,trial,family,семья,32.mp4,Family 1.jpg,,159
162,1696235080689,02/10/2023 08:24:40,1696245880689,3,02/10/2023 14:24:40,142916,11,task-1v1w,,31972835,wv990nwk,9454658,,complete,,,computer,Desktop or Laptop,Mac OS 10.15.7,Safari 16.3,1440x900,1440x820,Accepted,,0,familiarity ratings,17,rsl_list1,Not on phone,,Accepted,survey_list,32,trial,Screen 1,9lhd9n,1,response,7,5666,6383,6397,5666,6383,6397,1,5666,731,0,,Rating Scale,Similarity,9,object-14,trial,family,семья,32.mp4,Family 1.jpg,,160
163,1696235081010,02/10/2023 08:24:41,1696245881010,3,02/10/2023 14:24:41,142916,11,task-1v1w,,31972835,wv990nwk,9454658,,complete,,,computer,Desktop or Laptop,Mac OS 10.15.7,Safari 16.3,1440x900,1440x820,Accepted,,0,familiarity ratings,17,rsl_list1,Not on phone,,Accepted,survey_list,33,trial,Screen 1,9lhd9n,1,info,Video start,272.5599166669417,266,272.5599166669417,272.5599166669417,266,272.5599166669417,1,272.5599166669417,0,0,,Video,Video,2,object-8,trial,flower,цветок,33.mp4,Flower 1.jpg,,161
164,1696235086352,02/10/2023 08:24:46,1696245886352,3,02/10/2023 14:24:46,142916,11,task-1v1w,,31972835,wv990nwk,9454658,,complete,,,computer,Desktop or Laptop,Mac OS 10.15.7,Safari 16.3,1440x900,1440x820,Accepted,,0,familiarity ratings,17,rsl_list1,Not on phone,,Accepted,survey_list,33,trial,Screen 1,9lhd9n,1,continue,,5677,5667,5677,5677,5667,5677,1,5677,0,0,,Click To Continue,Continue Button,10,object-24,trial,flower,цветок,33.mp4,Flower 1.jpg,,162
165,1696235086359,02/10/2023 08:24:46,1696245886359,3,02/10/2023 14:24:46,142916,11,task-1v1w,,31972835,wv990nwk,9454658,,complete,,,computer,Desktop or Laptop,Mac OS 10.15.7,Safari 16.3,1440x900,1440x820,Accepted,,0,familiarity ratings,17,rsl_list1,Not on phone,,Accepted,survey_list,33,trial,Screen 1,9lhd9n,1,response,7,3767,5667,5683,3767,5667,5683,1,3767,1916,0,,Rating Scale,Familiarity,5,object-10,trial,flower,цветок,33.mp4,Flower 1.jpg,,163
166,1696235086360,02/10/2023 08:24:46,1696245886360,3,02/10/2023 14:24:46,142916,11,task-1v1w,,31972835,wv990nwk,9454658,,complete,,,computer,Desktop or Laptop,Mac OS 10.15.7,Safari 16.3,1440x900,1440x820,Accepted,,0,familiarity ratings,17,rsl_list1,Not on phone,,Accepted,survey_list,33,trial,Screen 1,9lhd9n,1,response,yes,4334,5667,5683,4334,5667,5683,1,4334,1349,0,,Rating Scale,Use,7,object-12,trial,flower,цветок,33.mp4,Flower 1.jpg,,164
167,1696235086360,02/10/2023 08:24:46,1696245886360,3,02/10/2023 14:24:46,142916,11,task-1v1w,,31972835,wv990nwk,9454658,,complete,,,computer,Desktop or Laptop,Mac OS 10.15.7,Safari 16.3,1440x900,1440x820,Accepted,,0,familiarity ratings,17,rsl_list1,Not on phone,,Accepted,survey_list,33,trial,Screen 1,9lhd9n,1,response,7,5055,5667,5683,5055,5667,5683,1,5055,628,0,,Rating Scale,Similarity,9,object-14,trial,flower,цветок,33.mp4,Flower 1.jpg,,165
168,1696235086683,02/10/2023 08:24:46,1696245886683,3,02/10/2023 14:24:46,142916,11,task-1v1w,,31972835,wv990nwk,9454658,,complete,,,computer,Desktop or Laptop,Mac OS 10.15.7,Safari 16.3,1440x900,1440x820,Accepted,,0,familiarity ratings,17,rsl_list1,Not on phone,,Accepted,survey_list,34,trial,Screen 1,9lhd9n,1,info,Video start,238.06108334939927,237,238.06108334939927,238.06108334939927,237,238.06108334939927,1,238.06108334939927,0,0,,Video,Video,2,object-8,trial,change,изменение,34.mp4,Change 1.jpg,,166
169,1696235091050,02/10/2023 08:24:51,1696245891050,3,02/10/2023 14:24:51,142916,11,task-1v1w,,31972835,wv990nwk,9454658,,complete,,,computer,Desktop or Laptop,Mac OS 10.15.7,Safari 16.3,1440x900,1440x820,Accepted,,0,familiarity ratings,17,rsl_list1,Not on phone,,Accepted,survey_list,34,trial,Screen 1,9lhd9n,1,continue,,4708,4699,4708,4708,4699,4708,1,4708,0,0,,Click To Continue,Continue Button,10,object-24,trial,change,изменение,34.mp4,Change 1.jpg,,167
170,1696235091051,02/10/2023 08:24:51,1696245891051,3,02/10/2023 14:24:51,142916,11,task-1v1w,,31972835,wv990nwk,9454658,,complete,,,computer,Desktop or Laptop,Mac OS 10.15.7,Safari 16.3,1440x900,1440x820,Accepted,,0,familiarity ratings,17,rsl_list1,Not on phone,,Accepted,survey_list,34,trial,Screen 1,9lhd9n,1,response,7,2501,4699,4709,2501,4699,4709,1,2501,2208,0,,Rating Scale,Familiarity,5,object-10,trial,change,изменение,34.mp4,Change 1.jpg,,168
171,1696235091051,02/10/2023 08:24:51,1696245891051,3,02/10/2023 14:24:51,142916,11,task-1v1w,,31972835,wv990nwk,9454658,,complete,,,computer,Desktop or Laptop,Mac OS 10.15.7,Safari 16.3,1440x900,1440x820,Accepted,,0,familiarity ratings,17,rsl_list1,Not on phone,,Accepted,survey_list,34,trial,Screen 1,9lhd9n,1,response,yes,3150,4699,4710,3150,4699,4710,1,3150,1560,0,,Rating Scale,Use,7,object-12,trial,change,изменение,34.mp4,Change 1.jpg,,169
172,1696235091051,02/10/2023 08:24:51,1696245891051,3,02/10/2023 14:24:51,142916,11,task-1v1w,,31972835,wv990nwk,9454658,,complete,,,computer,Desktop or Laptop,Mac OS 10.15.7,Safari 16.3,1440x900,1440x820,Accepted,,0,familiarity ratings,17,rsl_list1,Not on phone,,Accepted,survey_list,34,trial,Screen 1,9lhd9n,1,response,7,4017,4699,4710,4017,4699,4710,1,4017,693,0,,Rating Scale,Similarity,9,object-14,trial,change,изменение,34.mp4,Change 1.jpg,,170
173,1696235091374,02/10/2023 08:24:51,1696245891374,3,02/10/2023 14:24:51,142916,11,task-1v1w,,31972835,wv990nwk,9454658,,complete,,,computer,Desktop or Laptop,Mac OS 10.15.7,Safari 16.3,1440x900,1440x820,Accepted,,0,familiarity ratings,17,rsl_list1,Not on phone,,Accepted,survey_list,35,trial,Screen 1,9lhd9n,1,info,Video start,231.37245833384804,216,231.37245833384804,231.37245833384804,216,231.37245833384804,1,231.37245833384804,0,0,,Video,Video,2,object-8,trial,metal,металл,35.mp4,Metal 1.jpg,,171
174,1696235097937,02/10/2023 08:24:57,1696245897937,3,02/10/2023 14:24:57,142916,11,task-1v1w,,31972835,wv990nwk,9454658,,complete,,,computer,Desktop or Laptop,Mac OS 10.15.7,Safari 16.3,1440x900,1440x820,Accepted,,0,familiarity ratings,17,rsl_list1,Not on phone,,Accepted,survey_list,35,trial,Screen 1,9lhd9n,1,continue,,6896.000000000116,6885,6896.000000000116,6896.000000000116,6885,6896.000000000116,1,6896.000000000116,0,0,,Click To Continue,Continue Button,10,object-24,trial,metal,металл,35.mp4,Metal 1.jpg,,172
175,1696235097943,02/10/2023 08:24:57,1696245897943,3,02/10/2023 14:24:57,142916,11,task-1v1w,,31972835,wv990nwk,9454658,,complete,,,computer,Desktop or Laptop,Mac OS 10.15.7,Safari 16.3,1440x900,1440x820,Accepted,,0,familiarity ratings,17,rsl_list1,Not on phone,,Accepted,survey_list,35,trial,Screen 1,9lhd9n,1,response,7,3451,6885,6902,3451,6885,6902,1,3451,3451,0,,Rating Scale,Familiarity,5,object-10,trial,metal,металл,35.mp4,Metal 1.jpg,,173
176,1696235097944,02/10/2023 08:24:57,1696245897944,3,02/10/2023 14:24:57,142916,11,task-1v1w,,31972835,wv990nwk,9454658,,complete,,,computer,Desktop or Laptop,Mac OS 10.15.7,Safari 16.3,1440x900,1440x820,Accepted,,0,familiarity ratings,17,rsl_list1,Not on phone,,Accepted,survey_list,35,trial,Screen 1,9lhd9n,1,response,yes,4051,6885,6902,4051,6885,6902,1,4051,2851,0,,Rating Scale,Use,7,object-12,trial,metal,металл,35.mp4,Metal 1.jpg,,174
177,1696235097945,02/10/2023 08:24:57,1696245897945,3,02/10/2023 14:24:57,142916,11,task-1v1w,,31972835,wv990nwk,9454658,,complete,,,computer,Desktop or Laptop,Mac OS 10.15.7,Safari 16.3,1440x900,1440x820,Accepted,,0,familiarity ratings,17,rsl_list1,Not on phone,,Accepted,survey_list,35,trial,Screen 1,9lhd9n,1,response,5,4835,6885,6902,4835,6885,6902,1,4835,2067,0,,Rating Scale,Similarity,9,object-14,trial,metal,металл,35.mp4,Metal 1.jpg,,175
178,1696235098270,02/10/2023 08:24:58,1696245898270,3,02/10/2023 14:24:58,142916,11,task-1v1w,,31972835,wv990nwk,9454658,,complete,,,computer,Desktop or Laptop,Mac OS 10.15.7,Safari 16.3,1440x900,1440x820,Accepted,,0,familiarity ratings,17,rsl_list1,Not on phone,,Accepted,survey_list,36,trial,Screen 1,9lhd9n,1,info,Video start,258.77391665102914,248,258.77391665102914,258.77391665102914,248,258.77391665102914,1,258.77391665102914,0,0,,Video,Video,2,object-8,trial,telephone,телефон,36.mp4,Telephone 1.jpg,,176
179,1696235102570,02/10/2023 08:25:02,1696245902570,3,02/10/2023 14:25:02,142916,11,task-1v1w,,31972835,wv990nwk,9454658,,complete,,,computer,Desktop or Laptop,Mac OS 10.15.7,Safari 16.3,1440x900,1440x820,Accepted,,0,familiarity ratings,17,rsl_list1,Not on phone,,Accepted,survey_list,36,trial,Screen 1,9lhd9n,1,continue,,4644,4634,4644,4644,4634,4644,1,4644,0,0,,Click To Continue,Continue Button,10,object-24,trial,telephone,телефон,36.mp4,Telephone 1.jpg,,177
180,1696235102571,02/10/2023 08:25:02,1696245902571,3,02/10/2023 14:25:02,142916,11,task-1v1w,,31972835,wv990nwk,9454658,,complete,,,computer,Desktop or Laptop,Mac OS 10.15.7,Safari 16.3,1440x900,1440x820,Accepted,,0,familiarity ratings,17,rsl_list1,Not on phone,,Accepted,survey_list,36,trial,Screen 1,9lhd9n,1,response,7,2433,4634,4646,2433,4634,4646,1,2433,2213,0,,Rating Scale,Familiarity,5,object-10,trial,telephone,телефон,36.mp4,Telephone 1.jpg,,178
181,1696235102572,02/10/2023 08:25:02,1696245902572,3,02/10/2023 14:25:02,142916,11,task-1v1w,,31972835,wv990nwk,9454658,,complete,,,computer,Desktop or Laptop,Mac OS 10.15.7,Safari 16.3,1440x900,1440x820,Accepted,,0,familiarity ratings,17,rsl_list1,Not on phone,,Accepted,survey_list,36,trial,Screen 1,9lhd9n,1,response,yes,3082,4634,4646,3082,4634,4646,1,3082,1564,0,,Rating Scale,Use,7,object-12,trial,telephone,телефон,36.mp4,Telephone 1.jpg,,179
182,1696235102572,02/10/2023 08:25:02,1696245902572,3,02/10/2023 14:25:02,142916,11,task-1v1w,,31972835,wv990nwk,9454658,,complete,,,computer,Desktop or Laptop,Mac OS 10.15.7,Safari 16.3,1440x900,1440x820,Accepted,,0,familiarity ratings,17,rsl_list1,Not on phone,,Accepted,survey_list,36,trial,Screen 1,9lhd9n,1,response,7,4017,4634,4647,4017,4634,4647,1,4017,630,0,,Rating Scale,Similarity,9,object-14,trial,telephone,телефон,36.mp4,Telephone 1.jpg,,180
183,1696235102895,02/10/2023 08:25:02,1696245902895,3,02/10/2023 14:25:02,142916,11,task-1v1w,,31972835,wv990nwk,9454658,,complete,,,computer,Desktop or Laptop,Mac OS 10.15.7,Safari 16.3,1440x900,1440x820,Accepted,,0,familiarity ratings,17,rsl_list1,Not on phone,,Accepted,survey_list,37,trial,Screen 1,9lhd9n,1,info,Video start,232.4563333322294,231,232.4563333322294,232.4563333322294,231,232.4563333322294,1,232.4563333322294,0,0,,Video,Video,2,object-8,trial,breathe,дышать,37.mp4,Breathe 1.jpg,,181
184,1696235107540,02/10/2023 08:25:07,1696245907540,3,02/10/2023 14:25:07,142916,11,task-1v1w,,31972835,wv990nwk,9454658,,complete,,,computer,Desktop or Laptop,Mac OS 10.15.7,Safari 16.3,1440x900,1440x820,Accepted,,0,familiarity ratings,17,rsl_list1,Not on phone,,Accepted,survey_list,37,trial,Screen 1,9lhd9n,1,continue,,4981,4966,4981,4981,4966,4981,1,4981,0,0,,Click To Continue,Continue Button,10,object-24,trial,breathe,дышать,37.mp4,Breathe 1.jpg,,182
185,1696235107541,02/10/2023 08:25:07,1696245907541,3,02/10/2023 14:25:07,142916,11,task-1v1w,,31972835,wv990nwk,9454658,,complete,,,computer,Desktop or Laptop,Mac OS 10.15.7,Safari 16.3,1440x900,1440x820,Accepted,,0,familiarity ratings,17,rsl_list1,Not on phone,,Accepted,survey_list,37,trial,Screen 1,9lhd9n,1,response,7,2216,4966,4982,2216,4966,4982,1,2216,2766,0,,Rating Scale,Familiarity,5,object-10,trial,breathe,дышать,37.mp4,Breathe 1.jpg,,183
186,1696235107541,02/10/2023 08:25:07,1696245907541,3,02/10/2023 14:25:07,142916,11,task-1v1w,,31972835,wv990nwk,9454658,,complete,,,computer,Desktop or Laptop,Mac OS 10.15.7,Safari 16.3,1440x900,1440x820,Accepted,,0,familiarity ratings,17,rsl_list1,Not on phone,,Accepted,survey_list,37,trial,Screen 1,9lhd9n,1,response,yes,2866,4966,4982,2866,4966,4982,1,2866,2116,0,,Rating Scale,Use,7,object-12,trial,breathe,дышать,37.mp4,Breathe 1.jpg,,184
187,1696235107542,02/10/2023 08:25:07,1696245907542,3,02/10/2023 14:25:07,142916,11,task-1v1w,,31972835,wv990nwk,9454658,,complete,,,computer,Desktop or Laptop,Mac OS 10.15.7,Safari 16.3,1440x900,1440x820,Accepted,,0,familiarity ratings,17,rsl_list1,Not on phone,,Accepted,survey_list,37,trial,Screen 1,9lhd9n,1,response,7,4299,4966,4982,4299,4966,4982,1,4299,683,0,,Rating Scale,Similarity,9,object-14,trial,breathe,дышать,37.mp4,Breathe 1.jpg,,185
188,1696235107854,02/10/2023 08:25:07,1696245907854,3,02/10/2023 14:25:07,142916,11,task-1v1w,,31972835,wv990nwk,9454658,,complete,,,computer,Desktop or Laptop,Mac OS 10.15.7,Safari 16.3,1440x900,1440x820,Accepted,,0,familiarity ratings,17,rsl_list1,Not on phone,,Accepted,survey_list,38,trial,Screen 1,9lhd9n,1,info,Video start,215,198,215,215,198,215,1,215,0,0,,Video,Video,2,object-8,trial,cry,плакать,38.mp4,Cry 1.jpg,,186
189,1696235112419,02/10/2023 08:25:12,1696245912419,3,02/10/2023 14:25:12,142916,11,task-1v1w,,31972835,wv990nwk,9454658,,complete,,,computer,Desktop or Laptop,Mac OS 10.15.7,Safari 16.3,1440x900,1440x820,Accepted,,0,familiarity ratings,17,rsl_list1,Not on phone,,Accepted,survey_list,38,trial,Screen 1,9lhd9n,1,continue,,4893,4883,4893,4893,4883,4893,1,4893,0,0,,Click To Continue,Continue Button,10,object-24,trial,cry,плакать,38.mp4,Cry 1.jpg,,187
190,1696235112429,02/10/2023 08:25:12,1696245912429,3,02/10/2023 14:25:12,142916,11,task-1v1w,,31972835,wv990nwk,9454658,,complete,,,computer,Desktop or Laptop,Mac OS 10.15.7,Safari 16.3,1440x900,1440x820,Accepted,,0,familiarity ratings,17,rsl_list1,Not on phone,,Accepted,survey_list,38,trial,Screen 1,9lhd9n,1,response,7,2667,4883,4899,2667,4883,4899,1,2667,2232,0,,Rating Scale,Familiarity,5,object-10,trial,cry,плакать,38.mp4,Cry 1.jpg,,188
191,1696235112429,02/10/2023 08:25:12,1696245912429,3,02/10/2023 14:25:12,142916,11,task-1v1w,,31972835,wv990nwk,9454658,,complete,,,computer,Desktop or Laptop,Mac OS 10.15.7,Safari 16.3,1440x900,1440x820,Accepted,,0,familiarity ratings,17,rsl_list1,Not on phone,,Accepted,survey_list,38,trial,Screen 1,9lhd9n,1,response,yes,3284,4883,4899,3284,4883,4899,1,3284,1615,0,,Rating Scale,Use,7,object-12,trial,cry,плакать,38.mp4,Cry 1.jpg,,189
192,1696235112430,02/10/2023 08:25:12,1696245912430,3,02/10/2023 14:25:12,142916,11,task-1v1w,,31972835,wv990nwk,9454658,,complete,,,computer,Desktop or Laptop,Mac OS 10.15.7,Safari 16.3,1440x900,1440x820,Accepted,,0,familiarity ratings,17,rsl_list1,Not on phone,,Accepted,survey_list,38,trial,Screen 1,9lhd9n,1,response,7,4184,4883,4899,4184,4883,4899,1,4184,715,0,,Rating Scale,Similarity,9,object-14,trial,cry,плакать,38.mp4,Cry 1.jpg,,190
193,1696235112749,02/10/2023 08:25:12,1696245912749,3,02/10/2023 14:25:12,142916,11,task-1v1w,,31972835,wv990nwk,9454658,,complete,,,computer,Desktop or Laptop,Mac OS 10.15.7,Safari 16.3,1440x900,1440x820,Accepted,,0,familiarity ratings,17,rsl_list1,Not on phone,,Accepted,survey_list,39,trial,Screen 1,9lhd9n,1,info,Video start,283.05795833840966,283,283.05795833840966,283.05795833840966,283,283.05795833840966,1,283.05795833840966,0,0,,Video,Video,2,object-8,trial,jump,прыгать,39.mp4,Jump 1.jpg,,191
194,1696235116837,02/10/2023 08:25:16,1696245916837,3,02/10/2023 14:25:16,142916,11,task-1v1w,,31972835,wv990nwk,9454658,,complete,,,computer,Desktop or Laptop,Mac OS 10.15.7,Safari 16.3,1440x900,1440x820,Accepted,,0,familiarity ratings,17,rsl_list1,Not on phone,,Accepted,survey_list,39,trial,Screen 1,9lhd9n,1,continue,,4429,4417,4429,4429,4417,4429,1,4429,0,0,,Click To Continue,Continue Button,10,object-24,trial,jump,прыгать,39.mp4,Jump 1.jpg,,192
195,1696235116837,02/10/2023 08:25:16,1696245916837,3,02/10/2023 14:25:16,142916,11,task-1v1w,,31972835,wv990nwk,9454658,,complete,,,computer,Desktop or Laptop,Mac OS 10.15.7,Safari 16.3,1440x900,1440x820,Accepted,,0,familiarity ratings,17,rsl_list1,Not on phone,,Accepted,survey_list,39,trial,Screen 1,9lhd9n,1,response,7,2367,4417,4429,2367,4417,4429,1,2367,2062,0,,Rating Scale,Familiarity,5,object-10,trial,jump,прыгать,39.mp4,Jump 1.jpg,,193
196,1696235116838,02/10/2023 08:25:16,1696245916838,3,02/10/2023 14:25:16,142916,11,task-1v1w,,31972835,wv990nwk,9454658,,complete,,,computer,Desktop or Laptop,Mac OS 10.15.7,Safari 16.3,1440x900,1440x820,Accepted,,0,familiarity ratings,17,rsl_list1,Not on phone,,Accepted,survey_list,39,trial,Screen 1,9lhd9n,1,response,yes,2984,4417,4430,2984,4417,4430,1,2984,1446,0,,Rating Scale,Use,7,object-12,trial,jump,прыгать,39.mp4,Jump 1.jpg,,194
197,1696235116838,02/10/2023 08:25:16,1696245916838,3,02/10/2023 14:25:16,142916,11,task-1v1w,,31972835,wv990nwk,9454658,,complete,,,computer,Desktop or Laptop,Mac OS 10.15.7,Safari 16.3,1440x900,1440x820,Accepted,,0,familiarity ratings,17,rsl_list1,Not on phone,,Accepted,survey_list,39,trial,Screen 1,9lhd9n,1,response,7,3784,4417,4430,3784,4417,4430,1,3784,646,0,,Rating Scale,Similarity,9,object-14,trial,jump,прыгать,39.mp4,Jump 1.jpg,,195
198,1696235117153,02/10/2023 08:25:17,1696245917153,3,02/10/2023 14:25:17,142916,11,task-1v1w,,31972835,wv990nwk,9454658,,complete,,,computer,Desktop or Laptop,Mac OS 10.15.7,Safari 16.3,1440x900,1440x820,Accepted,,0,familiarity ratings,17,rsl_list1,Not on phone,,Accepted,survey_list,40,trial,Screen 1,9lhd9n,1,info,Video start,217.67587501974776,215,217.67587501974776,217.67587501974776,215,217.67587501974776,1,217.67587501974776,0,0,,Video,Video,2,object-8,trial,leave,уйти,40.mp4,Leave 1.jpg,,196
199,1696235121337,02/10/2023 08:25:21,1696245921337,3,02/10/2023 14:25:21,142916,11,task-1v1w,,31972835,wv990nwk,9454658,,complete,,,computer,Desktop or Laptop,Mac OS 10.15.7,Safari 16.3,1440x900,1440x820,Accepted,,0,familiarity ratings,17,rsl_list1,Not on phone,,Accepted,survey_list,40,trial,Screen 1,9lhd9n,1,continue,,4511,4501,4511,4511,4501,4511,1,4511,0,0,,Click To Continue,Continue Button,10,object-24,trial,leave,уйти,40.mp4,Leave 1.jpg,,197
200,1696235121339,02/10/2023 08:25:21,1696245921339,3,02/10/2023 14:25:21,142916,11,task-1v1w,,31972835,wv990nwk,9454658,,complete,,,computer,Desktop or Laptop,Mac OS 10.15.7,Safari 16.3,1440x900,1440x820,Accepted,,0,familiarity ratings,17,rsl_list1,Not on phone,,Accepted,survey_list,40,trial,Screen 1,9lhd9n,1,response,7,2368,4501,4514,2368,4501,4514,1,2368,2146,0,,Rating Scale,Familiarity,5,object-10,trial,leave,уйти,40.mp4,Leave 1.jpg,,198
201,1696235121339,02/10/2023 08:25:21,1696245921339,3,02/10/2023 14:25:21,142916,11,task-1v1w,,31972835,wv990nwk,9454658,,complete,,,computer,Desktop or Laptop,Mac OS 10.15.7,Safari 16.3,1440x900,1440x820,Accepted,,0,familiarity ratings,17,rsl_list1,Not on phone,,Accepted,survey_list,40,trial,Screen 1,9lhd9n,1,response,yes,2917,4501,4514,2917,4501,4514,1,2917,1597,0,,Rating Scale,Use,7,object-12,trial,leave,уйти,40.mp4,Leave 1.jpg,,199
202,1696235121339,02/10/2023 08:25:21,1696245921339,3,02/10/2023 14:25:21,142916,11,task-1v1w,,31972835,wv990nwk,9454658,,complete,,,computer,Desktop or Laptop,Mac OS 10.15.7,Safari 16.3,1440x900,1440x820,Accepted,,0,familiarity ratings,17,rsl_list1,Not on phone,,Accepted,survey_list,40,trial,Screen 1,9lhd9n,1,response,7,3817,4501,4514,3817,4501,4514,1,3817,697,0,,Rating Scale,Similarity,9,object-14,trial,leave,уйти,40.mp4,Leave 1.jpg,,200
203,1696235121655,02/10/2023 08:25:21,1696245921655,3,02/10/2023 14:25:21,142916,11,task-1v1w,,31972835,wv990nwk,9454658,,complete,,,computer,Desktop or Laptop,Mac OS 10.15.7,Safari 16.3,1440x900,1440x820,Accepted,,0,familiarity ratings,17,rsl_list1,Not on phone,,Accepted,survey_list,41,trial,Screen 1,9lhd9n,1,info,Video start,236,220,236,236,220,236,1,236,0,0,,Video,Video,2,object-8,trial,lose,терять,41.mp4,Lose 1.jpg,,201
204,1696235126245,02/10/2023 08:25:26,1696245926245,3,02/10/2023 14:25:26,142916,11,task-1v1w,,31972835,wv990nwk,9454658,,complete,,,computer,Desktop or Laptop,Mac OS 10.15.7,Safari 16.3,1440x900,1440x820,Accepted,,0,familiarity ratings,17,rsl_list1,Not on phone,,Accepted,survey_list,41,trial,Screen 1,9lhd9n,1,continue,,4912,4900,4912,4912,4900,4912,1,4912,0,0,,Click To Continue,Continue Button,10,object-24,trial,lose,терять,41.mp4,Lose 1.jpg,,202
205,1696235126253,02/10/2023 08:25:26,1696245926253,3,02/10/2023 14:25:26,142916,11,task-1v1w,,31972835,wv990nwk,9454658,,complete,,,computer,Desktop or Laptop,Mac OS 10.15.7,Safari 16.3,1440x900,1440x820,Accepted,,0,familiarity ratings,17,rsl_list1,Not on phone,,Accepted,survey_list,41,trial,Screen 1,9lhd9n,1,response,7,2516,4900,4917,2516,4900,4917,1,2516,2401,0,,Rating Scale,Familiarity,5,object-10,trial,lose,терять,41.mp4,Lose 1.jpg,,203
206,1696235126254,02/10/2023 08:25:26,1696245926254,3,02/10/2023 14:25:26,142916,11,task-1v1w,,31972835,wv990nwk,9454658,,complete,,,computer,Desktop or Laptop,Mac OS 10.15.7,Safari 16.3,1440x900,1440x820,Accepted,,0,familiarity ratings,17,rsl_list1,Not on phone,,Accepted,survey_list,41,trial,Screen 1,9lhd9n,1,response,yes,3266,4900,4917,3266,4900,4917,1,3266,1651,0,,Rating Scale,Use,7,object-12,trial,lose,терять,41.mp4,Lose 1.jpg,,204
207,1696235126254,02/10/2023 08:25:26,1696245926254,3,02/10/2023 14:25:26,142916,11,task-1v1w,,31972835,wv990nwk,9454658,,complete,,,computer,Desktop or Laptop,Mac OS 10.15.7,Safari 16.3,1440x900,1440x820,Accepted,,0,familiarity ratings,17,rsl_list1,Not on phone,,Accepted,survey_list,41,trial,Screen 1,9lhd9n,1,response,7,4250,4900,4917,4250,4900,4917,1,4250,667,0,,Rating Scale,Similarity,9,object-14,trial,lose,терять,41.mp4,Lose 1.jpg,,205
208,1696235126581,02/10/2023 08:25:26,1696245926581,3,02/10/2023 14:25:26,142916,11,task-1v1w,,31972835,wv990nwk,9454658,,complete,,,computer,Desktop or Laptop,Mac OS 10.15.7,Safari 16.3,1440x900,1440x820,Accepted,,0,familiarity ratings,17,rsl_list1,Not on phone,,Accepted,survey_list,42,trial,Screen 1,9lhd9n,1,info,Video start,291.02629165980034,282,291.02629165980034,291.02629165980034,282,291.02629165980034,1,291.02629165980034,0,0,,Video,Video,2,object-8,trial,paint,рисовать,42.mp4,Paint 1.jpg,,206
209,1696235132886,02/10/2023 08:25:32,1696245932886,3,02/10/2023 14:25:32,142916,11,task-1v1w,,31972835,wv990nwk,9454658,,complete,,,computer,Desktop or Laptop,Mac OS 10.15.7,Safari 16.3,1440x900,1440x820,Accepted,,0,familiarity ratings,17,rsl_list1,Not on phone,,Accepted,survey_list,42,trial,Screen 1,9lhd9n,1,continue,,6660,6650,6660,6660,6650,6660,1,6660,0,0,,Click To Continue,Continue Button,10,object-24,trial,paint,рисовать,42.mp4,Paint 1.jpg,,207
210,1696235132887,02/10/2023 08:25:32,1696245932887,3,02/10/2023 14:25:32,142916,11,task-1v1w,,31972835,wv990nwk,9454658,,complete,,,computer,Desktop or Laptop,Mac OS 10.15.7,Safari 16.3,1440x900,1440x820,Accepted,,0,familiarity ratings,17,rsl_list1,Not on phone,,Accepted,survey_list,42,trial,Screen 1,9lhd9n,1,response,7,3683,6650,6662.000000000116,3683,6650,6662.000000000116,1,3683,2979.0000000001164,0,,Rating Scale,Familiarity,5,object-10,trial,paint,рисовать,42.mp4,Paint 1.jpg,,208
211,1696235132888,02/10/2023 08:25:32,1696245932888,3,02/10/2023 14:25:32,142916,11,task-1v1w,,31972835,wv990nwk,9454658,,complete,,,computer,Desktop or Laptop,Mac OS 10.15.7,Safari 16.3,1440x900,1440x820,Accepted,,0,familiarity ratings,17,rsl_list1,Not on phone,,Accepted,survey_list,42,trial,Screen 1,9lhd9n,1,response,yes,4350,6650,6662.000000000116,4350,6650,6662.000000000116,1,4350,2312.0000000001164,0,,Rating Scale,Use,7,object-12,trial,paint,рисовать,42.mp4,Paint 1.jpg,,209
212,1696235132889,02/10/2023 08:25:32,1696245932889,3,02/10/2023 14:25:32,142916,11,task-1v1w,,31972835,wv990nwk,9454658,,complete,,,computer,Desktop or Laptop,Mac OS 10.15.7,Safari 16.3,1440x900,1440x820,Accepted,,0,familiarity ratings,17,rsl_list1,Not on phone,,Accepted,survey_list,42,trial,Screen 1,9lhd9n,1,response,1,5533,6650,6663,5533,6650,6663,1,5533,1130,0,,Rating Scale,Similarity,9,object-14,trial,paint,рисовать,42.mp4,Paint 1.jpg,,210
213,1696235133211,02/10/2023 08:25:33,1696245933211,3,02/10/2023 14:25:33,142916,11,task-1v1w,,31972835,wv990nwk,9454658,,complete,,,computer,Desktop or Laptop,Mac OS 10.15.7,Safari 16.3,1440x900,1440x820,Accepted,,0,familiarity ratings,17,rsl_list1,Not on phone,,Accepted,survey_list,43,trial,Screen 1,9lhd9n,1,info,Video start,214,214,214,214,214,214,1,214,0,0,,Video,Video,2,object-8,trial,run,бежать,43.mp4,Run 1.jpg,,211
214,1696235137198,02/10/2023 08:25:37,1696245937198,3,02/10/2023 14:25:37,142916,11,task-1v1w,,31972835,wv990nwk,9454658,,complete,,,computer,Desktop or Laptop,Mac OS 10.15.7,Safari 16.3,1440x900,1440x820,Accepted,,0,familiarity ratings,17,rsl_list1,Not on phone,,Accepted,survey_list,43,trial,Screen 1,9lhd9n,1,continue,,4322,4320,4322,4322,4320,4322,1,4322,0,0,,Click To Continue,Continue Button,10,object-24,trial,run,бежать,43.mp4,Run 1.jpg,,212
215,1696235137208,02/10/2023 08:25:37,1696245937208,3,02/10/2023 14:25:37,142916,11,task-1v1w,,31972835,wv990nwk,9454658,,complete,,,computer,Desktop or Laptop,Mac OS 10.15.7,Safari 16.3,1440x900,1440x820,Accepted,,0,familiarity ratings,17,rsl_list1,Not on phone,,Accepted,survey_list,43,trial,Screen 1,9lhd9n,1,response,7,2300,4320,4333,2300,4320,4333,1,2300,2033,0,,Rating Scale,Familiarity,5,object-10,trial,run,бежать,43.mp4,Run 1.jpg,,213
216,1696235137209,02/10/2023 08:25:37,1696245937209,3,02/10/2023 14:25:37,142916,11,task-1v1w,,31972835,wv990nwk,9454658,,complete,,,computer,Desktop or Laptop,Mac OS 10.15.7,Safari 16.3,1440x900,1440x820,Accepted,,0,familiarity ratings,17,rsl_list1,Not on phone,,Accepted,survey_list,43,trial,Screen 1,9lhd9n,1,response,yes,3033,4320,4333,3033,4320,4333,1,3033,1300,0,,Rating Scale,Use,7,object-12,trial,run,бежать,43.mp4,Run 1.jpg,,214
217,1696235137209,02/10/2023 08:25:37,1696245937209,3,02/10/2023 14:25:37,142916,11,task-1v1w,,31972835,wv990nwk,9454658,,complete,,,computer,Desktop or Laptop,Mac OS 10.15.7,Safari 16.3,1440x900,1440x820,Accepted,,0,familiarity ratings,17,rsl_list1,Not on phone,,Accepted,survey_list,43,trial,Screen 1,9lhd9n,1,response,7,3700,4320,4333,3700,4320,4333,1,3700,633,0,,Rating Scale,Similarity,9,object-14,trial,run,бежать,43.mp4,Run 1.jpg,,215
218,1696235137530,02/10/2023 08:25:37,1696245937530,3,02/10/2023 14:25:37,142916,11,task-1v1w,,31972835,wv990nwk,9454658,,complete,,,computer,Desktop or Laptop,Mac OS 10.15.7,Safari 16.3,1440x900,1440x820,Accepted,,0,familiarity ratings,17,rsl_list1,Not on phone,,Accepted,survey_list,44,trial,Screen 1,9lhd9n,1,info,Video start,245,245,245,245,245,245,1,245,0,0,,Video,Video,2,object-8,trial,sing,петь,44.mp4,Sing 1.jpg,,216
219,1696235142514,02/10/2023 08:25:42,1696245942514,3,02/10/2023 14:25:42,142916,11,task-1v1w,,31972835,wv990nwk,9454658,,complete,,,computer,Desktop or Laptop,Mac OS 10.15.7,Safari 16.3,1440x900,1440x820,Accepted,,0,familiarity ratings,17,rsl_list1,Not on phone,,Accepted,survey_list,44,trial,Screen 1,9lhd9n,1,continue,,5317.000000000116,5314,5317.000000000116,5317.000000000116,5314,5317.000000000116,1,5317.000000000116,0,0,,Click To Continue,Continue Button,10,object-24,trial,sing,петь,44.mp4,Sing 1.jpg,,217
220,1696235142515,02/10/2023 08:25:42,1696245942515,3,02/10/2023 14:25:42,142916,11,task-1v1w,,31972835,wv990nwk,9454658,,complete,,,computer,Desktop or Laptop,Mac OS 10.15.7,Safari 16.3,1440x900,1440x820,Accepted,,0,familiarity ratings,17,rsl_list1,Not on phone,,Accepted,survey_list,44,trial,Screen 1,9lhd9n,1,response,7,3130,5314,5319,3130,5314,5319,1,3130,2189,0,,Rating Scale,Familiarity,5,object-10,trial,sing,петь,44.mp4,Sing 1.jpg,,218
221,1696235142515,02/10/2023 08:25:42,1696245942515,3,02/10/2023 14:25:42,142916,11,task-1v1w,,31972835,wv990nwk,9454658,,complete,,,computer,Desktop or Laptop,Mac OS 10.15.7,Safari 16.3,1440x900,1440x820,Accepted,,0,familiarity ratings,17,rsl_list1,Not on phone,,Accepted,survey_list,44,trial,Screen 1,9lhd9n,1,response,yes,3764,5314,5320,3764,5314,5320,1,3764,1556,0,,Rating Scale,Use,7,object-12,trial,sing,петь,44.mp4,Sing 1.jpg,,219
222,1696235142516,02/10/2023 08:25:42,1696245942516,3,02/10/2023 14:25:42,142916,11,task-1v1w,,31972835,wv990nwk,9454658,,complete,,,computer,Desktop or Laptop,Mac OS 10.15.7,Safari 16.3,1440x900,1440x820,Accepted,,0,familiarity ratings,17,rsl_list1,Not on phone,,Accepted,survey_list,44,trial,Screen 1,9lhd9n,1,response,7,4647,5314,5320,4647,5314,5320,1,4647,673,0,,Rating Scale,Similarity,9,object-14,trial,sing,петь,44.mp4,Sing 1.jpg,,220
223,1696235142861,02/10/2023 08:25:42,1696245942861,3,02/10/2023 14:25:42,142916,11,task-1v1w,,31972835,wv990nwk,9454658,,complete,,,computer,Desktop or Laptop,Mac OS 10.15.7,Safari 16.3,1440x900,1440x820,Accepted,,0,familiarity ratings,17,rsl_list1,Not on phone,,Accepted,survey_list,45,trial,Screen 1,9lhd9n,1,info,Video start,224,224,224,224,224,224,1,224,0,0,,Video,Video,2,object-8,trial,take,взять,45.mp4,Take 1.jpg,,221
224,1696235149519,02/10/2023 08:25:49,1696245949519,3,02/10/2023 14:25:49,142916,11,task-1v1w,,31972835,wv990nwk,9454658,,complete,,,computer,Desktop or Laptop,Mac OS 10.15.7,Safari 16.3,1440x900,1440x820,Accepted,,0,familiarity ratings,17,rsl_list1,Not on phone,,Accepted,survey_list,45,trial,Screen 1,9lhd9n,1,continue,,7008.000000000116,7000,7008.000000000116,7008.000000000116,7000,7008.000000000116,1,7008.000000000116,0,0,,Click To Continue,Continue Button,10,object-24,trial,take,взять,45.mp4,Take 1.jpg,,222
225,1696235149526,02/10/2023 08:25:49,1696245949526,3,02/10/2023 14:25:49,142916,11,task-1v1w,,31972835,wv990nwk,9454658,,complete,,,computer,Desktop or Laptop,Mac OS 10.15.7,Safari 16.3,1440x900,1440x820,Accepted,,0,familiarity ratings,17,rsl_list1,Not on phone,,Accepted,survey_list,45,trial,Screen 1,9lhd9n,1,response,7,4333,7000,7017,4333,7000,7017,1,4333,2684,0,,Rating Scale,Familiarity,5,object-10,trial,take,взять,45.mp4,Take 1.jpg,,223
226,1696235149527,02/10/2023 08:25:49,1696245949527,3,02/10/2023 14:25:49,142916,11,task-1v1w,,31972835,wv990nwk,9454658,,complete,,,computer,Desktop or Laptop,Mac OS 10.15.7,Safari 16.3,1440x900,1440x820,Accepted,,0,familiarity ratings,17,rsl_list1,Not on phone,,Accepted,survey_list,45,trial,Screen 1,9lhd9n,1,response,yes,4983,7000,7017,4983,7000,7017,1,4983,2034,0,,Rating Scale,Use,7,object-12,trial,take,взять,45.mp4,Take 1.jpg,,224
227,1696235149527,02/10/2023 08:25:49,1696245949527,3,02/10/2023 14:25:49,142916,11,task-1v1w,,31972835,wv990nwk,9454658,,complete,,,computer,Desktop or Laptop,Mac OS 10.15.7,Safari 16.3,1440x900,1440x820,Accepted,,0,familiarity ratings,17,rsl_list1,Not on phone,,Accepted,survey_list,45,trial,Screen 1,9lhd9n,1,response,5,6266,7000,7017,6266,7000,7017,1,6266,751,0,,Rating Scale,Similarity,9,object-14,trial,take,взять,45.mp4,Take 1.jpg,,225
228,1696235149863,02/10/2023 08:25:49,1696245949863,3,02/10/2023 14:25:49,142916,11,task-1v1w,,31972835,wv990nwk,9454658,,complete,,,computer,Desktop or Laptop,Mac OS 10.15.7,Safari 16.3,1440x900,1440x820,Accepted,,0,familiarity ratings,17,rsl_list1,Not on phone,,Accepted,survey_list,46,trial,Screen 1,9lhd9n,1,info,Video start,216.60716665512882,214,216.60716665512882,216.60716665512882,214,216.60716665512882,1,216.60716665512882,0,0,,Video,Video,2,object-8,trial,think,думать,46.mp4,Think 1.jpg,,226
229,1696235154001,02/10/2023 08:25:54,1696245954001,3,02/10/2023 14:25:54,142916,11,task-1v1w,,31972835,wv990nwk,9454658,,complete,,,computer,Desktop or Laptop,Mac OS 10.15.7,Safari 16.3,1440x900,1440x820,Accepted,,0,familiarity ratings,17,rsl_list1,Not on phone,,Accepted,survey_list,46,trial,Screen 1,9lhd9n,1,continue,,4491,4483,4491,4491,4483,4491,1,4491,0,0,,Click To Continue,Continue Button,10,object-24,trial,think,думать,46.mp4,Think 1.jpg,,227
230,1696235154002,02/10/2023 08:25:54,1696245954002,3,02/10/2023 14:25:54,142916,11,task-1v1w,,31972835,wv990nwk,9454658,,complete,,,computer,Desktop or Laptop,Mac OS 10.15.7,Safari 16.3,1440x900,1440x820,Accepted,,0,familiarity ratings,17,rsl_list1,Not on phone,,Accepted,survey_list,46,trial,Screen 1,9lhd9n,1,response,7,2283,4483,4492,2283,4483,4492,1,2283,2209,0,,Rating Scale,Familiarity,5,object-10,trial,think,думать,46.mp4,Think 1.jpg,,228
231,1696235154002,02/10/2023 08:25:54,1696245954002,3,02/10/2023 14:25:54,142916,11,task-1v1w,,31972835,wv990nwk,9454658,,complete,,,computer,Desktop or Laptop,Mac OS 10.15.7,Safari 16.3,1440x900,1440x820,Accepted,,0,familiarity ratings,17,rsl_list1,Not on phone,,Accepted,survey_list,46,trial,Screen 1,9lhd9n,1,response,yes,2867,4483,4493,2867,4483,4493,1,2867,1626,0,,Rating Scale,Use,7,object-12,trial,think,думать,46.mp4,Think 1.jpg,,229
232,1696235154003,02/10/2023 08:25:54,1696245954003,3,02/10/2023 14:25:54,142916,11,task-1v1w,,31972835,wv990nwk,9454658,,complete,,,computer,Desktop or Laptop,Mac OS 10.15.7,Safari 16.3,1440x900,1440x820,Accepted,,0,familiarity ratings,17,rsl_list1,Not on phone,,Accepted,survey_list,46,trial,Screen 1,9lhd9n,1,response,7,3900,4483,4493,3900,4483,4493,1,3900,593,0,,Rating Scale,Similarity,9,object-14,trial,think,думать,46.mp4,Think 1.jpg,,230
233,1696235154347,02/10/2023 08:25:54,1696245954347,3,02/10/2023 14:25:54,142916,11,task-1v1w,,31972835,wv990nwk,9454658,,complete,,,computer,Desktop or Laptop,Mac OS 10.15.7,Safari 16.3,1440x900,1440x820,Accepted,,0,familiarity ratings,17,rsl_list1,Not on phone,,Accepted,survey_list,47,trial,Screen 1,9lhd9n,1,info,Video start,255.5779166657012,248,255.5779166657012,255.5779166657012,248,255.5779166657012,1,255.5779166657012,0,0,,Video,Video,2,object-8,trial,watch,смотреть,47.mp4,Watch 1.jpg,,231
234,1696235159006,02/10/2023 08:25:59,1696245959006,3,02/10/2023 14:25:59,142916,11,task-1v1w,,31972835,wv990nwk,9454658,,complete,,,computer,Desktop or Laptop,Mac OS 10.15.7,Safari 16.3,1440x900,1440x820,Accepted,,0,familiarity ratings,17,rsl_list1,Not on phone,,Accepted,survey_list,47,trial,Screen 1,9lhd9n,1,continue,,5013,5001,5013,5013,5001,5013,1,5013,0,0,,Click To Continue,Continue Button,10,object-24,trial,watch,смотреть,47.mp4,Watch 1.jpg,,232
235,1696235159007,02/10/2023 08:25:59,1696245959007,3,02/10/2023 14:25:59,142916,11,task-1v1w,,31972835,wv990nwk,9454658,,complete,,,computer,Desktop or Laptop,Mac OS 10.15.7,Safari 16.3,1440x900,1440x820,Accepted,,0,familiarity ratings,17,rsl_list1,Not on phone,,Accepted,survey_list,47,trial,Screen 1,9lhd9n,1,response,7,2567,5001,5015,2567,5001,5015,1,2567,2448,0,,Rating Scale,Familiarity,5,object-10,trial,watch,смотреть,47.mp4,Watch 1.jpg,,233
236,1696235159008,02/10/2023 08:25:59,1696245959008,3,02/10/2023 14:25:59,142916,11,task-1v1w,,31972835,wv990nwk,9454658,,complete,,,computer,Desktop or Laptop,Mac OS 10.15.7,Safari 16.3,1440x900,1440x820,Accepted,,0,familiarity ratings,17,rsl_list1,Not on phone,,Accepted,survey_list,47,trial,Screen 1,9lhd9n,1,response,yes,3500,5001,5016,3500,5001,5016,1,3500,1516,0,,Rating Scale,Use,7,object-12,trial,watch,смотреть,47.mp4,Watch 1.jpg,,234
237,1696235159008,02/10/2023 08:25:59,1696245959008,3,02/10/2023 14:25:59,142916,11,task-1v1w,,31972835,wv990nwk,9454658,,complete,,,computer,Desktop or Laptop,Mac OS 10.15.7,Safari 16.3,1440x900,1440x820,Accepted,,0,familiarity ratings,17,rsl_list1,Not on phone,,Accepted,survey_list,47,trial,Screen 1,9lhd9n,1,response,7,4350,5001,5016,4350,5001,5016,1,4350,666,0,,Rating Scale,Similarity,9,object-14,trial,watch,смотреть,47.mp4,Watch 1.jpg,,235
238,1696235159345,02/10/2023 08:25:59,1696245959345,3,02/10/2023 14:25:59,142916,11,task-1v1w,,31972835,wv990nwk,9454658,,complete,,,computer,Desktop or Laptop,Mac OS 10.15.7,Safari 16.3,1440x900,1440x820,Accepted,,0,familiarity ratings,17,rsl_list1,Not on phone,,Accepted,survey_list,48,trial,Screen 1,9lhd9n,1,info,Video start,290.31091664137784,282,290.31091664137784,290.31091664137784,282,290.31091664137784,1,290.31091664137784,0,0,,Video,Video,2,object-8,trial,write,писать,48.mp4,Write 1.jpg,,236
239,1696235163886,02/10/2023 08:26:03,1696245963886,3,02/10/2023 14:26:03,142916,11,task-1v1w,,31972835,wv990nwk,9454658,,complete,,,computer,Desktop or Laptop,Mac OS 10.15.7,Safari 16.3,1440x900,1440x820,Accepted,,0,familiarity ratings,17,rsl_list1,Not on phone,,Accepted,survey_list,48,trial,Screen 1,9lhd9n,1,continue,,4893,4883,4893,4893,4883,4893,1,4893,0,0,,Click To Continue,Continue Button,10,object-24,trial,write,писать,48.mp4,Write 1.jpg,,237
240,1696235163893,02/10/2023 08:26:03,1696245963893,3,02/10/2023 14:26:03,142916,11,task-1v1w,,31972835,wv990nwk,9454658,,complete,,,computer,Desktop or Laptop,Mac OS 10.15.7,Safari 16.3,1440x900,1440x820,Accepted,,0,familiarity ratings,17,rsl_list1,Not on phone,,Accepted,survey_list,48,trial,Screen 1,9lhd9n,1,response,7,2550,4883,4900,2550,4883,4900,1,2550,2350,0,,Rating Scale,Familiarity,5,object-10,trial,write,писать,48.mp4,Write 1.jpg,,238
241,1696235163893,02/10/2023 08:26:03,1696245963893,3,02/10/2023 14:26:03,142916,11,task-1v1w,,31972835,wv990nwk,9454658,,complete,,,computer,Desktop or Laptop,Mac OS 10.15.7,Safari 16.3,1440x900,1440x820,Accepted,,0,familiarity ratings,17,rsl_list1,Not on phone,,Accepted,survey_list,48,trial,Screen 1,9lhd9n,1,response,yes,3333,4883,4900,3333,4883,4900,1,3333,1567,0,,Rating Scale,Use,7,object-12,trial,write,писать,48.mp4,Write 1.jpg,,239
242,1696235163894,02/10/2023 08:26:03,1696245963894,3,02/10/2023 14:26:03,142916,11,task-1v1w,,31972835,wv990nwk,9454658,,complete,,,computer,Desktop or Laptop,Mac OS 10.15.7,Safari 16.3,1440x900,1440x820,Accepted,,0,familiarity ratings,17,rsl_list1,Not on phone,,Accepted,survey_list,48,trial,Screen 1,9lhd9n,1,response,7,4250,4883,4901,4250,4883,4901,1,4250,651,0,,Rating Scale,Similarity,9,object-14,trial,write,писать,48.mp4,Write 1.jpg,,240
243,1696235165938,02/10/2023 08:26:05,1696245965938,3,02/10/2023 14:26:05,142916,11,task-1v1w,,31972835,wv990nwk,9454658,,complete,,,computer,Desktop or Laptop,Mac OS 10.15.7,Safari 16.3,1440x900,1440x820,Accepted,,0,familiarity ratings,17,rsl_list1,Not on phone,,Accepted,survey_list,1,End,Screen 1,nvwgyp,1,continue,,2062,2050,2062,2062,2050,2062,1,2062,0,0,,Click To Continue,Continue Button,2,object-18,End,,,,,,240
244,1696235165946,02/10/2023 08:26:05,1696245965946,3,02/10/2023 14:26:05,142916,11,task-1v1w,,31972835,wv990nwk,9454658,,complete,,,computer,Desktop or Laptop,Mac OS 10.15.7,Safari 16.3,1440x900,1440x820,Accepted,,0,familiarity ratings,17,rsl_list1,Not on phone,,Accepted,survey_list,,,,,,5,END,,,,,,,0,,,,,,,,,,,,,,,
END OF FILE
