Event Index,UTC Timestamp,UTC Date and Time,Local Timestamp,Local Timezone,Local Date and Time,Experiment ID,Experiment Version,Tree Node Key,Repeat Key,Schedule ID,Participant Public ID,Participant Private ID,Participant Starting Group,Participant Status,Participant Completion Code,Participant External Session ID,Participant Device Type,Participant Device,Participant OS,Participant Browser,Participant Monitor Size,Participant Viewport Size,Checkpoint,Room ID,Room Order,Task Name,Task Version,randomiser-j45v,branch-cyxv,checkpoint-t1lc,checkpoint-isbn,Spreadsheet,Trial Number,Display,Screen,Screen ID,Screen Counter,Response Type,Response,Onset Time,Clock Time,Reaction Time,Absolute Onset Time,Absolute Clock Time,Absolute Reaction Time,Correct,Response Onset,Response Duration,Proportion,Tag,Component Name,Object Name,Object Number,Object ID,Spreadsheet: display,Spreadsheet: picture,Spreadsheet: video,Spreadsheet: condition,Spreadsheet: correct,Spreadsheet: trial,Spreadsheet: item,Spreadsheet: index,Spreadsheet: randomise_trials,Manipulation: Spreadsheet,Store: correct,Store: total
1,1696595621418,06/10/2023 12:33:41,1696606421418,3,06/10/2023 18:33:41,142916,13,task-3k5q,,32071791,nk2u0tdp,9483878,,complete,,,computer,Desktop or Laptop,Windows 10,Firefox 118.0,1920x1080,1920x899,Accepted,,0,rsl experimental trials list1,26,rsl_list1,Not on phone,,Accepted,rsl_list1,,,,,,5,BEGIN,,,,,,,0,,,,,,,,,,,,,,,,,,,,
2,1696595636468,06/10/2023 12:33:56,1696606436468,3,06/10/2023 18:33:56,142916,13,task-3k5q,,32071791,nk2u0tdp,9483878,,complete,,,computer,Desktop or Laptop,Windows 10,Firefox 118.0,1920x1080,1920x899,Accepted,,0,rsl experimental trials list1,26,rsl_list1,Not on phone,,Accepted,rsl_list1,1,instructions,Screen 1,9upwou,1,continue,,10581.580000000002,10570.46,10581.580000000002,10581.580000000002,10570.46,10581.580000000002,1,10581.580000000002,0,0,,Space To Continue,Continue Button,2,object-48,instructions,,,,,,,,,,,
3,1696595636473,06/10/2023 12:33:56,1696606436473,3,06/10/2023 18:33:56,142916,13,task-3k5q,,32071791,nk2u0tdp,9483878,,complete,,,computer,Desktop or Laptop,Windows 10,Firefox 118.0,1920x1080,1920x899,Accepted,,0,rsl experimental trials list1,26,rsl_list1,Not on phone,,Accepted,rsl_list1,1,instructions,Screen 1,9upwou,1,continue,,10587.119999999995,10570.46,10587.119999999995,10587.119999999995,10570.46,10587.119999999995,1,10587.119999999995,0,0,,Space To Continue,Continue Button,2,object-48,instructions,,,,,,,,,,,
4,1696595636959,06/10/2023 12:33:56,1696606436959,3,06/10/2023 18:33:56,142916,13,task-3k5q,,32071791,nk2u0tdp,9483878,,complete,,,computer,Desktop or Laptop,Windows 10,Firefox 118.0,1920x1080,1920x899,Accepted,,0,rsl experimental trials list1,26,rsl_list1,Not on phone,,Accepted,rsl_list1,1,match,Screen 1,nmofvp,1,continue,,500,500,500,500,500,500,1,500,0,0,,Fixation Timing,,1,object-167,match,Cabbage 2.jpg,1.mp4,same,same,target,cabbage,1,1,,,
5,1696595637958,06/10/2023 12:33:57,1696606437958,3,06/10/2023 18:33:57,142916,13,task-3k5q,,32071791,nk2u0tdp,9483878,,complete,,,computer,Desktop or Laptop,Windows 10,Firefox 118.0,1920x1080,1920x899,Accepted,,0,rsl experimental trials list1,26,rsl_list1,Not on phone,,Accepted,rsl_list1,1,match,Screen 2,pevo7u,2,timedOut,,1002.1200000000026,1000,1002.1200000000026,1002.1200000000026,1000,1002.1200000000026,0,1002.1200000000026,0,0,,Time Limit,screen,0,screen,match,Cabbage 2.jpg,1.mp4,same,same,target,cabbage,1,1,,,
6,1696595638259,06/10/2023 12:33:58,1696606438259,3,06/10/2023 18:33:58,142916,13,task-3k5q,,32071791,nk2u0tdp,9483878,,complete,,,computer,Desktop or Laptop,Windows 10,Firefox 118.0,1920x1080,1920x899,Accepted,,0,rsl experimental trials list1,26,rsl_list1,Not on phone,,Accepted,rsl_list1,1,match,Screen 3,z1irvt,3,timedOut,,302.1200000000026,300,302.1200000000026,302.1200000000026,300,302.1200000000026,1,302.1200000000026,0,0,,Time Limit,screen,0,screen,match,Cabbage 2.jpg,1.mp4,same,same,target,cabbage,1,1,,,
7,1696595638576,06/10/2023 12:33:58,1696606438576,3,06/10/2023 18:33:58,142916,13,task-3k5q,,32071791,nk2u0tdp,9483878,,complete,,,computer,Desktop or Laptop,Windows 10,Firefox 118.0,1920x1080,1920x899,Accepted,,0,rsl experimental trials list1,26,rsl_list1,Not on phone,,Accepted,rsl_list1,1,match,Screen 4,9wlxvm,4,info,Video start,70.13800000000262,66.47999999999593,70.13800000000262,70.13800000000262,66.47999999999593,70.13800000000262,1,70.13800000000262,0,0,,Video,video,1,object-178,match,Cabbage 2.jpg,1.mp4,same,same,target,cabbage,1,1,,,
8,1696595652305,06/10/2023 12:34:12,1696606452305,3,06/10/2023 18:34:12,142916,13,task-3k5q,,32071791,nk2u0tdp,9483878,,complete,,,computer,Desktop or Laptop,Windows 10,Firefox 118.0,1920x1080,1920x899,Accepted,,0,rsl experimental trials list1,26,rsl_list1,Not on phone,,Accepted,rsl_list1,1,match,Screen 4,9wlxvm,4,response,match,14049.120000000003,14039.099999999999,14049.120000000003,14049.120000000003,14039.099999999999,14049.120000000003,1,14049.120000000003,0,0,,Keyboard Response,Keyboard Response,6,object-183,match,Cabbage 2.jpg,1.mp4,same,same,target,cabbage,1,1,,,
9,1696595652796,06/10/2023 12:34:12,1696606452796,3,06/10/2023 18:34:12,142916,13,task-3k5q,,32071791,nk2u0tdp,9483878,,complete,,,computer,Desktop or Laptop,Windows 10,Firefox 118.0,1920x1080,1920x899,Accepted,,0,rsl experimental trials list1,26,rsl_list1,Not on phone,,Accepted,rsl_list1,1,nomatch,Screen 1,8mz8sc,1,continue,,500,500,500,500,500,500,1,500,0,0,,Fixation Timing,,1,object-186,nomatch,Metal 2.jpg,83.mp4,different,different,foil,na,83,1,,,
10,1696595653797,06/10/2023 12:34:13,1696606453797,3,06/10/2023 18:34:13,142916,13,task-3k5q,,32071791,nk2u0tdp,9483878,,complete,,,computer,Desktop or Laptop,Windows 10,Firefox 118.0,1920x1080,1920x899,Accepted,,0,rsl experimental trials list1,26,rsl_list1,Not on phone,,Accepted,rsl_list1,1,nomatch,Screen 2,zhfxqk,2,timedOut,,1001.0200000000041,1000,1001.0200000000041,1001.0200000000041,1000,1001.0200000000041,0,1001.0200000000041,0,0,,Time Limit,screen,0,screen,nomatch,Metal 2.jpg,83.mp4,different,different,foil,na,83,1,,,
11,1696595654097,06/10/2023 12:34:14,1696606454097,3,06/10/2023 18:34:14,142916,13,task-3k5q,,32071791,nk2u0tdp,9483878,,complete,,,computer,Desktop or Laptop,Windows 10,Firefox 118.0,1920x1080,1920x899,Accepted,,0,rsl experimental trials list1,26,rsl_list1,Not on phone,,Accepted,rsl_list1,1,nomatch,Screen 3,d73ena,3,timedOut,,301.0200000000041,300,301.0200000000041,301.0200000000041,300,301.0200000000041,1,301.0200000000041,0,0,,Time Limit,screen,0,screen,nomatch,Metal 2.jpg,83.mp4,different,different,foil,na,83,1,,,
12,1696595654416,06/10/2023 12:34:14,1696606454416,3,06/10/2023 18:34:14,142916,13,task-3k5q,,32071791,nk2u0tdp,9483878,,complete,,,computer,Desktop or Laptop,Windows 10,Firefox 118.0,1920x1080,1920x899,Accepted,,0,rsl experimental trials list1,26,rsl_list1,Not on phone,,Accepted,rsl_list1,1,nomatch,Screen 4,kfk7dt,4,info,Video start,219.44200000000407,216.59999999996217,219.44200000000407,219.44200000000407,216.59999999996217,219.44200000000407,0,219.44200000000407,0,0,,Video,video,1,object-204,nomatch,Metal 2.jpg,83.mp4,different,different,foil,na,83,1,,,
13,1696595656089,06/10/2023 12:34:16,1696606456089,3,06/10/2023 18:34:16,142916,13,task-3k5q,,32071791,nk2u0tdp,9483878,,complete,,,computer,Desktop or Laptop,Windows 10,Firefox 118.0,1920x1080,1920x899,Accepted,,0,rsl experimental trials list1,26,rsl_list1,Not on phone,,Accepted,rsl_list1,1,nomatch,Screen 4,kfk7dt,4,response,nomatch,1994.020000000004,1983.340000000011,1994.020000000004,1994.020000000004,1983.340000000011,1994.020000000004,0,1994.020000000004,0,0,,Keyboard Response,Keyboard Response,6,object-209,nomatch,Metal 2.jpg,83.mp4,different,different,foil,na,83,1,,,
14,1696595656581,06/10/2023 12:34:16,1696606456581,3,06/10/2023 18:34:16,142916,13,task-3k5q,,32071791,nk2u0tdp,9483878,,complete,,,computer,Desktop or Laptop,Windows 10,Firefox 118.0,1920x1080,1920x899,Accepted,,0,rsl experimental trials list1,26,rsl_list1,Not on phone,,Accepted,rsl_list1,2,match,Screen 1,nmofvp,1,continue,,500,500,500,500,500,500,1,500,0,0,,Fixation Timing,,1,object-167,match,Eagle 1.jpg,31.mp4,different,same,target,eagle,31,1,,,
15,1696595657581,06/10/2023 12:34:17,1696606457581,3,06/10/2023 18:34:17,142916,13,task-3k5q,,32071791,nk2u0tdp,9483878,,complete,,,computer,Desktop or Laptop,Windows 10,Firefox 118.0,1920x1080,1920x899,Accepted,,0,rsl experimental trials list1,26,rsl_list1,Not on phone,,Accepted,rsl_list1,2,match,Screen 2,pevo7u,2,timedOut,,1002.679999999993,1001.9399999999878,1002.679999999993,1002.679999999993,1001.9399999999878,1002.679999999993,0,1002.679999999993,0,0,,Time Limit,screen,0,screen,match,Eagle 1.jpg,31.mp4,different,same,target,eagle,31,1,,,
16,1696595657881,06/10/2023 12:34:17,1696606457881,3,06/10/2023 18:34:17,142916,13,task-3k5q,,32071791,nk2u0tdp,9483878,,complete,,,computer,Desktop or Laptop,Windows 10,Firefox 118.0,1920x1080,1920x899,Accepted,,0,rsl experimental trials list1,26,rsl_list1,Not on phone,,Accepted,rsl_list1,2,match,Screen 3,z1irvt,3,timedOut,,300.74000000000524,300,300.74000000000524,300.74000000000524,300,300.74000000000524,1,300.74000000000524,0,0,,Time Limit,screen,0,screen,match,Eagle 1.jpg,31.mp4,different,same,target,eagle,31,1,,,
17,1696595658198,06/10/2023 12:34:18,1696606458198,3,06/10/2023 18:34:18,142916,13,task-3k5q,,32071791,nk2u0tdp,9483878,,complete,,,computer,Desktop or Laptop,Windows 10,Firefox 118.0,1920x1080,1920x899,Accepted,,0,rsl experimental trials list1,26,rsl_list1,Not on phone,,Accepted,rsl_list1,2,match,Screen 4,9wlxvm,4,info,Video start,66.87300000000522,66.7599999999511,66.87300000000522,66.87300000000522,66.7599999999511,66.87300000000522,1,66.87300000000522,0,0,,Video,video,1,object-178,match,Eagle 1.jpg,31.mp4,different,same,target,eagle,31,1,,,
18,1696595661503,06/10/2023 12:34:21,1696606461503,3,06/10/2023 18:34:21,142916,13,task-3k5q,,32071791,nk2u0tdp,9483878,,complete,,,computer,Desktop or Laptop,Windows 10,Firefox 118.0,1920x1080,1920x899,Accepted,,0,rsl experimental trials list1,26,rsl_list1,Not on phone,,Accepted,rsl_list1,2,match,Screen 4,9wlxvm,4,response,match,3622.7400000000052,3616.6600000000035,3622.7400000000052,3622.7400000000052,3616.6600000000035,3622.7400000000052,1,3622.7400000000052,0,0,,Keyboard Response,Keyboard Response,6,object-183,match,Eagle 1.jpg,31.mp4,different,same,target,eagle,31,1,,,
19,1696595661999,06/10/2023 12:34:21,1696606461999,3,06/10/2023 18:34:21,142916,13,task-3k5q,,32071791,nk2u0tdp,9483878,,complete,,,computer,Desktop or Laptop,Windows 10,Firefox 118.0,1920x1080,1920x899,Accepted,,0,rsl experimental trials list1,26,rsl_list1,Not on phone,,Accepted,rsl_list1,3,match,Screen 1,nmofvp,1,continue,,500,500,500,500,500,500,1,500,0,0,,Fixation Timing,,1,object-167,match,Boy 2.jpg,27.mp4,different,same,target,boy,27,1,,,
20,1696595663000,06/10/2023 12:34:23,1696606463000,3,06/10/2023 18:34:23,142916,13,task-3k5q,,32071791,nk2u0tdp,9483878,,complete,,,computer,Desktop or Laptop,Windows 10,Firefox 118.0,1920x1080,1920x899,Accepted,,0,rsl experimental trials list1,26,rsl_list1,Not on phone,,Accepted,rsl_list1,3,match,Screen 2,pevo7u,2,timedOut,,1002.0800000000017,1000,1002.0800000000017,1002.0800000000017,1000,1002.0800000000017,0,1002.0800000000017,0,0,,Time Limit,screen,0,screen,match,Boy 2.jpg,27.mp4,different,same,target,boy,27,1,,,
21,1696595663299,06/10/2023 12:34:23,1696606463299,3,06/10/2023 18:34:23,142916,13,task-3k5q,,32071791,nk2u0tdp,9483878,,complete,,,computer,Desktop or Laptop,Windows 10,Firefox 118.0,1920x1080,1920x899,Accepted,,0,rsl experimental trials list1,26,rsl_list1,Not on phone,,Accepted,rsl_list1,3,match,Screen 3,z1irvt,3,timedOut,,302.08000000000175,300,302.08000000000175,302.08000000000175,300,302.08000000000175,1,302.08000000000175,0,0,,Time Limit,screen,0,screen,match,Boy 2.jpg,27.mp4,different,same,target,boy,27,1,,,
22,1696595663602,06/10/2023 12:34:23,1696606463602,3,06/10/2023 18:34:23,142916,13,task-3k5q,,32071791,nk2u0tdp,9483878,,complete,,,computer,Desktop or Laptop,Windows 10,Firefox 118.0,1920x1080,1920x899,Accepted,,0,rsl experimental trials list1,26,rsl_list1,Not on phone,,Accepted,rsl_list1,3,match,Screen 4,9wlxvm,4,info,Video start,66.7599999999511,66.7599999999511,66.7599999999511,66.7599999999511,66.7599999999511,66.7599999999511,1,66.7599999999511,0,0,,Video,video,1,object-178,match,Boy 2.jpg,27.mp4,different,same,target,boy,27,1,,,
23,1696595666993,06/10/2023 12:34:26,1696606466993,3,06/10/2023 18:34:26,142916,13,task-3k5q,,32071791,nk2u0tdp,9483878,,complete,,,computer,Desktop or Laptop,Windows 10,Firefox 118.0,1920x1080,1920x899,Accepted,,0,rsl experimental trials list1,26,rsl_list1,Not on phone,,Accepted,rsl_list1,3,match,Screen 4,9wlxvm,4,response,match,3696.0800000000017,3685.2400000000052,3696.0800000000017,3696.0800000000017,3685.2400000000052,3696.0800000000017,1,3696.0800000000017,0,0,,Keyboard Response,Keyboard Response,6,object-183,match,Boy 2.jpg,27.mp4,different,same,target,boy,27,1,,,
24,1696595667484,06/10/2023 12:34:27,1696606467484,3,06/10/2023 18:34:27,142916,13,task-3k5q,,32071791,nk2u0tdp,9483878,,complete,,,computer,Desktop or Laptop,Windows 10,Firefox 118.0,1920x1080,1920x899,Accepted,,0,rsl experimental trials list1,26,rsl_list1,Not on phone,,Accepted,rsl_list1,4,match,Screen 1,nmofvp,1,continue,,500,500,500,500,500,500,1,500,0,0,,Fixation Timing,,1,object-167,match,School 1.jpg,11.mp4,different,same,target,school,11,1,,,
25,1696595668485,06/10/2023 12:34:28,1696606468485,3,06/10/2023 18:34:28,142916,13,task-3k5q,,32071791,nk2u0tdp,9483878,,complete,,,computer,Desktop or Laptop,Windows 10,Firefox 118.0,1920x1080,1920x899,Accepted,,0,rsl experimental trials list1,26,rsl_list1,Not on phone,,Accepted,rsl_list1,4,match,Screen 2,pevo7u,2,timedOut,,1001.8399999999965,1000,1001.8399999999965,1001.8399999999965,1000,1001.8399999999965,0,1001.8399999999965,0,0,,Time Limit,screen,0,screen,match,School 1.jpg,11.mp4,different,same,target,school,11,1,,,
26,1696595668785,06/10/2023 12:34:28,1696606468785,3,06/10/2023 18:34:28,142916,13,task-3k5q,,32071791,nk2u0tdp,9483878,,complete,,,computer,Desktop or Laptop,Windows 10,Firefox 118.0,1920x1080,1920x899,Accepted,,0,rsl experimental trials list1,26,rsl_list1,Not on phone,,Accepted,rsl_list1,4,match,Screen 3,z1irvt,3,timedOut,,302.8399999999965,300,302.8399999999965,302.8399999999965,300,302.8399999999965,1,302.8399999999965,0,0,,Time Limit,screen,0,screen,match,School 1.jpg,11.mp4,different,same,target,school,11,1,,,
27,1696595669105,06/10/2023 12:34:29,1696606469105,3,06/10/2023 18:34:29,142916,13,task-3k5q,,32071791,nk2u0tdp,9483878,,complete,,,computer,Desktop or Laptop,Windows 10,Firefox 118.0,1920x1080,1920x899,Accepted,,0,rsl experimental trials list1,26,rsl_list1,Not on phone,,Accepted,rsl_list1,4,match,Screen 4,9wlxvm,4,info,Video start,74.84199999999652,66.7599999999511,74.84199999999652,74.84199999999652,66.7599999999511,74.84199999999652,1,74.84199999999652,0,0,,Video,video,1,object-178,match,School 1.jpg,11.mp4,different,same,target,school,11,1,,,
28,1696595673209,06/10/2023 12:34:33,1696606473209,3,06/10/2023 18:34:33,142916,13,task-3k5q,,32071791,nk2u0tdp,9483878,,complete,,,computer,Desktop or Laptop,Windows 10,Firefox 118.0,1920x1080,1920x899,Accepted,,0,rsl experimental trials list1,26,rsl_list1,Not on phone,,Accepted,rsl_list1,4,match,Screen 4,9wlxvm,4,response,match,4426.8399999999965,4418.5,4426.8399999999965,4426.8399999999965,4418.5,4426.8399999999965,1,4426.8399999999965,0,0,,Keyboard Response,Keyboard Response,6,object-183,match,School 1.jpg,11.mp4,different,same,target,school,11,1,,,
29,1696595673702,06/10/2023 12:34:33,1696606473702,3,06/10/2023 18:34:33,142916,13,task-3k5q,,32071791,nk2u0tdp,9483878,,complete,,,computer,Desktop or Laptop,Windows 10,Firefox 118.0,1920x1080,1920x899,Accepted,,0,rsl experimental trials list1,26,rsl_list1,Not on phone,,Accepted,rsl_list1,5,match,Screen 1,nmofvp,1,continue,,500,500,500,500,500,500,1,500,0,0,,Fixation Timing,,1,object-167,match,Think 1.jpg,46.mp4,same,same,target,think,46,1,,,
30,1696595674703,06/10/2023 12:34:34,1696606474703,3,06/10/2023 18:34:34,142916,13,task-3k5q,,32071791,nk2u0tdp,9483878,,complete,,,computer,Desktop or Laptop,Windows 10,Firefox 118.0,1920x1080,1920x899,Accepted,,0,rsl experimental trials list1,26,rsl_list1,Not on phone,,Accepted,rsl_list1,5,match,Screen 2,pevo7u,2,timedOut,,1002.3399999999965,1000,1002.3399999999965,1002.3399999999965,1000,1002.3399999999965,0,1002.3399999999965,0,0,,Time Limit,screen,0,screen,match,Think 1.jpg,46.mp4,same,same,target,think,46,1,,,
31,1696595675003,06/10/2023 12:34:35,1696606475003,3,06/10/2023 18:34:35,142916,13,task-3k5q,,32071791,nk2u0tdp,9483878,,complete,,,computer,Desktop or Laptop,Windows 10,Firefox 118.0,1920x1080,1920x899,Accepted,,0,rsl experimental trials list1,26,rsl_list1,Not on phone,,Accepted,rsl_list1,5,match,Screen 3,z1irvt,3,timedOut,,302.3399999999965,300,302.3399999999965,302.3399999999965,300,302.3399999999965,1,302.3399999999965,0,0,,Time Limit,screen,0,screen,match,Think 1.jpg,46.mp4,same,same,target,think,46,1,,,
32,1696595675327,06/10/2023 12:34:35,1696606475327,3,06/10/2023 18:34:35,142916,13,task-3k5q,,32071791,nk2u0tdp,9483878,,complete,,,computer,Desktop or Laptop,Windows 10,Firefox 118.0,1920x1080,1920x899,Accepted,,0,rsl experimental trials list1,26,rsl_list1,Not on phone,,Accepted,rsl_list1,5,match,Screen 4,9wlxvm,4,info,Video start,72.24499999999648,66.48000000009779,72.24499999999648,72.24499999999648,66.48000000009779,72.24499999999648,1,72.24499999999648,0,0,,Video,video,1,object-178,match,Think 1.jpg,46.mp4,same,same,target,think,46,1,,,
33,1696595677769,06/10/2023 12:34:37,1696606477769,3,06/10/2023 18:34:37,142916,13,task-3k5q,,32071791,nk2u0tdp,9483878,,complete,,,computer,Desktop or Laptop,Windows 10,Firefox 118.0,1920x1080,1920x899,Accepted,,0,rsl experimental trials list1,26,rsl_list1,Not on phone,,Accepted,rsl_list1,5,match,Screen 4,9wlxvm,4,response,match,2768.3399999999965,2751.899999999994,2768.3399999999965,2768.3399999999965,2751.899999999994,2768.3399999999965,1,2768.3399999999965,0,0,,Keyboard Response,Keyboard Response,6,object-183,match,Think 1.jpg,46.mp4,same,same,target,think,46,1,,,
34,1696595678254,06/10/2023 12:34:38,1696606478254,3,06/10/2023 18:34:38,142916,13,task-3k5q,,32071791,nk2u0tdp,9483878,,complete,,,computer,Desktop or Laptop,Windows 10,Firefox 118.0,1920x1080,1920x899,Accepted,,0,rsl experimental trials list1,26,rsl_list1,Not on phone,,Accepted,rsl_list1,6,match,Screen 1,nmofvp,1,continue,,500,500,500,500,500,500,1,500,0,0,,Fixation Timing,,1,object-167,match,Telephone 1.jpg,36.mp4,same,same,target,telephone,36,1,,,
35,1696595679254,06/10/2023 12:34:39,1696606479254,3,06/10/2023 18:34:39,142916,13,task-3k5q,,32071791,nk2u0tdp,9483878,,complete,,,computer,Desktop or Laptop,Windows 10,Firefox 118.0,1920x1080,1920x899,Accepted,,0,rsl experimental trials list1,26,rsl_list1,Not on phone,,Accepted,rsl_list1,6,match,Screen 2,pevo7u,2,timedOut,,1001.4400000000023,1000,1001.4400000000023,1001.4400000000023,1000,1001.4400000000023,0,1001.4400000000023,0,0,,Time Limit,screen,0,screen,match,Telephone 1.jpg,36.mp4,same,same,target,telephone,36,1,,,
36,1696595679554,06/10/2023 12:34:39,1696606479554,3,06/10/2023 18:34:39,142916,13,task-3k5q,,32071791,nk2u0tdp,9483878,,complete,,,computer,Desktop or Laptop,Windows 10,Firefox 118.0,1920x1080,1920x899,Accepted,,0,rsl experimental trials list1,26,rsl_list1,Not on phone,,Accepted,rsl_list1,6,match,Screen 3,z1irvt,3,timedOut,,301.4400000000023,300,301.4400000000023,301.4400000000023,300,301.4400000000023,1,301.4400000000023,0,0,,Time Limit,screen,0,screen,match,Telephone 1.jpg,36.mp4,same,same,target,telephone,36,1,,,
37,1696595679874,06/10/2023 12:34:39,1696606479874,3,06/10/2023 18:34:39,142916,13,task-3k5q,,32071791,nk2u0tdp,9483878,,complete,,,computer,Desktop or Laptop,Windows 10,Firefox 118.0,1920x1080,1920x899,Accepted,,0,rsl experimental trials list1,26,rsl_list1,Not on phone,,Accepted,rsl_list1,6,match,Screen 4,9wlxvm,4,info,Video start,218.3230000000023,216.59999999996217,218.3230000000023,218.3230000000023,216.59999999996217,218.3230000000023,1,218.3230000000023,0,0,,Video,video,1,object-178,match,Telephone 1.jpg,36.mp4,same,same,target,telephone,36,1,,,
38,1696595681551,06/10/2023 12:34:41,1696606481551,3,06/10/2023 18:34:41,142916,13,task-3k5q,,32071791,nk2u0tdp,9483878,,complete,,,computer,Desktop or Laptop,Windows 10,Firefox 118.0,1920x1080,1920x899,Accepted,,0,rsl experimental trials list1,26,rsl_list1,Not on phone,,Accepted,rsl_list1,6,match,Screen 4,9wlxvm,4,response,match,1998.4400000000023,1985,1998.4400000000023,1998.4400000000023,1985,1998.4400000000023,1,1998.4400000000023,0,0,,Keyboard Response,Keyboard Response,6,object-183,match,Telephone 1.jpg,36.mp4,same,same,target,telephone,36,1,,,
39,1696595682039,06/10/2023 12:34:42,1696606482039,3,06/10/2023 18:34:42,142916,13,task-3k5q,,32071791,nk2u0tdp,9483878,,complete,,,computer,Desktop or Laptop,Windows 10,Firefox 118.0,1920x1080,1920x899,Accepted,,0,rsl experimental trials list1,26,rsl_list1,Not on phone,,Accepted,rsl_list1,7,match,Screen 1,nmofvp,1,continue,,500,500,500,500,500,500,1,500,0,0,,Fixation Timing,,1,object-167,match,Travel 1.jpg,21.mp4,different,same,target,travel,21,1,,,
40,1696595683039,06/10/2023 12:34:43,1696606483039,3,06/10/2023 18:34:43,142916,13,task-3k5q,,32071791,nk2u0tdp,9483878,,complete,,,computer,Desktop or Laptop,Windows 10,Firefox 118.0,1920x1080,1920x899,Accepted,,0,rsl experimental trials list1,26,rsl_list1,Not on phone,,Accepted,rsl_list1,7,match,Screen 2,pevo7u,2,timedOut,,1001.4400000000023,1000,1001.4400000000023,1001.4400000000023,1000,1001.4400000000023,0,1001.4400000000023,0,0,,Time Limit,screen,0,screen,match,Travel 1.jpg,21.mp4,different,same,target,travel,21,1,,,
41,1696595683339,06/10/2023 12:34:43,1696606483339,3,06/10/2023 18:34:43,142916,13,task-3k5q,,32071791,nk2u0tdp,9483878,,complete,,,computer,Desktop or Laptop,Windows 10,Firefox 118.0,1920x1080,1920x899,Accepted,,0,rsl experimental trials list1,26,rsl_list1,Not on phone,,Accepted,rsl_list1,7,match,Screen 3,z1irvt,3,timedOut,,301.4400000000023,300,301.4400000000023,301.4400000000023,300,301.4400000000023,1,301.4400000000023,0,0,,Time Limit,screen,0,screen,match,Travel 1.jpg,21.mp4,different,same,target,travel,21,1,,,
42,1696595683556,06/10/2023 12:34:43,1696606483556,3,06/10/2023 18:34:43,142916,13,task-3k5q,,32071791,nk2u0tdp,9483878,,complete,,,computer,Desktop or Laptop,Windows 10,Firefox 118.0,1920x1080,1920x899,Accepted,,0,rsl experimental trials list1,26,rsl_list1,Not on phone,,Accepted,rsl_list1,7,match,Screen 4,9wlxvm,4,info,Video start,66.71999999997206,50.05999999996857,66.71999999997206,66.71999999997206,50.05999999996857,66.71999999997206,1,66.71999999997206,0,0,,Video,video,1,object-178,match,Travel 1.jpg,21.mp4,different,same,target,travel,21,1,,,
43,1696595686119,06/10/2023 12:34:46,1696606486119,3,06/10/2023 18:34:46,142916,13,task-3k5q,,32071791,nk2u0tdp,9483878,,complete,,,computer,Desktop or Laptop,Windows 10,Firefox 118.0,1920x1080,1920x899,Accepted,,0,rsl experimental trials list1,26,rsl_list1,Not on phone,,Accepted,rsl_list1,7,match,Screen 4,9wlxvm,4,response,match,2781.4400000000023,2766.6800000000076,2781.4400000000023,2781.4400000000023,2766.6800000000076,2781.4400000000023,1,2781.4400000000023,0,0,,Keyboard Response,Keyboard Response,6,object-183,match,Travel 1.jpg,21.mp4,different,same,target,travel,21,1,,,
44,1696595686606,06/10/2023 12:34:46,1696606486606,3,06/10/2023 18:34:46,142916,13,task-3k5q,,32071791,nk2u0tdp,9483878,,complete,,,computer,Desktop or Laptop,Windows 10,Firefox 118.0,1920x1080,1920x899,Accepted,,0,rsl experimental trials list1,26,rsl_list1,Not on phone,,Accepted,rsl_list1,2,nomatch,Screen 1,8mz8sc,1,continue,,500,500,500,500,500,500,1,500,0,0,,Fixation Timing,,1,object-186,nomatch,Children 1.jpg,76.mp4,different,different,foil,na,76,1,,,
45,1696595687607,06/10/2023 12:34:47,1696606487607,3,06/10/2023 18:34:47,142916,13,task-3k5q,,32071791,nk2u0tdp,9483878,,complete,,,computer,Desktop or Laptop,Windows 10,Firefox 118.0,1920x1080,1920x899,Accepted,,0,rsl experimental trials list1,26,rsl_list1,Not on phone,,Accepted,rsl_list1,2,nomatch,Screen 2,zhfxqk,2,timedOut,,1002.7599999999948,1002,1002.7599999999948,1002.7599999999948,1002,1002.7599999999948,0,1002.7599999999948,0,0,,Time Limit,screen,0,screen,nomatch,Children 1.jpg,76.mp4,different,different,foil,na,76,1,,,
46,1696595687907,06/10/2023 12:34:47,1696606487907,3,06/10/2023 18:34:47,142916,13,task-3k5q,,32071791,nk2u0tdp,9483878,,complete,,,computer,Desktop or Laptop,Windows 10,Firefox 118.0,1920x1080,1920x899,Accepted,,0,rsl experimental trials list1,26,rsl_list1,Not on phone,,Accepted,rsl_list1,2,nomatch,Screen 3,d73ena,3,timedOut,,300.75999999999476,300,300.75999999999476,300.75999999999476,300,300.75999999999476,1,300.75999999999476,0,0,,Time Limit,screen,0,screen,nomatch,Children 1.jpg,76.mp4,different,different,foil,na,76,1,,,
47,1696595688213,06/10/2023 12:34:48,1696606488213,3,06/10/2023 18:34:48,142916,13,task-3k5q,,32071791,nk2u0tdp,9483878,,complete,,,computer,Desktop or Laptop,Windows 10,Firefox 118.0,1920x1080,1920x899,Accepted,,0,rsl experimental trials list1,26,rsl_list1,Not on phone,,Accepted,rsl_list1,2,nomatch,Screen 4,kfk7dt,4,info,Video start,216.69999999998254,216.69999999998254,216.69999999998254,216.69999999998254,216.69999999998254,216.69999999998254,0,216.69999999998254,0,0,,Video,video,1,object-204,nomatch,Children 1.jpg,76.mp4,different,different,foil,na,76,1,,,
48,1696595692840,06/10/2023 12:34:52,1696606492840,3,06/10/2023 18:34:52,142916,13,task-3k5q,,32071791,nk2u0tdp,9483878,,complete,,,computer,Desktop or Laptop,Windows 10,Firefox 118.0,1920x1080,1920x899,Accepted,,0,rsl experimental trials list1,26,rsl_list1,Not on phone,,Accepted,rsl_list1,2,nomatch,Screen 4,kfk7dt,4,response,nomatch,4933.759999999995,4917.860000000001,4933.759999999995,4933.759999999995,4917.860000000001,4933.759999999995,0,4933.759999999995,0,0,,Keyboard Response,Keyboard Response,6,object-209,nomatch,Children 1.jpg,76.mp4,different,different,foil,na,76,1,,,
49,1696595693326,06/10/2023 12:34:53,1696606493326,3,06/10/2023 18:34:53,142916,13,task-3k5q,,32071791,nk2u0tdp,9483878,,complete,,,computer,Desktop or Laptop,Windows 10,Firefox 118.0,1920x1080,1920x899,Accepted,,0,rsl experimental trials list1,26,rsl_list1,Not on phone,,Accepted,rsl_list1,8,match,Screen 1,nmofvp,1,continue,,500,500,500,500,500,500,1,500,0,0,,Fixation Timing,,1,object-167,match,Book 2.jpg,26.mp4,different,same,target,book,26,1,,,
50,1696595694326,06/10/2023 12:34:54,1696606494326,3,06/10/2023 18:34:54,142916,13,task-3k5q,,32071791,nk2u0tdp,9483878,,complete,,,computer,Desktop or Laptop,Windows 10,Firefox 118.0,1920x1080,1920x899,Accepted,,0,rsl experimental trials list1,26,rsl_list1,Not on phone,,Accepted,rsl_list1,8,match,Screen 2,pevo7u,2,timedOut,,1001.8999999999942,1000,1001.8999999999942,1001.8999999999942,1000,1001.8999999999942,0,1001.8999999999942,0,0,,Time Limit,screen,0,screen,match,Book 2.jpg,26.mp4,different,same,target,book,26,1,,,
51,1696595694626,06/10/2023 12:34:54,1696606494626,3,06/10/2023 18:34:54,142916,13,task-3k5q,,32071791,nk2u0tdp,9483878,,complete,,,computer,Desktop or Laptop,Windows 10,Firefox 118.0,1920x1080,1920x899,Accepted,,0,rsl experimental trials list1,26,rsl_list1,Not on phone,,Accepted,rsl_list1,8,match,Screen 3,z1irvt,3,timedOut,,300.8999999999942,300,300.8999999999942,300.8999999999942,300,300.8999999999942,1,300.8999999999942,0,0,,Time Limit,screen,0,screen,match,Book 2.jpg,26.mp4,different,same,target,book,26,1,,,
52,1696595694968,06/10/2023 12:34:54,1696606494968,3,06/10/2023 18:34:54,142916,13,task-3k5q,,32071791,nk2u0tdp,9483878,,complete,,,computer,Desktop or Laptop,Windows 10,Firefox 118.0,1920x1080,1920x899,Accepted,,0,rsl experimental trials list1,26,rsl_list1,Not on phone,,Accepted,rsl_list1,8,match,Screen 4,9wlxvm,4,info,Video start,199.89999999993597,183.2199999999284,199.89999999993597,199.89999999993597,183.2199999999284,199.89999999993597,1,199.89999999993597,0,0,,Video,video,1,object-178,match,Book 2.jpg,26.mp4,different,same,target,book,26,1,,,
53,1696595696904,06/10/2023 12:34:56,1696606496904,3,06/10/2023 18:34:56,142916,13,task-3k5q,,32071791,nk2u0tdp,9483878,,complete,,,computer,Desktop or Laptop,Windows 10,Firefox 118.0,1920x1080,1920x899,Accepted,,0,rsl experimental trials list1,26,rsl_list1,Not on phone,,Accepted,rsl_list1,8,match,Screen 4,9wlxvm,4,response,match,2279.899999999994,2266.659999999989,2279.899999999994,2279.899999999994,2266.659999999989,2279.899999999994,1,2279.899999999994,0,0,,Keyboard Response,Keyboard Response,6,object-183,match,Book 2.jpg,26.mp4,different,same,target,book,26,1,,,
54,1696595697394,06/10/2023 12:34:57,1696606497394,3,06/10/2023 18:34:57,142916,13,task-3k5q,,32071791,nk2u0tdp,9483878,,complete,,,computer,Desktop or Laptop,Windows 10,Firefox 118.0,1920x1080,1920x899,Accepted,,0,rsl experimental trials list1,26,rsl_list1,Not on phone,,Accepted,rsl_list1,9,match,Screen 1,nmofvp,1,continue,,500,500,500,500,500,500,1,500,0,0,,Fixation Timing,,1,object-167,match,Choose 2.jpg,17.mp4,different,same,target,choose,17,1,,,
55,1696595698394,06/10/2023 12:34:58,1696606498394,3,06/10/2023 18:34:58,142916,13,task-3k5q,,32071791,nk2u0tdp,9483878,,complete,,,computer,Desktop or Laptop,Windows 10,Firefox 118.0,1920x1080,1920x899,Accepted,,0,rsl experimental trials list1,26,rsl_list1,Not on phone,,Accepted,rsl_list1,9,match,Screen 2,pevo7u,2,timedOut,,1002.2400000000052,1001.820000000007,1002.2400000000052,1002.2400000000052,1001.820000000007,1002.2400000000052,0,1002.2400000000052,0,0,,Time Limit,screen,0,screen,match,Choose 2.jpg,17.mp4,different,same,target,choose,17,1,,,
56,1696595698694,06/10/2023 12:34:58,1696606498694,3,06/10/2023 18:34:58,142916,13,task-3k5q,,32071791,nk2u0tdp,9483878,,complete,,,computer,Desktop or Laptop,Windows 10,Firefox 118.0,1920x1080,1920x899,Accepted,,0,rsl experimental trials list1,26,rsl_list1,Not on phone,,Accepted,rsl_list1,9,match,Screen 3,z1irvt,3,timedOut,,300.41999999999825,300,300.41999999999825,300.41999999999825,300,300.41999999999825,1,300.41999999999825,0,0,,Time Limit,screen,0,screen,match,Choose 2.jpg,17.mp4,different,same,target,choose,17,1,,,
57,1696595699005,06/10/2023 12:34:59,1696606499005,3,06/10/2023 18:34:59,142916,13,task-3k5q,,32071791,nk2u0tdp,9483878,,complete,,,computer,Desktop or Laptop,Windows 10,Firefox 118.0,1920x1080,1920x899,Accepted,,0,rsl experimental trials list1,26,rsl_list1,Not on phone,,Accepted,rsl_list1,9,match,Screen 4,9wlxvm,4,info,Video start,163.64499999999828,150.05999999996857,163.64499999999828,163.64499999999828,150.05999999996857,163.64499999999828,1,163.64499999999828,0,0,,Video,video,1,object-178,match,Choose 2.jpg,17.mp4,different,same,target,choose,17,1,,,
58,1696595701727,06/10/2023 12:35:01,1696606501727,3,06/10/2023 18:35:01,142916,13,task-3k5q,,32071791,nk2u0tdp,9483878,,complete,,,computer,Desktop or Laptop,Windows 10,Firefox 118.0,1920x1080,1920x899,Accepted,,0,rsl experimental trials list1,26,rsl_list1,Not on phone,,Accepted,rsl_list1,9,match,Screen 4,9wlxvm,4,response,match,3033.359999999986,3016.679999999993,3033.359999999986,3033.359999999986,3016.679999999993,3033.359999999986,1,3033.359999999986,0,0,,Keyboard Response,Keyboard Response,6,object-183,match,Choose 2.jpg,17.mp4,different,same,target,choose,17,1,,,
59,1696595702212,06/10/2023 12:35:02,1696606502212,3,06/10/2023 18:35:02,142916,13,task-3k5q,,32071791,nk2u0tdp,9483878,,complete,,,computer,Desktop or Laptop,Windows 10,Firefox 118.0,1920x1080,1920x899,Accepted,,0,rsl experimental trials list1,26,rsl_list1,Not on phone,,Accepted,rsl_list1,3,nomatch,Screen 1,8mz8sc,1,continue,,500,500,500,500,500,500,1,500,0,0,,Fixation Timing,,1,object-186,nomatch,Think 2.jpg,94.mp4,different,different,foil,na,94,1,,,
60,1696595703212,06/10/2023 12:35:03,1696606503212,3,06/10/2023 18:35:03,142916,13,task-3k5q,,32071791,nk2u0tdp,9483878,,complete,,,computer,Desktop or Laptop,Windows 10,Firefox 118.0,1920x1080,1920x899,Accepted,,0,rsl experimental trials list1,26,rsl_list1,Not on phone,,Accepted,rsl_list1,3,nomatch,Screen 2,zhfxqk,2,timedOut,,1001.7400000000052,1000,1001.7400000000052,1001.7400000000052,1000,1001.7400000000052,0,1001.7400000000052,0,0,,Time Limit,screen,0,screen,nomatch,Think 2.jpg,94.mp4,different,different,foil,na,94,1,,,
61,1696595703513,06/10/2023 12:35:03,1696606503513,3,06/10/2023 18:35:03,142916,13,task-3k5q,,32071791,nk2u0tdp,9483878,,complete,,,computer,Desktop or Laptop,Windows 10,Firefox 118.0,1920x1080,1920x899,Accepted,,0,rsl experimental trials list1,26,rsl_list1,Not on phone,,Accepted,rsl_list1,3,nomatch,Screen 3,d73ena,3,timedOut,,301.74000000000524,300,301.74000000000524,301.74000000000524,300,301.74000000000524,1,301.74000000000524,0,0,,Time Limit,screen,0,screen,nomatch,Think 2.jpg,94.mp4,different,different,foil,na,94,1,,,
62,1696595703822,06/10/2023 12:35:03,1696606503822,3,06/10/2023 18:35:03,142916,13,task-3k5q,,32071791,nk2u0tdp,9483878,,complete,,,computer,Desktop or Laptop,Windows 10,Firefox 118.0,1920x1080,1920x899,Accepted,,0,rsl experimental trials list1,26,rsl_list1,Not on phone,,Accepted,rsl_list1,3,nomatch,Screen 4,kfk7dt,4,info,Video start,65.15600000000524,51.68000000010943,65.15600000000524,65.15600000000524,51.68000000010943,65.15600000000524,0,65.15600000000524,0,0,,Video,video,1,object-204,nomatch,Think 2.jpg,94.mp4,different,different,foil,na,94,1,,,
63,1696595706831,06/10/2023 12:35:06,1696606506831,3,06/10/2023 18:35:06,142916,13,task-3k5q,,32071791,nk2u0tdp,9483878,,complete,,,computer,Desktop or Laptop,Windows 10,Firefox 118.0,1920x1080,1920x899,Accepted,,0,rsl experimental trials list1,26,rsl_list1,Not on phone,,Accepted,rsl_list1,3,nomatch,Screen 4,kfk7dt,4,response,nomatch,3320.7400000000052,3318.540000000008,3320.7400000000052,3320.7400000000052,3318.540000000008,3320.7400000000052,0,3320.7400000000052,0,0,,Keyboard Response,Keyboard Response,6,object-209,nomatch,Think 2.jpg,94.mp4,different,different,foil,na,94,1,,,
64,1696595707329,06/10/2023 12:35:07,1696606507329,3,06/10/2023 18:35:07,142916,13,task-3k5q,,32071791,nk2u0tdp,9483878,,complete,,,computer,Desktop or Laptop,Windows 10,Firefox 118.0,1920x1080,1920x899,Accepted,,0,rsl experimental trials list1,26,rsl_list1,Not on phone,,Accepted,rsl_list1,10,match,Screen 1,nmofvp,1,continue,,501.0599999999977,501.0599999999977,501.0599999999977,501.0599999999977,501.0599999999977,501.0599999999977,1,501.0599999999977,0,0,,Fixation Timing,,1,object-167,match,East 2.jpg,5.mp4,same,same,target,east,5,1,,,
65,1696595708330,06/10/2023 12:35:08,1696606508330,3,06/10/2023 18:35:08,142916,13,task-3k5q,,32071791,nk2u0tdp,9483878,,complete,,,computer,Desktop or Laptop,Windows 10,Firefox 118.0,1920x1080,1920x899,Accepted,,0,rsl experimental trials list1,26,rsl_list1,Not on phone,,Accepted,rsl_list1,10,match,Screen 2,pevo7u,2,timedOut,,1001.1399999999994,1000,1001.1399999999994,1001.1399999999994,1000,1001.1399999999994,0,1001.1399999999994,0,0,,Time Limit,screen,0,screen,match,East 2.jpg,5.mp4,same,same,target,east,5,1,,,
66,1696595708630,06/10/2023 12:35:08,1696606508630,3,06/10/2023 18:35:08,142916,13,task-3k5q,,32071791,nk2u0tdp,9483878,,complete,,,computer,Desktop or Laptop,Windows 10,Firefox 118.0,1920x1080,1920x899,Accepted,,0,rsl experimental trials list1,26,rsl_list1,Not on phone,,Accepted,rsl_list1,10,match,Screen 3,z1irvt,3,timedOut,,301.1399999999994,300,301.1399999999994,301.1399999999994,300,301.1399999999994,1,301.1399999999994,0,0,,Time Limit,screen,0,screen,match,East 2.jpg,5.mp4,same,same,target,east,5,1,,,
67,1696595708940,06/10/2023 12:35:08,1696606508940,3,06/10/2023 18:35:08,142916,13,task-3k5q,,32071791,nk2u0tdp,9483878,,complete,,,computer,Desktop or Laptop,Windows 10,Firefox 118.0,1920x1080,1920x899,Accepted,,0,rsl experimental trials list1,26,rsl_list1,Not on phone,,Accepted,rsl_list1,10,match,Screen 4,9wlxvm,4,info,Video start,66.5179999999994,50.09999999994761,66.5179999999994,66.5179999999994,50.09999999994761,66.5179999999994,1,66.5179999999994,0,0,,Video,video,1,object-178,match,East 2.jpg,5.mp4,same,same,target,east,5,1,,,
68,1696595711751,06/10/2023 12:35:11,1696606511751,3,06/10/2023 18:35:11,142916,13,task-3k5q,,32071791,nk2u0tdp,9483878,,complete,,,computer,Desktop or Laptop,Windows 10,Firefox 118.0,1920x1080,1920x899,Accepted,,0,rsl experimental trials list1,26,rsl_list1,Not on phone,,Accepted,rsl_list1,10,match,Screen 4,9wlxvm,4,response,match,3122.1399999999994,3116.659999999989,3122.1399999999994,3122.1399999999994,3116.659999999989,3122.1399999999994,1,3122.1399999999994,0,0,,Keyboard Response,Keyboard Response,6,object-183,match,East 2.jpg,5.mp4,same,same,target,east,5,1,,,
69,1696595712248,06/10/2023 12:35:12,1696606512248,3,06/10/2023 18:35:12,142916,13,task-3k5q,,32071791,nk2u0tdp,9483878,,complete,,,computer,Desktop or Laptop,Windows 10,Firefox 118.0,1920x1080,1920x899,Accepted,,0,rsl experimental trials list1,26,rsl_list1,Not on phone,,Accepted,rsl_list1,4,nomatch,Screen 1,8mz8sc,1,continue,,500,500,500,500,500,500,1,500,0,0,,Fixation Timing,,1,object-186,nomatch,Write 2.jpg,96.mp4,different,different,foil,na,96,1,,,
70,1696595713249,06/10/2023 12:35:13,1696606513249,3,06/10/2023 18:35:13,142916,13,task-3k5q,,32071791,nk2u0tdp,9483878,,complete,,,computer,Desktop or Laptop,Windows 10,Firefox 118.0,1920x1080,1920x899,Accepted,,0,rsl experimental trials list1,26,rsl_list1,Not on phone,,Accepted,rsl_list1,4,nomatch,Screen 2,zhfxqk,2,timedOut,,1002.4800000000105,1001.7000000000116,1002.4800000000105,1002.4800000000105,1001.7000000000116,1002.4800000000105,0,1002.4800000000105,0,0,,Time Limit,screen,0,screen,nomatch,Write 2.jpg,96.mp4,different,different,foil,na,96,1,,,
71,1696595713548,06/10/2023 12:35:13,1696606513548,3,06/10/2023 18:35:13,142916,13,task-3k5q,,32071791,nk2u0tdp,9483878,,complete,,,computer,Desktop or Laptop,Windows 10,Firefox 118.0,1920x1080,1920x899,Accepted,,0,rsl experimental trials list1,26,rsl_list1,Not on phone,,Accepted,rsl_list1,4,nomatch,Screen 3,d73ena,3,timedOut,,300.77999999999884,300,300.77999999999884,300.77999999999884,300,300.77999999999884,1,300.77999999999884,0,0,,Time Limit,screen,0,screen,nomatch,Write 2.jpg,96.mp4,different,different,foil,na,96,1,,,
72,1696595713888,06/10/2023 12:35:13,1696606513888,3,06/10/2023 18:35:13,142916,13,task-3k5q,,32071791,nk2u0tdp,9483878,,complete,,,computer,Desktop or Laptop,Windows 10,Firefox 118.0,1920x1080,1920x899,Accepted,,0,rsl experimental trials list1,26,rsl_list1,Not on phone,,Accepted,rsl_list1,4,nomatch,Screen 4,kfk7dt,4,info,Video start,194.37199999999882,183.39999999996508,194.37199999999882,194.37199999999882,183.39999999996508,194.37199999999882,0,194.37199999999882,0,0,,Video,video,1,object-204,nomatch,Write 2.jpg,96.mp4,different,different,foil,na,96,1,,,
73,1696595717320,06/10/2023 12:35:17,1696606517320,3,06/10/2023 18:35:17,142916,13,task-3k5q,,32071791,nk2u0tdp,9483878,,complete,,,computer,Desktop or Laptop,Windows 10,Firefox 118.0,1920x1080,1920x899,Accepted,,0,rsl experimental trials list1,26,rsl_list1,Not on phone,,Accepted,rsl_list1,4,nomatch,Screen 4,kfk7dt,4,response,nomatch,3772.779999999999,3766.679999999993,3772.779999999999,3772.779999999999,3766.679999999993,3772.779999999999,0,3772.779999999999,0,0,,Keyboard Response,Keyboard Response,6,object-209,nomatch,Write 2.jpg,96.mp4,different,different,foil,na,96,1,,,
74,1696595717817,06/10/2023 12:35:17,1696606517817,3,06/10/2023 18:35:17,142916,13,task-3k5q,,32071791,nk2u0tdp,9483878,,complete,,,computer,Desktop or Laptop,Windows 10,Firefox 118.0,1920x1080,1920x899,Accepted,,0,rsl experimental trials list1,26,rsl_list1,Not on phone,,Accepted,rsl_list1,5,nomatch,Screen 1,8mz8sc,1,continue,,500,500,500,500,500,500,1,500,0,0,,Fixation Timing,,1,object-186,nomatch,Try 2.jpg,70.mp4,same,different,foil,na,70,1,,,
75,1696595718817,06/10/2023 12:35:18,1696606518817,3,06/10/2023 18:35:18,142916,13,task-3k5q,,32071791,nk2u0tdp,9483878,,complete,,,computer,Desktop or Laptop,Windows 10,Firefox 118.0,1920x1080,1920x899,Accepted,,0,rsl experimental trials list1,26,rsl_list1,Not on phone,,Accepted,rsl_list1,5,nomatch,Screen 2,zhfxqk,2,timedOut,,1002.1000000000058,1002.0200000000186,1002.1000000000058,1002.1000000000058,1002.0200000000186,1002.1000000000058,0,1002.1000000000058,0,0,,Time Limit,screen,0,screen,nomatch,Try 2.jpg,70.mp4,same,different,foil,na,70,1,,,
76,1696595719117,06/10/2023 12:35:19,1696606519117,3,06/10/2023 18:35:19,142916,13,task-3k5q,,32071791,nk2u0tdp,9483878,,complete,,,computer,Desktop or Laptop,Windows 10,Firefox 118.0,1920x1080,1920x899,Accepted,,0,rsl experimental trials list1,26,rsl_list1,Not on phone,,Accepted,rsl_list1,5,nomatch,Screen 3,d73ena,3,timedOut,,301.0799999999872,300,301.0799999999872,301.0799999999872,300,301.0799999999872,1,301.0799999999872,0,0,,Time Limit,screen,0,screen,nomatch,Try 2.jpg,70.mp4,same,different,foil,na,70,1,,,
77,1696595719438,06/10/2023 12:35:19,1696606519438,3,06/10/2023 18:35:19,142916,13,task-3k5q,,32071791,nk2u0tdp,9483878,,complete,,,computer,Desktop or Laptop,Windows 10,Firefox 118.0,1920x1080,1920x899,Accepted,,0,rsl experimental trials list1,26,rsl_list1,Not on phone,,Accepted,rsl_list1,5,nomatch,Screen 4,kfk7dt,4,info,Video start,68.14899999998718,66.41999999966356,68.14899999998718,68.14899999998718,66.41999999966356,68.14899999998718,0,68.14899999998718,0,0,,Video,video,1,object-204,nomatch,Try 2.jpg,70.mp4,same,different,foil,na,70,1,,,
78,1696595724257,06/10/2023 12:35:24,1696606524257,3,06/10/2023 18:35:24,142916,13,task-3k5q,,32071791,nk2u0tdp,9483878,,complete,,,computer,Desktop or Laptop,Windows 10,Firefox 118.0,1920x1080,1920x899,Accepted,,0,rsl experimental trials list1,26,rsl_list1,Not on phone,,Accepted,rsl_list1,5,nomatch,Screen 4,kfk7dt,4,response,nomatch,5141.079999999987,5133.279999999999,5141.079999999987,5141.079999999987,5133.279999999999,5141.079999999987,0,5141.079999999987,0,0,,Keyboard Response,Keyboard Response,6,object-209,nomatch,Try 2.jpg,70.mp4,same,different,foil,na,70,1,,,
79,1696595724753,06/10/2023 12:35:24,1696606524753,3,06/10/2023 18:35:24,142916,13,task-3k5q,,32071791,nk2u0tdp,9483878,,complete,,,computer,Desktop or Laptop,Windows 10,Firefox 118.0,1920x1080,1920x899,Accepted,,0,rsl experimental trials list1,26,rsl_list1,Not on phone,,Accepted,rsl_list1,6,nomatch,Screen 1,8mz8sc,1,continue,,500,500,500,500,500,500,1,500,0,0,,Fixation Timing,,1,object-186,nomatch,Sing 2.jpg,92.mp4,different,different,foil,na,92,1,,,
80,1696595725752,06/10/2023 12:35:25,1696606525752,3,06/10/2023 18:35:25,142916,13,task-3k5q,,32071791,nk2u0tdp,9483878,,complete,,,computer,Desktop or Laptop,Windows 10,Firefox 118.0,1920x1080,1920x899,Accepted,,0,rsl experimental trials list1,26,rsl_list1,Not on phone,,Accepted,rsl_list1,6,nomatch,Screen 2,zhfxqk,2,timedOut,,1001.9799999999814,1001.9799999999814,1001.9799999999814,1001.9799999999814,1001.9799999999814,1001.9799999999814,0,1001.9799999999814,0,0,,Time Limit,screen,0,screen,nomatch,Sing 2.jpg,92.mp4,different,different,foil,na,92,1,,,
81,1696595726052,06/10/2023 12:35:26,1696606526052,3,06/10/2023 18:35:26,142916,13,task-3k5q,,32071791,nk2u0tdp,9483878,,complete,,,computer,Desktop or Laptop,Windows 10,Firefox 118.0,1920x1080,1920x899,Accepted,,0,rsl experimental trials list1,26,rsl_list1,Not on phone,,Accepted,rsl_list1,6,nomatch,Screen 3,d73ena,3,timedOut,,300.820000000007,300,300.820000000007,300.820000000007,300,300.820000000007,1,300.820000000007,0,0,,Time Limit,screen,0,screen,nomatch,Sing 2.jpg,92.mp4,different,different,foil,na,92,1,,,
82,1696595726263,06/10/2023 12:35:26,1696606526263,3,06/10/2023 18:35:26,142916,13,task-3k5q,,32071791,nk2u0tdp,9483878,,complete,,,computer,Desktop or Laptop,Windows 10,Firefox 118.0,1920x1080,1920x899,Accepted,,0,rsl experimental trials list1,26,rsl_list1,Not on phone,,Accepted,rsl_list1,6,nomatch,Screen 4,kfk7dt,4,info,Video start,58.94200000000697,50.05999999996857,58.94200000000697,58.94200000000697,50.05999999996857,58.94200000000697,0,58.94200000000697,0,0,,Video,video,1,object-204,nomatch,Sing 2.jpg,92.mp4,different,different,foil,na,92,1,,,
83,1696595729217,06/10/2023 12:35:29,1696606529217,3,06/10/2023 18:35:29,142916,13,task-3k5q,,32071791,nk2u0tdp,9483878,,complete,,,computer,Desktop or Laptop,Windows 10,Firefox 118.0,1920x1080,1920x899,Accepted,,0,rsl experimental trials list1,26,rsl_list1,Not on phone,,Accepted,rsl_list1,6,nomatch,Screen 4,kfk7dt,4,response,nomatch,3164.820000000007,3150,3164.820000000007,3164.820000000007,3150,3164.820000000007,0,3164.820000000007,0,0,,Keyboard Response,Keyboard Response,6,object-209,nomatch,Sing 2.jpg,92.mp4,different,different,foil,na,92,1,,,
84,1696595729703,06/10/2023 12:35:29,1696606529703,3,06/10/2023 18:35:29,142916,13,task-3k5q,,32071791,nk2u0tdp,9483878,,complete,,,computer,Desktop or Laptop,Windows 10,Firefox 118.0,1920x1080,1920x899,Accepted,,0,rsl experimental trials list1,26,rsl_list1,Not on phone,,Accepted,rsl_list1,7,nomatch,Screen 1,8mz8sc,1,continue,,500,500,500,500,500,500,1,500,0,0,,Fixation Timing,,1,object-186,nomatch,Doll 1.jpg,52.mp4,different,different,foil,na,52,1,,,
85,1696595730704,06/10/2023 12:35:30,1696606530704,3,06/10/2023 18:35:30,142916,13,task-3k5q,,32071791,nk2u0tdp,9483878,,complete,,,computer,Desktop or Laptop,Windows 10,Firefox 118.0,1920x1080,1920x899,Accepted,,0,rsl experimental trials list1,26,rsl_list1,Not on phone,,Accepted,rsl_list1,7,nomatch,Screen 2,zhfxqk,2,timedOut,,1001.820000000007,1000,1001.820000000007,1001.820000000007,1000,1001.820000000007,0,1001.820000000007,0,0,,Time Limit,screen,0,screen,nomatch,Doll 1.jpg,52.mp4,different,different,foil,na,52,1,,,
86,1696595731004,06/10/2023 12:35:31,1696606531004,3,06/10/2023 18:35:31,142916,13,task-3k5q,,32071791,nk2u0tdp,9483878,,complete,,,computer,Desktop or Laptop,Windows 10,Firefox 118.0,1920x1080,1920x899,Accepted,,0,rsl experimental trials list1,26,rsl_list1,Not on phone,,Accepted,rsl_list1,7,nomatch,Screen 3,d73ena,3,timedOut,,301.820000000007,300,301.820000000007,301.820000000007,300,301.820000000007,1,301.820000000007,0,0,,Time Limit,screen,0,screen,nomatch,Doll 1.jpg,52.mp4,different,different,foil,na,52,1,,,
87,1696595731318,06/10/2023 12:35:31,1696606531318,3,06/10/2023 18:35:31,142916,13,task-3k5q,,32071791,nk2u0tdp,9483878,,complete,,,computer,Desktop or Laptop,Windows 10,Firefox 118.0,1920x1080,1920x899,Accepted,,0,rsl experimental trials list1,26,rsl_list1,Not on phone,,Accepted,rsl_list1,7,nomatch,Screen 4,kfk7dt,4,info,Video start,68.44000000035157,51.780000000377186,68.44000000035157,68.44000000035157,51.780000000377186,68.44000000035157,0,68.44000000035157,0,0,,Video,video,1,object-204,nomatch,Doll 1.jpg,52.mp4,different,different,foil,na,52,1,,,
88,1696595733223,06/10/2023 12:35:33,1696606533223,3,06/10/2023 18:35:33,142916,13,task-3k5q,,32071791,nk2u0tdp,9483878,,complete,,,computer,Desktop or Laptop,Windows 10,Firefox 118.0,1920x1080,1920x899,Accepted,,0,rsl experimental trials list1,26,rsl_list1,Not on phone,,Accepted,rsl_list1,7,nomatch,Screen 4,kfk7dt,4,response,nomatch,2220.820000000007,2218.3399999999965,2220.820000000007,2220.820000000007,2218.3399999999965,2220.820000000007,0,2220.820000000007,0,0,,Keyboard Response,Keyboard Response,6,object-209,nomatch,Doll 1.jpg,52.mp4,different,different,foil,na,52,1,,,
89,1696595733721,06/10/2023 12:35:33,1696606533721,3,06/10/2023 18:35:33,142916,13,task-3k5q,,32071791,nk2u0tdp,9483878,,complete,,,computer,Desktop or Laptop,Windows 10,Firefox 118.0,1920x1080,1920x899,Accepted,,0,rsl experimental trials list1,26,rsl_list1,Not on phone,,Accepted,rsl_list1,8,nomatch,Screen 1,8mz8sc,1,continue,,500,500,500,500,500,500,1,500,0,0,,Fixation Timing,,1,object-186,nomatch,Take 2.jpg,93.mp4,different,different,foil,na,93,1,,,
90,1696595734722,06/10/2023 12:35:34,1696606534722,3,06/10/2023 18:35:34,142916,13,task-3k5q,,32071791,nk2u0tdp,9483878,,complete,,,computer,Desktop or Laptop,Windows 10,Firefox 118.0,1920x1080,1920x899,Accepted,,0,rsl experimental trials list1,26,rsl_list1,Not on phone,,Accepted,rsl_list1,8,nomatch,Screen 2,zhfxqk,2,timedOut,,1001.4800000000105,1000,1001.4800000000105,1001.4800000000105,1000,1001.4800000000105,0,1001.4800000000105,0,0,,Time Limit,screen,0,screen,nomatch,Take 2.jpg,93.mp4,different,different,foil,na,93,1,,,
91,1696595735022,06/10/2023 12:35:35,1696606535022,3,06/10/2023 18:35:35,142916,13,task-3k5q,,32071791,nk2u0tdp,9483878,,complete,,,computer,Desktop or Laptop,Windows 10,Firefox 118.0,1920x1080,1920x899,Accepted,,0,rsl experimental trials list1,26,rsl_list1,Not on phone,,Accepted,rsl_list1,8,nomatch,Screen 3,d73ena,3,timedOut,,302.4800000000105,300,302.4800000000105,302.4800000000105,300,302.4800000000105,1,302.4800000000105,0,0,,Time Limit,screen,0,screen,nomatch,Take 2.jpg,93.mp4,different,different,foil,na,93,1,,,
92,1696595735348,06/10/2023 12:35:35,1696606535348,3,06/10/2023 18:35:35,142916,13,task-3k5q,,32071791,nk2u0tdp,9483878,,complete,,,computer,Desktop or Laptop,Windows 10,Firefox 118.0,1920x1080,1920x899,Accepted,,0,rsl experimental trials list1,26,rsl_list1,Not on phone,,Accepted,rsl_list1,8,nomatch,Screen 4,kfk7dt,4,info,Video start,221.40300000001048,216.5999999998894,221.40300000001048,221.40300000001048,216.5999999998894,221.40300000001048,0,221.40300000001048,0,0,,Video,video,1,object-204,nomatch,Take 2.jpg,93.mp4,different,different,foil,na,93,1,,,
93,1696595738241,06/10/2023 12:35:38,1696606538241,3,06/10/2023 18:35:38,142916,13,task-3k5q,,32071791,nk2u0tdp,9483878,,complete,,,computer,Desktop or Laptop,Windows 10,Firefox 118.0,1920x1080,1920x899,Accepted,,0,rsl experimental trials list1,26,rsl_list1,Not on phone,,Accepted,rsl_list1,8,nomatch,Screen 4,kfk7dt,4,response,nomatch,3221.4800000000105,3218.5599999999977,3221.4800000000105,3221.4800000000105,3218.5599999999977,3221.4800000000105,0,3221.4800000000105,0,0,,Keyboard Response,Keyboard Response,6,object-209,nomatch,Take 2.jpg,93.mp4,different,different,foil,na,93,1,,,
94,1696595738740,06/10/2023 12:35:38,1696606538740,3,06/10/2023 18:35:38,142916,13,task-3k5q,,32071791,nk2u0tdp,9483878,,complete,,,computer,Desktop or Laptop,Windows 10,Firefox 118.0,1920x1080,1920x899,Accepted,,0,rsl experimental trials list1,26,rsl_list1,Not on phone,,Accepted,rsl_list1,11,match,Screen 1,nmofvp,1,continue,,500,500,500,500,500,500,1,500,0,0,,Fixation Timing,,1,object-167,match,Try 1.jpg,22.mp4,different,same,target,try,22,1,,,
95,1696595739740,06/10/2023 12:35:39,1696606539740,3,06/10/2023 18:35:39,142916,13,task-3k5q,,32071791,nk2u0tdp,9483878,,complete,,,computer,Desktop or Laptop,Windows 10,Firefox 118.0,1920x1080,1920x899,Accepted,,0,rsl experimental trials list1,26,rsl_list1,Not on phone,,Accepted,rsl_list1,11,match,Screen 2,pevo7u,2,timedOut,,1000.9200000000128,1000,1000.9200000000128,1000.9200000000128,1000,1000.9200000000128,0,1000.9200000000128,0,0,,Time Limit,screen,0,screen,match,Try 1.jpg,22.mp4,different,same,target,try,22,1,,,
96,1696595740040,06/10/2023 12:35:40,1696606540040,3,06/10/2023 18:35:40,142916,13,task-3k5q,,32071791,nk2u0tdp,9483878,,complete,,,computer,Desktop or Laptop,Windows 10,Firefox 118.0,1920x1080,1920x899,Accepted,,0,rsl experimental trials list1,26,rsl_list1,Not on phone,,Accepted,rsl_list1,11,match,Screen 3,z1irvt,3,timedOut,,300.9200000000128,300,300.9200000000128,300.9200000000128,300,300.9200000000128,1,300.9200000000128,0,0,,Time Limit,screen,0,screen,match,Try 1.jpg,22.mp4,different,same,target,try,22,1,,,
97,1696595740349,06/10/2023 12:35:40,1696606540349,3,06/10/2023 18:35:40,142916,13,task-3k5q,,32071791,nk2u0tdp,9483878,,complete,,,computer,Desktop or Laptop,Windows 10,Firefox 118.0,1920x1080,1920x899,Accepted,,0,rsl experimental trials list1,26,rsl_list1,Not on phone,,Accepted,rsl_list1,11,match,Screen 4,9wlxvm,4,info,Video start,208.1630000000128,200.04000000015367,208.1630000000128,208.1630000000128,200.04000000015367,208.1630000000128,1,208.1630000000128,0,0,,Video,video,1,object-178,match,Try 1.jpg,22.mp4,different,same,target,try,22,1,,,
98,1696595744248,06/10/2023 12:35:44,1696606544248,3,06/10/2023 18:35:44,142916,13,task-3k5q,,32071791,nk2u0tdp,9483878,,complete,,,computer,Desktop or Laptop,Windows 10,Firefox 118.0,1920x1080,1920x899,Accepted,,0,rsl experimental trials list1,26,rsl_list1,Not on phone,,Accepted,rsl_list1,11,match,Screen 4,9wlxvm,4,response,match,4210.920000000013,4201.860000000015,4210.920000000013,4210.920000000013,4201.860000000015,4210.920000000013,1,4210.920000000013,0,0,,Keyboard Response,Keyboard Response,6,object-183,match,Try 1.jpg,22.mp4,different,same,target,try,22,1,,,
99,1696595744742,06/10/2023 12:35:44,1696606544742,3,06/10/2023 18:35:44,142916,13,task-3k5q,,32071791,nk2u0tdp,9483878,,complete,,,computer,Desktop or Laptop,Windows 10,Firefox 118.0,1920x1080,1920x899,Accepted,,0,rsl experimental trials list1,26,rsl_list1,Not on phone,,Accepted,rsl_list1,9,nomatch,Screen 1,8mz8sc,1,continue,,500,500,500,500,500,500,1,500,0,0,,Fixation Timing,,1,object-186,nomatch,Travel 2.jpg,69.mp4,different,different,foil,na,69,1,,,
100,1696595745742,06/10/2023 12:35:45,1696606545742,3,06/10/2023 18:35:45,142916,13,task-3k5q,,32071791,nk2u0tdp,9483878,,complete,,,computer,Desktop or Laptop,Windows 10,Firefox 118.0,1920x1080,1920x899,Accepted,,0,rsl experimental trials list1,26,rsl_list1,Not on phone,,Accepted,rsl_list1,9,nomatch,Screen 2,zhfxqk,2,timedOut,,1001.0599999999977,1000,1001.0599999999977,1001.0599999999977,1000,1001.0599999999977,0,1001.0599999999977,0,0,,Time Limit,screen,0,screen,nomatch,Travel 2.jpg,69.mp4,different,different,foil,na,69,1,,,
101,1696595746042,06/10/2023 12:35:46,1696606546042,3,06/10/2023 18:35:46,142916,13,task-3k5q,,32071791,nk2u0tdp,9483878,,complete,,,computer,Desktop or Laptop,Windows 10,Firefox 118.0,1920x1080,1920x899,Accepted,,0,rsl experimental trials list1,26,rsl_list1,Not on phone,,Accepted,rsl_list1,9,nomatch,Screen 3,d73ena,3,timedOut,,302.0599999999977,300,302.0599999999977,302.0599999999977,300,302.0599999999977,1,302.0599999999977,0,0,,Time Limit,screen,0,screen,nomatch,Travel 2.jpg,69.mp4,different,different,foil,na,69,1,,,
102,1696595746370,06/10/2023 12:35:46,1696606546370,3,06/10/2023 18:35:46,142916,13,task-3k5q,,32071791,nk2u0tdp,9483878,,complete,,,computer,Desktop or Laptop,Windows 10,Firefox 118.0,1920x1080,1920x899,Accepted,,0,rsl experimental trials list1,26,rsl_list1,Not on phone,,Accepted,rsl_list1,9,nomatch,Screen 4,kfk7dt,4,info,Video start,232.41799999999768,216.60000000003492,232.41799999999768,232.41799999999768,216.60000000003492,232.41799999999768,0,232.41799999999768,0,0,,Video,video,1,object-204,nomatch,Travel 2.jpg,69.mp4,different,different,foil,na,69,1,,,
103,1696595750153,06/10/2023 12:35:50,1696606550153,3,06/10/2023 18:35:50,142916,13,task-3k5q,,32071791,nk2u0tdp,9483878,,complete,,,computer,Desktop or Laptop,Windows 10,Firefox 118.0,1920x1080,1920x899,Accepted,,0,rsl experimental trials list1,26,rsl_list1,Not on phone,,Accepted,rsl_list1,9,nomatch,Screen 4,kfk7dt,4,response,nomatch,4112.059999999998,4101.880000000005,4112.059999999998,4112.059999999998,4101.880000000005,4112.059999999998,0,4112.059999999998,0,0,,Keyboard Response,Keyboard Response,6,object-209,nomatch,Travel 2.jpg,69.mp4,different,different,foil,na,69,1,,,
104,1696595750643,06/10/2023 12:35:50,1696606550643,3,06/10/2023 18:35:50,142916,13,task-3k5q,,32071791,nk2u0tdp,9483878,,complete,,,computer,Desktop or Laptop,Windows 10,Firefox 118.0,1920x1080,1920x899,Accepted,,0,rsl experimental trials list1,26,rsl_list1,Not on phone,,Accepted,rsl_list1,12,match,Screen 1,nmofvp,1,continue,,500,500,500,500,500,500,1,500,0,0,,Fixation Timing,,1,object-167,match,Color 2.jpg,3.mp4,different,same,target,color,3,1,,,
105,1696595751643,06/10/2023 12:35:51,1696606551643,3,06/10/2023 18:35:51,142916,13,task-3k5q,,32071791,nk2u0tdp,9483878,,complete,,,computer,Desktop or Laptop,Windows 10,Firefox 118.0,1920x1080,1920x899,Accepted,,0,rsl experimental trials list1,26,rsl_list1,Not on phone,,Accepted,rsl_list1,12,match,Screen 2,pevo7u,2,timedOut,,1001.179999999993,1000,1001.179999999993,1001.179999999993,1000,1001.179999999993,0,1001.179999999993,0,0,,Time Limit,screen,0,screen,match,Color 2.jpg,3.mp4,different,same,target,color,3,1,,,
106,1696595751944,06/10/2023 12:35:51,1696606551944,3,06/10/2023 18:35:51,142916,13,task-3k5q,,32071791,nk2u0tdp,9483878,,complete,,,computer,Desktop or Laptop,Windows 10,Firefox 118.0,1920x1080,1920x899,Accepted,,0,rsl experimental trials list1,26,rsl_list1,Not on phone,,Accepted,rsl_list1,12,match,Screen 3,z1irvt,3,timedOut,,301.179999999993,300,301.179999999993,301.179999999993,300,301.179999999993,1,301.179999999993,0,0,,Time Limit,screen,0,screen,match,Color 2.jpg,3.mp4,different,same,target,color,3,1,,,
107,1696595752254,06/10/2023 12:35:52,1696606552254,3,06/10/2023 18:35:52,142916,13,task-3k5q,,32071791,nk2u0tdp,9483878,,complete,,,computer,Desktop or Laptop,Windows 10,Firefox 118.0,1920x1080,1920x899,Accepted,,0,rsl experimental trials list1,26,rsl_list1,Not on phone,,Accepted,rsl_list1,12,match,Screen 4,9wlxvm,4,info,Video start,58.491999999993,50.09999999994761,58.491999999993,58.491999999993,50.09999999994761,58.491999999993,1,58.491999999993,0,0,,Video,video,1,object-178,match,Color 2.jpg,3.mp4,different,same,target,color,3,1,,,
108,1696595755000,06/10/2023 12:35:55,1696606555000,3,06/10/2023 18:35:55,142916,13,task-3k5q,,32071791,nk2u0tdp,9483878,,complete,,,computer,Desktop or Laptop,Windows 10,Firefox 118.0,1920x1080,1920x899,Accepted,,0,rsl experimental trials list1,26,rsl_list1,Not on phone,,Accepted,rsl_list1,12,match,Screen 4,9wlxvm,4,response,nomatch,3058.179999999993,3051.6199999999953,3058.179999999993,3058.179999999993,3051.6199999999953,3058.179999999993,1,3058.179999999993,0,0,,Keyboard Response,Keyboard Response,6,object-183,match,Color 2.jpg,3.mp4,different,same,target,color,3,1,,,
109,1696595755494,06/10/2023 12:35:55,1696606555494,3,06/10/2023 18:35:55,142916,13,task-3k5q,,32071791,nk2u0tdp,9483878,,complete,,,computer,Desktop or Laptop,Windows 10,Firefox 118.0,1920x1080,1920x899,Accepted,,0,rsl experimental trials list1,26,rsl_list1,Not on phone,,Accepted,rsl_list1,13,match,Screen 1,nmofvp,1,continue,,500,500,500,500,500,500,1,500,0,0,,Fixation Timing,,1,object-167,match,Sail 2.jpg,18.mp4,different,same,target,sail,18,1,,,
110,1696595756495,06/10/2023 12:35:56,1696606556495,3,06/10/2023 18:35:56,142916,13,task-3k5q,,32071791,nk2u0tdp,9483878,,complete,,,computer,Desktop or Laptop,Windows 10,Firefox 118.0,1920x1080,1920x899,Accepted,,0,rsl experimental trials list1,26,rsl_list1,Not on phone,,Accepted,rsl_list1,13,match,Screen 2,pevo7u,2,timedOut,,1000.5599999999977,1000,1000.5599999999977,1000.5599999999977,1000,1000.5599999999977,0,1000.5599999999977,0,0,,Time Limit,screen,0,screen,match,Sail 2.jpg,18.mp4,different,same,target,sail,18,1,,,
111,1696595756795,06/10/2023 12:35:56,1696606556795,3,06/10/2023 18:35:56,142916,13,task-3k5q,,32071791,nk2u0tdp,9483878,,complete,,,computer,Desktop or Laptop,Windows 10,Firefox 118.0,1920x1080,1920x899,Accepted,,0,rsl experimental trials list1,26,rsl_list1,Not on phone,,Accepted,rsl_list1,13,match,Screen 3,z1irvt,3,timedOut,,300.5599999999977,300,300.5599999999977,300.5599999999977,300,300.5599999999977,1,300.5599999999977,0,0,,Time Limit,screen,0,screen,match,Sail 2.jpg,18.mp4,different,same,target,sail,18,1,,,
112,1696595757109,06/10/2023 12:35:57,1696606557109,3,06/10/2023 18:35:57,142916,13,task-3k5q,,32071791,nk2u0tdp,9483878,,complete,,,computer,Desktop or Laptop,Windows 10,Firefox 118.0,1920x1080,1920x899,Accepted,,0,rsl experimental trials list1,26,rsl_list1,Not on phone,,Accepted,rsl_list1,13,match,Screen 4,9wlxvm,4,info,Video start,63.2269999999977,50.09999999994761,63.2269999999977,63.2269999999977,50.09999999994761,63.2269999999977,1,63.2269999999977,0,0,,Video,video,1,object-178,match,Sail 2.jpg,18.mp4,different,same,target,sail,18,1,,,
113,1696595759121,06/10/2023 12:35:59,1696606559121,3,06/10/2023 18:35:59,142916,13,task-3k5q,,32071791,nk2u0tdp,9483878,,complete,,,computer,Desktop or Laptop,Windows 10,Firefox 118.0,1920x1080,1920x899,Accepted,,0,rsl experimental trials list1,26,rsl_list1,Not on phone,,Accepted,rsl_list1,13,match,Screen 4,9wlxvm,4,response,match,2326.5599999999977,2316.6600000000035,2326.5599999999977,2326.5599999999977,2316.6600000000035,2326.5599999999977,1,2326.5599999999977,0,0,,Keyboard Response,Keyboard Response,6,object-183,match,Sail 2.jpg,18.mp4,different,same,target,sail,18,1,,,
114,1696595759613,06/10/2023 12:35:59,1696606559613,3,06/10/2023 18:35:59,142916,13,task-3k5q,,32071791,nk2u0tdp,9483878,,complete,,,computer,Desktop or Laptop,Windows 10,Firefox 118.0,1920x1080,1920x899,Accepted,,0,rsl experimental trials list1,26,rsl_list1,Not on phone,,Accepted,rsl_list1,10,nomatch,Screen 1,8mz8sc,1,continue,,500,500,500,500,500,500,1,500,0,0,,Fixation Timing,,1,object-186,nomatch,Telephone 2.jpg,84.mp4,different,different,foil,na,84,1,,,
115,1696595760613,06/10/2023 12:36:00,1696606560613,3,06/10/2023 18:36:00,142916,13,task-3k5q,,32071791,nk2u0tdp,9483878,,complete,,,computer,Desktop or Laptop,Windows 10,Firefox 118.0,1920x1080,1920x899,Accepted,,0,rsl experimental trials list1,26,rsl_list1,Not on phone,,Accepted,rsl_list1,10,nomatch,Screen 2,zhfxqk,2,timedOut,,1002.8999999999942,1001.9799999999814,1002.8999999999942,1002.8999999999942,1001.9799999999814,1002.8999999999942,0,1002.8999999999942,0,0,,Time Limit,screen,0,screen,nomatch,Telephone 2.jpg,84.mp4,different,different,foil,na,84,1,,,
116,1696595760913,06/10/2023 12:36:00,1696606560913,3,06/10/2023 18:36:00,142916,13,task-3k5q,,32071791,nk2u0tdp,9483878,,complete,,,computer,Desktop or Laptop,Windows 10,Firefox 118.0,1920x1080,1920x899,Accepted,,0,rsl experimental trials list1,26,rsl_list1,Not on phone,,Accepted,rsl_list1,10,nomatch,Screen 3,d73ena,3,timedOut,,299.96000000002095,299.96000000002095,299.96000000002095,299.96000000002095,299.96000000002095,299.96000000002095,1,299.96000000002095,0,0,,Time Limit,screen,0,screen,nomatch,Telephone 2.jpg,84.mp4,different,different,foil,na,84,1,,,
117,1696595761223,06/10/2023 12:36:01,1696606561223,3,06/10/2023 18:36:01,142916,13,task-3k5q,,32071791,nk2u0tdp,9483878,,complete,,,computer,Desktop or Laptop,Windows 10,Firefox 118.0,1920x1080,1920x899,Accepted,,0,rsl experimental trials list1,26,rsl_list1,Not on phone,,Accepted,rsl_list1,10,nomatch,Screen 4,kfk7dt,4,info,Video start,64.97299999999183,50.09999999994761,64.97299999999183,64.97299999999183,50.09999999994761,64.97299999999183,0,64.97299999999183,0,0,,Video,video,1,object-204,nomatch,Telephone 2.jpg,84.mp4,different,different,foil,na,84,1,,,
118,1696595764186,06/10/2023 12:36:04,1696606564186,3,06/10/2023 18:36:04,142916,13,task-3k5q,,32071791,nk2u0tdp,9483878,,complete,,,computer,Desktop or Laptop,Windows 10,Firefox 118.0,1920x1080,1920x899,Accepted,,0,rsl experimental trials list1,26,rsl_list1,Not on phone,,Accepted,rsl_list1,10,nomatch,Screen 4,kfk7dt,4,response,nomatch,3273.959999999992,3266.6600000000035,3273.959999999992,3273.959999999992,3266.6600000000035,3273.959999999992,0,3273.959999999992,0,0,,Keyboard Response,Keyboard Response,6,object-209,nomatch,Telephone 2.jpg,84.mp4,different,different,foil,na,84,1,,,
119,1696595764681,06/10/2023 12:36:04,1696606564681,3,06/10/2023 18:36:04,142916,13,task-3k5q,,32071791,nk2u0tdp,9483878,,complete,,,computer,Desktop or Laptop,Windows 10,Firefox 118.0,1920x1080,1920x899,Accepted,,0,rsl experimental trials list1,26,rsl_list1,Not on phone,,Accepted,rsl_list1,14,match,Screen 1,nmofvp,1,continue,,500,500,500,500,500,500,1,500,0,0,,Fixation Timing,,1,object-167,match,Write 1.jpg,48.mp4,different,same,target,write,48,1,,,
120,1696595765681,06/10/2023 12:36:05,1696606565681,3,06/10/2023 18:36:05,142916,13,task-3k5q,,32071791,nk2u0tdp,9483878,,complete,,,computer,Desktop or Laptop,Windows 10,Firefox 118.0,1920x1080,1920x899,Accepted,,0,rsl experimental trials list1,26,rsl_list1,Not on phone,,Accepted,rsl_list1,14,match,Screen 2,pevo7u,2,timedOut,,1002.2999999999884,1000,1002.2999999999884,1002.2999999999884,1000,1002.2999999999884,0,1002.2999999999884,0,0,,Time Limit,screen,0,screen,match,Write 1.jpg,48.mp4,different,same,target,write,48,1,,,
121,1696595765981,06/10/2023 12:36:05,1696606565981,3,06/10/2023 18:36:05,142916,13,task-3k5q,,32071791,nk2u0tdp,9483878,,complete,,,computer,Desktop or Laptop,Windows 10,Firefox 118.0,1920x1080,1920x899,Accepted,,0,rsl experimental trials list1,26,rsl_list1,Not on phone,,Accepted,rsl_list1,14,match,Screen 3,z1irvt,3,timedOut,,302.29999999998836,300,302.29999999998836,302.29999999998836,300,302.29999999998836,1,302.29999999998836,0,0,,Time Limit,screen,0,screen,match,Write 1.jpg,48.mp4,different,same,target,write,48,1,,,
122,1696595766287,06/10/2023 12:36:06,1696606566287,3,06/10/2023 18:36:06,142916,13,task-3k5q,,32071791,nk2u0tdp,9483878,,complete,,,computer,Desktop or Laptop,Windows 10,Firefox 118.0,1920x1080,1920x899,Accepted,,0,rsl experimental trials list1,26,rsl_list1,Not on phone,,Accepted,rsl_list1,14,match,Screen 4,9wlxvm,4,info,Video start,67.29399999998836,66.7599999999511,67.29399999998836,67.29399999998836,66.7599999999511,67.29399999998836,1,67.29399999998836,0,0,,Video,video,1,object-178,match,Write 1.jpg,48.mp4,different,same,target,write,48,1,,,
123,1696595768409,06/10/2023 12:36:08,1696606568409,3,06/10/2023 18:36:08,142916,13,task-3k5q,,32071791,nk2u0tdp,9483878,,complete,,,computer,Desktop or Laptop,Windows 10,Firefox 118.0,1920x1080,1920x899,Accepted,,0,rsl experimental trials list1,26,rsl_list1,Not on phone,,Accepted,rsl_list1,14,match,Screen 4,9wlxvm,4,response,match,2429.2999999999884,2418.5599999999977,2429.2999999999884,2429.2999999999884,2418.5599999999977,2429.2999999999884,1,2429.2999999999884,0,0,,Keyboard Response,Keyboard Response,6,object-183,match,Write 1.jpg,48.mp4,different,same,target,write,48,1,,,
124,1696595768899,06/10/2023 12:36:08,1696606568899,3,06/10/2023 18:36:08,142916,13,task-3k5q,,32071791,nk2u0tdp,9483878,,complete,,,computer,Desktop or Laptop,Windows 10,Firefox 118.0,1920x1080,1920x899,Accepted,,0,rsl experimental trials list1,26,rsl_list1,Not on phone,,Accepted,rsl_list1,15,match,Screen 1,nmofvp,1,continue,,500,500,500,500,500,500,1,500,0,0,,Fixation Timing,,1,object-167,match,Call 2.jpg,13.mp4,different,same,target,call,13,1,,,
125,1696595769899,06/10/2023 12:36:09,1696606569899,3,06/10/2023 18:36:09,142916,13,task-3k5q,,32071791,nk2u0tdp,9483878,,complete,,,computer,Desktop or Laptop,Windows 10,Firefox 118.0,1920x1080,1920x899,Accepted,,0,rsl experimental trials list1,26,rsl_list1,Not on phone,,Accepted,rsl_list1,15,match,Screen 2,pevo7u,2,timedOut,,1001.7399999999907,1000,1001.7399999999907,1001.7399999999907,1000,1001.7399999999907,0,1001.7399999999907,0,0,,Time Limit,screen,0,screen,match,Call 2.jpg,13.mp4,different,same,target,call,13,1,,,
126,1696595770199,06/10/2023 12:36:10,1696606570199,3,06/10/2023 18:36:10,142916,13,task-3k5q,,32071791,nk2u0tdp,9483878,,complete,,,computer,Desktop or Laptop,Windows 10,Firefox 118.0,1920x1080,1920x899,Accepted,,0,rsl experimental trials list1,26,rsl_list1,Not on phone,,Accepted,rsl_list1,15,match,Screen 3,z1irvt,3,timedOut,,301.7399999999907,300,301.7399999999907,301.7399999999907,300,301.7399999999907,1,301.7399999999907,0,0,,Time Limit,screen,0,screen,match,Call 2.jpg,13.mp4,different,same,target,call,13,1,,,
127,1696595770519,06/10/2023 12:36:10,1696606570519,3,06/10/2023 18:36:10,142916,13,task-3k5q,,32071791,nk2u0tdp,9483878,,complete,,,computer,Desktop or Laptop,Windows 10,Firefox 118.0,1920x1080,1920x899,Accepted,,0,rsl experimental trials list1,26,rsl_list1,Not on phone,,Accepted,rsl_list1,15,match,Screen 4,9wlxvm,4,info,Video start,78.86499999999069,66.48000000009779,78.86499999999069,78.86499999999069,66.48000000009779,78.86499999999069,1,78.86499999999069,0,0,,Video,video,1,object-178,match,Call 2.jpg,13.mp4,different,same,target,call,13,1,,,
128,1696595771872,06/10/2023 12:36:11,1696606571872,3,06/10/2023 18:36:11,142916,13,task-3k5q,,32071791,nk2u0tdp,9483878,,complete,,,computer,Desktop or Laptop,Windows 10,Firefox 118.0,1920x1080,1920x899,Accepted,,0,rsl experimental trials list1,26,rsl_list1,Not on phone,,Accepted,rsl_list1,15,match,Screen 4,9wlxvm,4,response,match,1674.7399999999907,1666.679999999993,1674.7399999999907,1674.7399999999907,1666.679999999993,1674.7399999999907,1,1674.7399999999907,0,0,,Keyboard Response,Keyboard Response,6,object-183,match,Call 2.jpg,13.mp4,different,same,target,call,13,1,,,
129,1696595772366,06/10/2023 12:36:12,1696606572366,3,06/10/2023 18:36:12,142916,13,task-3k5q,,32071791,nk2u0tdp,9483878,,complete,,,computer,Desktop or Laptop,Windows 10,Firefox 118.0,1920x1080,1920x899,Accepted,,0,rsl experimental trials list1,26,rsl_list1,Not on phone,,Accepted,rsl_list1,16,match,Screen 1,nmofvp,1,continue,,500,500,500,500,500,500,1,500,0,0,,Fixation Timing,,1,object-167,match,Coffee 2.jpg,29.mp4,same,same,target,coffee,29,1,,,
130,1696595773367,06/10/2023 12:36:13,1696606573367,3,06/10/2023 18:36:13,142916,13,task-3k5q,,32071791,nk2u0tdp,9483878,,complete,,,computer,Desktop or Laptop,Windows 10,Firefox 118.0,1920x1080,1920x899,Accepted,,0,rsl experimental trials list1,26,rsl_list1,Not on phone,,Accepted,rsl_list1,16,match,Screen 2,pevo7u,2,timedOut,,1002.0599999999977,1002,1002.0599999999977,1002.0599999999977,1002,1002.0599999999977,0,1002.0599999999977,0,0,,Time Limit,screen,0,screen,match,Coffee 2.jpg,29.mp4,same,same,target,coffee,29,1,,,
131,1696595773667,06/10/2023 12:36:13,1696606573667,3,06/10/2023 18:36:13,142916,13,task-3k5q,,32071791,nk2u0tdp,9483878,,complete,,,computer,Desktop or Laptop,Windows 10,Firefox 118.0,1920x1080,1920x899,Accepted,,0,rsl experimental trials list1,26,rsl_list1,Not on phone,,Accepted,rsl_list1,16,match,Screen 3,z1irvt,3,timedOut,,300.0599999999977,300,300.0599999999977,300.0599999999977,300,300.0599999999977,1,300.0599999999977,0,0,,Time Limit,screen,0,screen,match,Coffee 2.jpg,29.mp4,same,same,target,coffee,29,1,,,
132,1696595773983,06/10/2023 12:36:13,1696606573983,3,06/10/2023 18:36:13,142916,13,task-3k5q,,32071791,nk2u0tdp,9483878,,complete,,,computer,Desktop or Laptop,Windows 10,Firefox 118.0,1920x1080,1920x899,Accepted,,0,rsl experimental trials list1,26,rsl_list1,Not on phone,,Accepted,rsl_list1,16,match,Screen 4,9wlxvm,4,info,Video start,66.7599999999511,50.09999999994761,66.7599999999511,66.7599999999511,50.09999999994761,66.7599999999511,1,66.7599999999511,0,0,,Video,video,1,object-178,match,Coffee 2.jpg,29.mp4,same,same,target,coffee,29,1,,,
133,1696595776144,06/10/2023 12:36:16,1696606576144,3,06/10/2023 18:36:16,142916,13,task-3k5q,,32071791,nk2u0tdp,9483878,,complete,,,computer,Desktop or Laptop,Windows 10,Firefox 118.0,1920x1080,1920x899,Accepted,,0,rsl experimental trials list1,26,rsl_list1,Not on phone,,Accepted,rsl_list1,16,match,Screen 4,9wlxvm,4,response,match,2478.0599999999977,2466.6600000000035,2478.0599999999977,2478.0599999999977,2466.6600000000035,2478.0599999999977,1,2478.0599999999977,0,0,,Keyboard Response,Keyboard Response,6,object-183,match,Coffee 2.jpg,29.mp4,same,same,target,coffee,29,1,,,
134,1696595776635,06/10/2023 12:36:16,1696606576635,3,06/10/2023 18:36:16,142916,13,task-3k5q,,32071791,nk2u0tdp,9483878,,complete,,,computer,Desktop or Laptop,Windows 10,Firefox 118.0,1920x1080,1920x899,Accepted,,0,rsl experimental trials list1,26,rsl_list1,Not on phone,,Accepted,rsl_list1,17,match,Screen 1,nmofvp,1,continue,,500,500,500,500,500,500,1,500,0,0,,Fixation Timing,,1,object-167,match,Engagement 2.jpg,2.mp4,different,same,target,engagement,2,1,,,
135,1696595777635,06/10/2023 12:36:17,1696606577635,3,06/10/2023 18:36:17,142916,13,task-3k5q,,32071791,nk2u0tdp,9483878,,complete,,,computer,Desktop or Laptop,Windows 10,Firefox 118.0,1920x1080,1920x899,Accepted,,0,rsl experimental trials list1,26,rsl_list1,Not on phone,,Accepted,rsl_list1,17,match,Screen 2,pevo7u,2,timedOut,,1002.3999999999942,1000,1002.3999999999942,1002.3999999999942,1000,1002.3999999999942,0,1002.3999999999942,0,0,,Time Limit,screen,0,screen,match,Engagement 2.jpg,2.mp4,different,same,target,engagement,2,1,,,
136,1696595777935,06/10/2023 12:36:17,1696606577935,3,06/10/2023 18:36:17,142916,13,task-3k5q,,32071791,nk2u0tdp,9483878,,complete,,,computer,Desktop or Laptop,Windows 10,Firefox 118.0,1920x1080,1920x899,Accepted,,0,rsl experimental trials list1,26,rsl_list1,Not on phone,,Accepted,rsl_list1,17,match,Screen 3,z1irvt,3,timedOut,,302.3999999999942,300,302.3999999999942,302.3999999999942,300,302.3999999999942,1,302.3999999999942,0,0,,Time Limit,screen,0,screen,match,Engagement 2.jpg,2.mp4,different,same,target,engagement,2,1,,,
137,1696595778229,06/10/2023 12:36:18,1696606578229,3,06/10/2023 18:36:18,142916,13,task-3k5q,,32071791,nk2u0tdp,9483878,,complete,,,computer,Desktop or Laptop,Windows 10,Firefox 118.0,1920x1080,1920x899,Accepted,,0,rsl experimental trials list1,26,rsl_list1,Not on phone,,Accepted,rsl_list1,17,match,Screen 4,9wlxvm,4,info,Video start,54.537999999994184,50.09999999994761,54.537999999994184,54.537999999994184,50.09999999994761,54.537999999994184,1,54.537999999994184,0,0,,Video,video,1,object-178,match,Engagement 2.jpg,2.mp4,different,same,target,engagement,2,1,,,
138,1696595781337,06/10/2023 12:36:21,1696606581337,3,06/10/2023 18:36:21,142916,13,task-3k5q,,32071791,nk2u0tdp,9483878,,complete,,,computer,Desktop or Laptop,Windows 10,Firefox 118.0,1920x1080,1920x899,Accepted,,0,rsl experimental trials list1,26,rsl_list1,Not on phone,,Accepted,rsl_list1,17,match,Screen 4,9wlxvm,4,response,match,3401.899999999994,3385.220000000001,3401.899999999994,3401.899999999994,3385.220000000001,3401.899999999994,1,3401.899999999994,0,0,,Keyboard Response,Keyboard Response,6,object-183,match,Engagement 2.jpg,2.mp4,different,same,target,engagement,2,1,,,
139,1696595781820,06/10/2023 12:36:21,1696606581820,3,06/10/2023 18:36:21,142916,13,task-3k5q,,32071791,nk2u0tdp,9483878,,complete,,,computer,Desktop or Laptop,Windows 10,Firefox 118.0,1920x1080,1920x899,Accepted,,0,rsl experimental trials list1,26,rsl_list1,Not on phone,,Accepted,rsl_list1,11,nomatch,Screen 1,8mz8sc,1,continue,,500,500,500,500,500,500,1,500,0,0,,Fixation Timing,,1,object-186,nomatch,East 1.jpg,53.mp4,different,different,foil,na,53,1,,,
140,1696595782820,06/10/2023 12:36:22,1696606582820,3,06/10/2023 18:36:22,142916,13,task-3k5q,,32071791,nk2u0tdp,9483878,,complete,,,computer,Desktop or Laptop,Windows 10,Firefox 118.0,1920x1080,1920x899,Accepted,,0,rsl experimental trials list1,26,rsl_list1,Not on phone,,Accepted,rsl_list1,11,nomatch,Screen 2,zhfxqk,2,timedOut,,1002.179999999993,1000,1002.179999999993,1002.179999999993,1000,1002.179999999993,0,1002.179999999993,0,0,,Time Limit,screen,0,screen,nomatch,East 1.jpg,53.mp4,different,different,foil,na,53,1,,,
141,1696595783120,06/10/2023 12:36:23,1696606583120,3,06/10/2023 18:36:23,142916,13,task-3k5q,,32071791,nk2u0tdp,9483878,,complete,,,computer,Desktop or Laptop,Windows 10,Firefox 118.0,1920x1080,1920x899,Accepted,,0,rsl experimental trials list1,26,rsl_list1,Not on phone,,Accepted,rsl_list1,11,nomatch,Screen 3,d73ena,3,timedOut,,302.179999999993,300,302.179999999993,302.179999999993,300,302.179999999993,1,302.179999999993,0,0,,Time Limit,screen,0,screen,nomatch,East 1.jpg,53.mp4,different,different,foil,na,53,1,,,
142,1696595783431,06/10/2023 12:36:23,1696606583431,3,06/10/2023 18:36:23,142916,13,task-3k5q,,32071791,nk2u0tdp,9483878,,complete,,,computer,Desktop or Laptop,Windows 10,Firefox 118.0,1920x1080,1920x899,Accepted,,0,rsl experimental trials list1,26,rsl_list1,Not on phone,,Accepted,rsl_list1,11,nomatch,Screen 4,kfk7dt,4,info,Video start,203.89099999999303,199.9200000000419,203.89099999999303,203.89099999999303,199.9200000000419,203.89099999999303,0,203.89099999999303,0,0,,Video,video,1,object-204,nomatch,East 1.jpg,53.mp4,different,different,foil,na,53,1,,,
143,1696595785056,06/10/2023 12:36:25,1696606585056,3,06/10/2023 18:36:25,142916,13,task-3k5q,,32071791,nk2u0tdp,9483878,,complete,,,computer,Desktop or Laptop,Windows 10,Firefox 118.0,1920x1080,1920x899,Accepted,,0,rsl experimental trials list1,26,rsl_list1,Not on phone,,Accepted,rsl_list1,11,nomatch,Screen 4,kfk7dt,4,response,nomatch,1937.179999999993,1933.320000000007,1937.179999999993,1937.179999999993,1933.320000000007,1937.179999999993,0,1937.179999999993,0,0,,Keyboard Response,Keyboard Response,6,object-209,nomatch,East 1.jpg,53.mp4,different,different,foil,na,53,1,,,
144,1696595785554,06/10/2023 12:36:25,1696606585554,3,06/10/2023 18:36:25,142916,13,task-3k5q,,32071791,nk2u0tdp,9483878,,complete,,,computer,Desktop or Laptop,Windows 10,Firefox 118.0,1920x1080,1920x899,Accepted,,0,rsl experimental trials list1,26,rsl_list1,Not on phone,,Accepted,rsl_list1,12,nomatch,Screen 1,8mz8sc,1,continue,,501.8199999999779,501.8199999999779,501.8199999999779,501.8199999999779,501.8199999999779,501.8199999999779,1,501.8199999999779,0,0,,Fixation Timing,,1,object-186,nomatch,Cry 1.jpg,86.mp4,different,different,foil,na,86,1,,,
145,1696595786554,06/10/2023 12:36:26,1696606586554,3,06/10/2023 18:36:26,142916,13,task-3k5q,,32071791,nk2u0tdp,9483878,,complete,,,computer,Desktop or Laptop,Windows 10,Firefox 118.0,1920x1080,1920x899,Accepted,,0,rsl experimental trials list1,26,rsl_list1,Not on phone,,Accepted,rsl_list1,12,nomatch,Screen 2,zhfxqk,2,timedOut,,1001.0400000000081,1000,1001.0400000000081,1001.0400000000081,1000,1001.0400000000081,0,1001.0400000000081,0,0,,Time Limit,screen,0,screen,nomatch,Cry 1.jpg,86.mp4,different,different,foil,na,86,1,,,
146,1696595786854,06/10/2023 12:36:26,1696606586854,3,06/10/2023 18:36:26,142916,13,task-3k5q,,32071791,nk2u0tdp,9483878,,complete,,,computer,Desktop or Laptop,Windows 10,Firefox 118.0,1920x1080,1920x899,Accepted,,0,rsl experimental trials list1,26,rsl_list1,Not on phone,,Accepted,rsl_list1,12,nomatch,Screen 3,d73ena,3,timedOut,,301.04000000000815,300,301.04000000000815,301.04000000000815,300,301.04000000000815,1,301.04000000000815,0,0,,Time Limit,screen,0,screen,nomatch,Cry 1.jpg,86.mp4,different,different,foil,na,86,1,,,
147,1696595787058,06/10/2023 12:36:27,1696606587058,3,06/10/2023 18:36:27,142916,13,task-3k5q,,32071791,nk2u0tdp,9483878,,complete,,,computer,Desktop or Laptop,Windows 10,Firefox 118.0,1920x1080,1920x899,Accepted,,0,rsl experimental trials list1,26,rsl_list1,Not on phone,,Accepted,rsl_list1,12,nomatch,Screen 4,kfk7dt,4,info,Video start,61.81800000000817,49.880000000062864,61.81800000000817,61.81800000000817,49.880000000062864,61.81800000000817,0,61.81800000000817,0,0,,Video,video,1,object-204,nomatch,Cry 1.jpg,86.mp4,different,different,foil,na,86,1,,,
148,1696595789174,06/10/2023 12:36:29,1696606589174,3,06/10/2023 18:36:29,142916,13,task-3k5q,,32071791,nk2u0tdp,9483878,,complete,,,computer,Desktop or Laptop,Windows 10,Firefox 118.0,1920x1080,1920x899,Accepted,,0,rsl experimental trials list1,26,rsl_list1,Not on phone,,Accepted,rsl_list1,12,nomatch,Screen 4,kfk7dt,4,response,nomatch,2321.040000000008,2316.6600000000035,2321.040000000008,2321.040000000008,2316.6600000000035,2321.040000000008,0,2321.040000000008,0,0,,Keyboard Response,Keyboard Response,6,object-209,nomatch,Cry 1.jpg,86.mp4,different,different,foil,na,86,1,,,
149,1696595789672,06/10/2023 12:36:29,1696606589672,3,06/10/2023 18:36:29,142916,13,task-3k5q,,32071791,nk2u0tdp,9483878,,complete,,,computer,Desktop or Laptop,Windows 10,Firefox 118.0,1920x1080,1920x899,Accepted,,0,rsl experimental trials list1,26,rsl_list1,Not on phone,,Accepted,rsl_list1,13,nomatch,Screen 1,8mz8sc,1,continue,,500,500,500,500,500,500,1,500,0,0,,Fixation Timing,,1,object-186,nomatch,Watch 2.jpg,95.mp4,different,different,foil,na,95,1,,,
150,1696595790672,06/10/2023 12:36:30,1696606590672,3,06/10/2023 18:36:30,142916,13,task-3k5q,,32071791,nk2u0tdp,9483878,,complete,,,computer,Desktop or Laptop,Windows 10,Firefox 118.0,1920x1080,1920x899,Accepted,,0,rsl experimental trials list1,26,rsl_list1,Not on phone,,Accepted,rsl_list1,13,nomatch,Screen 2,zhfxqk,2,timedOut,,1001.3800000000047,1000,1001.3800000000047,1001.3800000000047,1000,1001.3800000000047,0,1001.3800000000047,0,0,,Time Limit,screen,0,screen,nomatch,Watch 2.jpg,95.mp4,different,different,foil,na,95,1,,,
151,1696595790973,06/10/2023 12:36:30,1696606590973,3,06/10/2023 18:36:30,142916,13,task-3k5q,,32071791,nk2u0tdp,9483878,,complete,,,computer,Desktop or Laptop,Windows 10,Firefox 118.0,1920x1080,1920x899,Accepted,,0,rsl experimental trials list1,26,rsl_list1,Not on phone,,Accepted,rsl_list1,13,nomatch,Screen 3,d73ena,3,timedOut,,302.38000000000466,300,302.38000000000466,302.38000000000466,300,302.38000000000466,1,302.38000000000466,0,0,,Time Limit,screen,0,screen,nomatch,Watch 2.jpg,95.mp4,different,different,foil,na,95,1,,,
152,1696595791282,06/10/2023 12:36:31,1696606591282,3,06/10/2023 18:36:31,142916,13,task-3k5q,,32071791,nk2u0tdp,9483878,,complete,,,computer,Desktop or Laptop,Windows 10,Firefox 118.0,1920x1080,1920x899,Accepted,,0,rsl experimental trials list1,26,rsl_list1,Not on phone,,Accepted,rsl_list1,13,nomatch,Screen 4,kfk7dt,4,info,Video start,160.17800000000466,150.05999999996857,160.17800000000466,160.17800000000466,150.05999999996857,160.17800000000466,0,160.17800000000466,0,0,,Video,video,1,object-204,nomatch,Watch 2.jpg,95.mp4,different,different,foil,na,95,1,,,
153,1696595793657,06/10/2023 12:36:33,1696606593657,3,06/10/2023 18:36:33,142916,13,task-3k5q,,32071791,nk2u0tdp,9483878,,complete,,,computer,Desktop or Laptop,Windows 10,Firefox 118.0,1920x1080,1920x899,Accepted,,0,rsl experimental trials list1,26,rsl_list1,Not on phone,,Accepted,rsl_list1,13,nomatch,Screen 4,kfk7dt,4,response,nomatch,2685.24000000002,2668.5800000000163,2685.24000000002,2685.24000000002,2668.5800000000163,2685.24000000002,0,2685.24000000002,0,0,,Keyboard Response,Keyboard Response,6,object-209,nomatch,Watch 2.jpg,95.mp4,different,different,foil,na,95,1,,,
154,1696595794140,06/10/2023 12:36:34,1696606594140,3,06/10/2023 18:36:34,142916,13,task-3k5q,,32071791,nk2u0tdp,9483878,,complete,,,computer,Desktop or Laptop,Windows 10,Firefox 118.0,1920x1080,1920x899,Accepted,,0,rsl experimental trials list1,26,rsl_list1,Not on phone,,Accepted,rsl_list1,18,match,Screen 1,nmofvp,1,continue,,500,500,500,500,500,500,1,500,0,0,,Fixation Timing,,1,object-167,match,Jump 2.jpg,39.mp4,same,same,target,jump,39,1,,,
155,1696595795140,06/10/2023 12:36:35,1696606595140,3,06/10/2023 18:36:35,142916,13,task-3k5q,,32071791,nk2u0tdp,9483878,,complete,,,computer,Desktop or Laptop,Windows 10,Firefox 118.0,1920x1080,1920x899,Accepted,,0,rsl experimental trials list1,26,rsl_list1,Not on phone,,Accepted,rsl_list1,18,match,Screen 2,pevo7u,2,timedOut,,1001.7999999999884,1000,1001.7999999999884,1001.7999999999884,1000,1001.7999999999884,0,1001.7999999999884,0,0,,Time Limit,screen,0,screen,match,Jump 2.jpg,39.mp4,same,same,target,jump,39,1,,,
156,1696595795441,06/10/2023 12:36:35,1696606595441,3,06/10/2023 18:36:35,142916,13,task-3k5q,,32071791,nk2u0tdp,9483878,,complete,,,computer,Desktop or Laptop,Windows 10,Firefox 118.0,1920x1080,1920x899,Accepted,,0,rsl experimental trials list1,26,rsl_list1,Not on phone,,Accepted,rsl_list1,18,match,Screen 3,z1irvt,3,timedOut,,302.79999999998836,300,302.79999999998836,302.79999999998836,300,302.79999999998836,1,302.79999999998836,0,0,,Time Limit,screen,0,screen,match,Jump 2.jpg,39.mp4,same,same,target,jump,39,1,,,
157,1696595795651,06/10/2023 12:36:35,1696606595651,3,06/10/2023 18:36:35,142916,13,task-3k5q,,32071791,nk2u0tdp,9483878,,complete,,,computer,Desktop or Laptop,Windows 10,Firefox 118.0,1920x1080,1920x899,Accepted,,0,rsl experimental trials list1,26,rsl_list1,Not on phone,,Accepted,rsl_list1,18,match,Screen 4,9wlxvm,4,info,Video start,66.71999999997206,50.05999999996857,66.71999999997206,66.71999999997206,50.05999999996857,66.71999999997206,1,66.71999999997206,0,0,,Video,video,1,object-178,match,Jump 2.jpg,39.mp4,same,same,target,jump,39,1,,,
158,1696595798448,06/10/2023 12:36:38,1696606598448,3,06/10/2023 18:36:38,142916,13,task-3k5q,,32071791,nk2u0tdp,9483878,,complete,,,computer,Desktop or Laptop,Windows 10,Firefox 118.0,1920x1080,1920x899,Accepted,,0,rsl experimental trials list1,26,rsl_list1,Not on phone,,Accepted,rsl_list1,18,match,Screen 4,9wlxvm,4,response,match,3009.7999999999884,3001.75999999998,3009.7999999999884,3009.7999999999884,3001.75999999998,3009.7999999999884,1,3009.7999999999884,0,0,,Keyboard Response,Keyboard Response,6,object-183,match,Jump 2.jpg,39.mp4,same,same,target,jump,39,1,,,
159,1696595798941,06/10/2023 12:36:38,1696606598941,3,06/10/2023 18:36:38,142916,13,task-3k5q,,32071791,nk2u0tdp,9483878,,complete,,,computer,Desktop or Laptop,Windows 10,Firefox 118.0,1920x1080,1920x899,Accepted,,0,rsl experimental trials list1,26,rsl_list1,Not on phone,,Accepted,rsl_list1,14,nomatch,Screen 1,8mz8sc,1,continue,,500,500,500,500,500,500,1,500,0,0,,Fixation Timing,,1,object-186,nomatch,Pain 2.jpg,60.mp4,different,different,foil,na,60,1,,,
160,1696595799942,06/10/2023 12:36:39,1696606599942,3,06/10/2023 18:36:39,142916,13,task-3k5q,,32071791,nk2u0tdp,9483878,,complete,,,computer,Desktop or Laptop,Windows 10,Firefox 118.0,1920x1080,1920x899,Accepted,,0,rsl experimental trials list1,26,rsl_list1,Not on phone,,Accepted,rsl_list1,14,nomatch,Screen 2,zhfxqk,2,timedOut,,1002.0400000000081,1000,1002.0400000000081,1002.0400000000081,1000,1002.0400000000081,0,1002.0400000000081,0,0,,Time Limit,screen,0,screen,nomatch,Pain 2.jpg,60.mp4,different,different,foil,na,60,1,,,
161,1696595800242,06/10/2023 12:36:40,1696606600242,3,06/10/2023 18:36:40,142916,13,task-3k5q,,32071791,nk2u0tdp,9483878,,complete,,,computer,Desktop or Laptop,Windows 10,Firefox 118.0,1920x1080,1920x899,Accepted,,0,rsl experimental trials list1,26,rsl_list1,Not on phone,,Accepted,rsl_list1,14,nomatch,Screen 3,d73ena,3,timedOut,,302.04000000000815,300,302.04000000000815,302.04000000000815,300,302.04000000000815,1,302.04000000000815,0,0,,Time Limit,screen,0,screen,nomatch,Pain 2.jpg,60.mp4,different,different,foil,na,60,1,,,
162,1696595800552,06/10/2023 12:36:40,1696606600552,3,06/10/2023 18:36:40,142916,13,task-3k5q,,32071791,nk2u0tdp,9483878,,complete,,,computer,Desktop or Laptop,Windows 10,Firefox 118.0,1920x1080,1920x899,Accepted,,0,rsl experimental trials list1,26,rsl_list1,Not on phone,,Accepted,rsl_list1,14,nomatch,Screen 4,kfk7dt,4,info,Video start,65.61100000000815,50.09999999994761,65.61100000000815,65.61100000000815,50.09999999994761,65.61100000000815,0,65.61100000000815,0,0,,Video,video,1,object-204,nomatch,Pain 2.jpg,60.mp4,different,different,foil,na,60,1,,,
163,1696595803049,06/10/2023 12:36:43,1696606603049,3,06/10/2023 18:36:43,142916,13,task-3k5q,,32071791,nk2u0tdp,9483878,,complete,,,computer,Desktop or Laptop,Windows 10,Firefox 118.0,1920x1080,1920x899,Accepted,,0,rsl experimental trials list1,26,rsl_list1,Not on phone,,Accepted,rsl_list1,14,nomatch,Screen 4,kfk7dt,4,response,nomatch,2807.040000000008,2800,2807.040000000008,2807.040000000008,2800,2807.040000000008,0,2807.040000000008,0,0,,Keyboard Response,Keyboard Response,6,object-209,nomatch,Pain 2.jpg,60.mp4,different,different,foil,na,60,1,,,
164,1696595803543,06/10/2023 12:36:43,1696606603543,3,06/10/2023 18:36:43,142916,13,task-3k5q,,32071791,nk2u0tdp,9483878,,complete,,,computer,Desktop or Laptop,Windows 10,Firefox 118.0,1920x1080,1920x899,Accepted,,0,rsl experimental trials list1,26,rsl_list1,Not on phone,,Accepted,rsl_list1,15,nomatch,Screen 1,8mz8sc,1,continue,,502.0200000000186,502.0200000000186,502.0200000000186,502.0200000000186,502.0200000000186,502.0200000000186,1,502.0200000000186,0,0,,Fixation Timing,,1,object-186,nomatch,Run 2.jpg,91.mp4,same,different,foil,na,91,1,,,
165,1696595804543,06/10/2023 12:36:44,1696606604543,3,06/10/2023 18:36:44,142916,13,task-3k5q,,32071791,nk2u0tdp,9483878,,complete,,,computer,Desktop or Laptop,Windows 10,Firefox 118.0,1920x1080,1920x899,Accepted,,0,rsl experimental trials list1,26,rsl_list1,Not on phone,,Accepted,rsl_list1,15,nomatch,Screen 2,zhfxqk,2,timedOut,,1001.0199999999895,999.9799999999814,1001.0199999999895,1001.0199999999895,999.9799999999814,1001.0199999999895,0,1001.0199999999895,0,0,,Time Limit,screen,0,screen,nomatch,Run 2.jpg,91.mp4,same,different,foil,na,91,1,,,
166,1696595804843,06/10/2023 12:36:44,1696606604843,3,06/10/2023 18:36:44,142916,13,task-3k5q,,32071791,nk2u0tdp,9483878,,complete,,,computer,Desktop or Laptop,Windows 10,Firefox 118.0,1920x1080,1920x899,Accepted,,0,rsl experimental trials list1,26,rsl_list1,Not on phone,,Accepted,rsl_list1,15,nomatch,Screen 3,d73ena,3,timedOut,,301.04000000000815,300,301.04000000000815,301.04000000000815,300,301.04000000000815,1,301.04000000000815,0,0,,Time Limit,screen,0,screen,nomatch,Run 2.jpg,91.mp4,same,different,foil,na,91,1,,,
167,1696595805146,06/10/2023 12:36:45,1696606605146,3,06/10/2023 18:36:45,142916,13,task-3k5q,,32071791,nk2u0tdp,9483878,,complete,,,computer,Desktop or Laptop,Windows 10,Firefox 118.0,1920x1080,1920x899,Accepted,,0,rsl experimental trials list1,26,rsl_list1,Not on phone,,Accepted,rsl_list1,15,nomatch,Screen 4,kfk7dt,4,info,Video start,56.52400000000813,50.09999999994761,56.52400000000813,56.52400000000813,50.09999999994761,56.52400000000813,0,56.52400000000813,0,0,,Video,video,1,object-204,nomatch,Run 2.jpg,91.mp4,same,different,foil,na,91,1,,,
168,1696595807848,06/10/2023 12:36:47,1696606607848,3,06/10/2023 18:36:47,142916,13,task-3k5q,,32071791,nk2u0tdp,9483878,,complete,,,computer,Desktop or Laptop,Windows 10,Firefox 118.0,1920x1080,1920x899,Accepted,,0,rsl experimental trials list1,26,rsl_list1,Not on phone,,Accepted,rsl_list1,15,nomatch,Screen 4,kfk7dt,4,response,nomatch,3005.040000000008,3000,3005.040000000008,3005.040000000008,3000,3005.040000000008,0,3005.040000000008,0,0,,Keyboard Response,Keyboard Response,6,object-209,nomatch,Run 2.jpg,91.mp4,same,different,foil,na,91,1,,,
169,1696595808345,06/10/2023 12:36:48,1696606608345,3,06/10/2023 18:36:48,142916,13,task-3k5q,,32071791,nk2u0tdp,9483878,,complete,,,computer,Desktop or Laptop,Windows 10,Firefox 118.0,1920x1080,1920x899,Accepted,,0,rsl experimental trials list1,26,rsl_list1,Not on phone,,Accepted,rsl_list1,16,nomatch,Screen 1,8mz8sc,1,continue,,500,500,500,500,500,500,1,500,0,0,,Fixation Timing,,1,object-186,nomatch,Engagement 1.jpg,50.mp4,different,different,foil,na,50,1,,,
170,1696595809344,06/10/2023 12:36:49,1696606609344,3,06/10/2023 18:36:49,142916,13,task-3k5q,,32071791,nk2u0tdp,9483878,,complete,,,computer,Desktop or Laptop,Windows 10,Firefox 118.0,1920x1080,1920x899,Accepted,,0,rsl experimental trials list1,26,rsl_list1,Not on phone,,Accepted,rsl_list1,16,nomatch,Screen 2,zhfxqk,2,timedOut,,1003.0400000000081,1000,1003.0400000000081,1003.0400000000081,1000,1003.0400000000081,0,1003.0400000000081,0,0,,Time Limit,screen,0,screen,nomatch,Engagement 1.jpg,50.mp4,different,different,foil,na,50,1,,,
171,1696595809645,06/10/2023 12:36:49,1696606609645,3,06/10/2023 18:36:49,142916,13,task-3k5q,,32071791,nk2u0tdp,9483878,,complete,,,computer,Desktop or Laptop,Windows 10,Firefox 118.0,1920x1080,1920x899,Accepted,,0,rsl experimental trials list1,26,rsl_list1,Not on phone,,Accepted,rsl_list1,16,nomatch,Screen 3,d73ena,3,timedOut,,303.04000000000815,300,303.04000000000815,303.04000000000815,300,303.04000000000815,1,303.04000000000815,0,0,,Time Limit,screen,0,screen,nomatch,Engagement 1.jpg,50.mp4,different,different,foil,na,50,1,,,
172,1696595809946,06/10/2023 12:36:49,1696606609946,3,06/10/2023 18:36:49,142916,13,task-3k5q,,32071791,nk2u0tdp,9483878,,complete,,,computer,Desktop or Laptop,Windows 10,Firefox 118.0,1920x1080,1920x899,Accepted,,0,rsl experimental trials list1,26,rsl_list1,Not on phone,,Accepted,rsl_list1,16,nomatch,Screen 4,kfk7dt,4,info,Video start,51.95999999996275,51.95999999996275,51.95999999996275,51.95999999996275,51.95999999996275,51.95999999996275,0,51.95999999996275,0,0,,Video,video,1,object-204,nomatch,Engagement 1.jpg,50.mp4,different,different,foil,na,50,1,,,
173,1696595811584,06/10/2023 12:36:51,1696606611584,3,06/10/2023 18:36:51,142916,13,task-3k5q,,32071791,nk2u0tdp,9483878,,complete,,,computer,Desktop or Laptop,Windows 10,Firefox 118.0,1920x1080,1920x899,Accepted,,0,rsl experimental trials list1,26,rsl_list1,Not on phone,,Accepted,rsl_list1,16,nomatch,Screen 4,kfk7dt,4,response,nomatch,1942.0400000000081,1935.2000000000116,1942.0400000000081,1942.0400000000081,1935.2000000000116,1942.0400000000081,0,1942.0400000000081,0,0,,Keyboard Response,Keyboard Response,6,object-209,nomatch,Engagement 1.jpg,50.mp4,different,different,foil,na,50,1,,,
174,1696595812079,06/10/2023 12:36:52,1696606612079,3,06/10/2023 18:36:52,142916,13,task-3k5q,,32071791,nk2u0tdp,9483878,,complete,,,computer,Desktop or Laptop,Windows 10,Firefox 118.0,1920x1080,1920x899,Accepted,,0,rsl experimental trials list1,26,rsl_list1,Not on phone,,Accepted,rsl_list1,19,match,Screen 1,nmofvp,1,continue,,500,500,500,500,500,500,1,500,0,0,,Fixation Timing,,1,object-167,match,Gorilla 1.jpg,7.mp4,different,same,target,gorilla,7,1,,,
175,1696595813079,06/10/2023 12:36:53,1696606613079,3,06/10/2023 18:36:53,142916,13,task-3k5q,,32071791,nk2u0tdp,9483878,,complete,,,computer,Desktop or Laptop,Windows 10,Firefox 118.0,1920x1080,1920x899,Accepted,,0,rsl experimental trials list1,26,rsl_list1,Not on phone,,Accepted,rsl_list1,19,match,Screen 2,pevo7u,2,timedOut,,1001.8399999999965,1000,1001.8399999999965,1001.8399999999965,1000,1001.8399999999965,0,1001.8399999999965,0,0,,Time Limit,screen,0,screen,match,Gorilla 1.jpg,7.mp4,different,same,target,gorilla,7,1,,,
176,1696595813379,06/10/2023 12:36:53,1696606613379,3,06/10/2023 18:36:53,142916,13,task-3k5q,,32071791,nk2u0tdp,9483878,,complete,,,computer,Desktop or Laptop,Windows 10,Firefox 118.0,1920x1080,1920x899,Accepted,,0,rsl experimental trials list1,26,rsl_list1,Not on phone,,Accepted,rsl_list1,19,match,Screen 3,z1irvt,3,timedOut,,301.8399999999965,300,301.8399999999965,301.8399999999965,300,301.8399999999965,1,301.8399999999965,0,0,,Time Limit,screen,0,screen,match,Gorilla 1.jpg,7.mp4,different,same,target,gorilla,7,1,,,
177,1696595813697,06/10/2023 12:36:53,1696606613697,3,06/10/2023 18:36:53,142916,13,task-3k5q,,32071791,nk2u0tdp,9483878,,complete,,,computer,Desktop or Laptop,Windows 10,Firefox 118.0,1920x1080,1920x899,Accepted,,0,rsl experimental trials list1,26,rsl_list1,Not on phone,,Accepted,rsl_list1,19,match,Screen 4,9wlxvm,4,info,Video start,183.37999999997555,183.37999999997555,183.37999999997555,183.37999999997555,183.37999999997555,183.37999999997555,1,183.37999999997555,0,0,,Video,video,1,object-178,match,Gorilla 1.jpg,7.mp4,different,same,target,gorilla,7,1,,,
178,1696595816528,06/10/2023 12:36:56,1696606616528,3,06/10/2023 18:36:56,142916,13,task-3k5q,,32071791,nk2u0tdp,9483878,,complete,,,computer,Desktop or Laptop,Windows 10,Firefox 118.0,1920x1080,1920x899,Accepted,,0,rsl experimental trials list1,26,rsl_list1,Not on phone,,Accepted,rsl_list1,19,match,Screen 4,9wlxvm,4,response,match,3150.8399999999965,3135.2399999999907,3150.8399999999965,3150.8399999999965,3135.2399999999907,3150.8399999999965,1,3150.8399999999965,0,0,,Keyboard Response,Keyboard Response,6,object-183,match,Gorilla 1.jpg,7.mp4,different,same,target,gorilla,7,1,,,
179,1696595817014,06/10/2023 12:36:57,1696606617014,3,06/10/2023 18:36:57,142916,13,task-3k5q,,32071791,nk2u0tdp,9483878,,complete,,,computer,Desktop or Laptop,Windows 10,Firefox 118.0,1920x1080,1920x899,Accepted,,0,rsl experimental trials list1,26,rsl_list1,Not on phone,,Accepted,rsl_list1,17,nomatch,Screen 1,8mz8sc,1,continue,,500,500,500,500,500,500,1,500,0,0,,Fixation Timing,,1,object-186,nomatch,Frog 1.jpg,54.mp4,different,different,foil,na,54,1,,,
180,1696595818014,06/10/2023 12:36:58,1696606618014,3,06/10/2023 18:36:58,142916,13,task-3k5q,,32071791,nk2u0tdp,9483878,,complete,,,computer,Desktop or Laptop,Windows 10,Firefox 118.0,1920x1080,1920x899,Accepted,,0,rsl experimental trials list1,26,rsl_list1,Not on phone,,Accepted,rsl_list1,17,nomatch,Screen 2,zhfxqk,2,timedOut,,1000.6000000000058,1000,1000.6000000000058,1000.6000000000058,1000,1000.6000000000058,0,1000.6000000000058,0,0,,Time Limit,screen,0,screen,nomatch,Frog 1.jpg,54.mp4,different,different,foil,na,54,1,,,
181,1696595818314,06/10/2023 12:36:58,1696606618314,3,06/10/2023 18:36:58,142916,13,task-3k5q,,32071791,nk2u0tdp,9483878,,complete,,,computer,Desktop or Laptop,Windows 10,Firefox 118.0,1920x1080,1920x899,Accepted,,0,rsl experimental trials list1,26,rsl_list1,Not on phone,,Accepted,rsl_list1,17,nomatch,Screen 3,d73ena,3,timedOut,,300.6000000000058,300,300.6000000000058,300.6000000000058,300,300.6000000000058,1,300.6000000000058,0,0,,Time Limit,screen,0,screen,nomatch,Frog 1.jpg,54.mp4,different,different,foil,na,54,1,,,
182,1696595818615,06/10/2023 12:36:58,1696606618615,3,06/10/2023 18:36:58,142916,13,task-3k5q,,32071791,nk2u0tdp,9483878,,complete,,,computer,Desktop or Laptop,Windows 10,Firefox 118.0,1920x1080,1920x899,Accepted,,0,rsl experimental trials list1,26,rsl_list1,Not on phone,,Accepted,rsl_list1,17,nomatch,Screen 4,kfk7dt,4,info,Video start,61.39700000000582,50.07999999995809,61.39700000000582,61.39700000000582,50.07999999995809,61.39700000000582,0,61.39700000000582,0,0,,Video,video,1,object-204,nomatch,Frog 1.jpg,54.mp4,different,different,foil,na,54,1,,,
183,1696595820559,06/10/2023 12:37:00,1696606620559,3,06/10/2023 18:37:00,142916,13,task-3k5q,,32071791,nk2u0tdp,9483878,,complete,,,computer,Desktop or Laptop,Windows 10,Firefox 118.0,1920x1080,1920x899,Accepted,,0,rsl experimental trials list1,26,rsl_list1,Not on phone,,Accepted,rsl_list1,17,nomatch,Screen 4,kfk7dt,4,response,nomatch,2247.600000000006,2233.320000000007,2247.600000000006,2247.600000000006,2233.320000000007,2247.600000000006,0,2247.600000000006,0,0,,Keyboard Response,Keyboard Response,6,object-209,nomatch,Frog 1.jpg,54.mp4,different,different,foil,na,54,1,,,
184,1696595821048,06/10/2023 12:37:01,1696606621048,3,06/10/2023 18:37:01,142916,13,task-3k5q,,32071791,nk2u0tdp,9483878,,complete,,,computer,Desktop or Laptop,Windows 10,Firefox 118.0,1920x1080,1920x899,Accepted,,0,rsl experimental trials list1,26,rsl_list1,Not on phone,,Accepted,rsl_list1,18,nomatch,Screen 1,8mz8sc,1,continue,,500,500,500,500,500,500,1,500,0,0,,Fixation Timing,,1,object-186,nomatch,Boy 1.jpg,75.mp4,different,different,foil,na,75,1,,,
185,1696595822048,06/10/2023 12:37:02,1696606622048,3,06/10/2023 18:37:02,142916,13,task-3k5q,,32071791,nk2u0tdp,9483878,,complete,,,computer,Desktop or Laptop,Windows 10,Firefox 118.0,1920x1080,1920x899,Accepted,,0,rsl experimental trials list1,26,rsl_list1,Not on phone,,Accepted,rsl_list1,18,nomatch,Screen 2,zhfxqk,2,timedOut,,1003.2799999999988,1002,1003.2799999999988,1003.2799999999988,1002,1003.2799999999988,0,1003.2799999999988,0,0,,Time Limit,screen,0,screen,nomatch,Boy 1.jpg,75.mp4,different,different,foil,na,75,1,,,
186,1696595822349,06/10/2023 12:37:02,1696606622349,3,06/10/2023 18:37:02,142916,13,task-3k5q,,32071791,nk2u0tdp,9483878,,complete,,,computer,Desktop or Laptop,Windows 10,Firefox 118.0,1920x1080,1920x899,Accepted,,0,rsl experimental trials list1,26,rsl_list1,Not on phone,,Accepted,rsl_list1,18,nomatch,Screen 3,d73ena,3,timedOut,,301.27999999999884,300,301.27999999999884,301.27999999999884,300,301.27999999999884,1,301.27999999999884,0,0,,Time Limit,screen,0,screen,nomatch,Boy 1.jpg,75.mp4,different,different,foil,na,75,1,,,
187,1696595822627,06/10/2023 12:37:02,1696606622627,3,06/10/2023 18:37:02,142916,13,task-3k5q,,32071791,nk2u0tdp,9483878,,complete,,,computer,Desktop or Laptop,Windows 10,Firefox 118.0,1920x1080,1920x899,Accepted,,0,rsl experimental trials list1,26,rsl_list1,Not on phone,,Accepted,rsl_list1,18,nomatch,Screen 4,kfk7dt,4,info,Video start,128.49899999999883,116.54000000006636,128.49899999999883,128.49899999999883,116.54000000006636,128.49899999999883,0,128.49899999999883,0,0,,Video,video,1,object-204,nomatch,Boy 1.jpg,75.mp4,different,different,foil,na,75,1,,,
188,1696595824984,06/10/2023 12:37:04,1696606624984,3,06/10/2023 18:37:04,142916,13,task-3k5q,,32071791,nk2u0tdp,9483878,,complete,,,computer,Desktop or Laptop,Windows 10,Firefox 118.0,1920x1080,1920x899,Accepted,,0,rsl experimental trials list1,26,rsl_list1,Not on phone,,Accepted,rsl_list1,18,nomatch,Screen 4,kfk7dt,4,response,nomatch,2636.279999999999,2633.320000000007,2636.279999999999,2636.279999999999,2633.320000000007,2636.279999999999,0,2636.279999999999,0,0,,Keyboard Response,Keyboard Response,6,object-209,nomatch,Boy 1.jpg,75.mp4,different,different,foil,na,75,1,,,
189,1696595825483,06/10/2023 12:37:05,1696606625483,3,06/10/2023 18:37:05,142916,13,task-3k5q,,32071791,nk2u0tdp,9483878,,complete,,,computer,Desktop or Laptop,Windows 10,Firefox 118.0,1920x1080,1920x899,Accepted,,0,rsl experimental trials list1,26,rsl_list1,Not on phone,,Accepted,rsl_list1,19,nomatch,Screen 1,8mz8sc,1,continue,,500,500,500,500,500,500,1,500,0,0,,Fixation Timing,,1,object-186,nomatch,Magazine 2.jpg,56.mp4,same,different,foil,na,56,1,,,
190,1696595826483,06/10/2023 12:37:06,1696606626483,3,06/10/2023 18:37:06,142916,13,task-3k5q,,32071791,nk2u0tdp,9483878,,complete,,,computer,Desktop or Laptop,Windows 10,Firefox 118.0,1920x1080,1920x899,Accepted,,0,rsl experimental trials list1,26,rsl_list1,Not on phone,,Accepted,rsl_list1,19,nomatch,Screen 2,zhfxqk,2,timedOut,,1001.9599999999919,1000,1001.9599999999919,1001.9599999999919,1000,1001.9599999999919,0,1001.9599999999919,0,0,,Time Limit,screen,0,screen,nomatch,Magazine 2.jpg,56.mp4,same,different,foil,na,56,1,,,
191,1696595826783,06/10/2023 12:37:06,1696606626783,3,06/10/2023 18:37:06,142916,13,task-3k5q,,32071791,nk2u0tdp,9483878,,complete,,,computer,Desktop or Laptop,Windows 10,Firefox 118.0,1920x1080,1920x899,Accepted,,0,rsl experimental trials list1,26,rsl_list1,Not on phone,,Accepted,rsl_list1,19,nomatch,Screen 3,d73ena,3,timedOut,,301.95999999999185,300,301.95999999999185,301.95999999999185,300,301.95999999999185,1,301.95999999999185,0,0,,Time Limit,screen,0,screen,nomatch,Magazine 2.jpg,56.mp4,same,different,foil,na,56,1,,,
192,1696595827104,06/10/2023 12:37:07,1696606627104,3,06/10/2023 18:37:07,142916,13,task-3k5q,,32071791,nk2u0tdp,9483878,,complete,,,computer,Desktop or Laptop,Windows 10,Firefox 118.0,1920x1080,1920x899,Accepted,,0,rsl experimental trials list1,26,rsl_list1,Not on phone,,Accepted,rsl_list1,19,nomatch,Screen 4,kfk7dt,4,info,Video start,68.14000000036322,68.14000000036322,68.14000000036322,68.14000000036322,68.14000000036322,68.14000000036322,0,68.14000000036322,0,0,,Video,video,1,object-204,nomatch,Magazine 2.jpg,56.mp4,same,different,foil,na,56,1,,,
193,1696595829855,06/10/2023 12:37:09,1696606629855,3,06/10/2023 18:37:09,142916,13,task-3k5q,,32071791,nk2u0tdp,9483878,,complete,,,computer,Desktop or Laptop,Windows 10,Firefox 118.0,1920x1080,1920x899,Accepted,,0,rsl experimental trials list1,26,rsl_list1,Not on phone,,Accepted,rsl_list1,19,nomatch,Screen 4,kfk7dt,4,response,nomatch,3073.959999999992,3068.039999999979,3073.959999999992,3073.959999999992,3068.039999999979,3073.959999999992,0,3073.959999999992,0,0,,Keyboard Response,Keyboard Response,6,object-209,nomatch,Magazine 2.jpg,56.mp4,same,different,foil,na,56,1,,,
194,1696595830351,06/10/2023 12:37:10,1696606630351,3,06/10/2023 18:37:10,142916,13,task-3k5q,,32071791,nk2u0tdp,9483878,,complete,,,computer,Desktop or Laptop,Windows 10,Firefox 118.0,1920x1080,1920x899,Accepted,,0,rsl experimental trials list1,26,rsl_list1,Not on phone,,Accepted,rsl_list1,20,match,Screen 1,nmofvp,1,continue,,500,500,500,500,500,500,1,500,0,0,,Fixation Timing,,1,object-167,match,Paint 2.jpg,42.mp4,different,same,target,paint,42,1,,,
195,1696595831351,06/10/2023 12:37:11,1696606631351,3,06/10/2023 18:37:11,142916,13,task-3k5q,,32071791,nk2u0tdp,9483878,,complete,,,computer,Desktop or Laptop,Windows 10,Firefox 118.0,1920x1080,1920x899,Accepted,,0,rsl experimental trials list1,26,rsl_list1,Not on phone,,Accepted,rsl_list1,20,match,Screen 2,pevo7u,2,timedOut,,1001.9200000000128,1000,1001.9200000000128,1001.9200000000128,1000,1001.9200000000128,0,1001.9200000000128,0,0,,Time Limit,screen,0,screen,match,Paint 2.jpg,42.mp4,different,same,target,paint,42,1,,,
196,1696595831651,06/10/2023 12:37:11,1696606631651,3,06/10/2023 18:37:11,142916,13,task-3k5q,,32071791,nk2u0tdp,9483878,,complete,,,computer,Desktop or Laptop,Windows 10,Firefox 118.0,1920x1080,1920x899,Accepted,,0,rsl experimental trials list1,26,rsl_list1,Not on phone,,Accepted,rsl_list1,20,match,Screen 3,z1irvt,3,timedOut,,301.9200000000128,300,301.9200000000128,301.9200000000128,300,301.9200000000128,1,301.9200000000128,0,0,,Time Limit,screen,0,screen,match,Paint 2.jpg,42.mp4,different,same,target,paint,42,1,,,
197,1696595832095,06/10/2023 12:37:12,1696606632095,3,06/10/2023 18:37:12,142916,13,task-3k5q,,32071791,nk2u0tdp,9483878,,complete,,,computer,Desktop or Laptop,Windows 10,Firefox 118.0,1920x1080,1920x899,Accepted,,0,rsl experimental trials list1,26,rsl_list1,Not on phone,,Accepted,rsl_list1,20,match,Screen 4,9wlxvm,4,info,Video start,444.8810000000128,433.3400000000256,444.8810000000128,444.8810000000128,433.3400000000256,444.8810000000128,1,444.8810000000128,0,0,,Video,video,1,object-178,match,Paint 2.jpg,42.mp4,different,same,target,paint,42,1,,,
198,1696595834352,06/10/2023 12:37:14,1696606634352,3,06/10/2023 18:37:14,142916,13,task-3k5q,,32071791,nk2u0tdp,9483878,,complete,,,computer,Desktop or Laptop,Windows 10,Firefox 118.0,1920x1080,1920x899,Accepted,,0,rsl experimental trials list1,26,rsl_list1,Not on phone,,Accepted,rsl_list1,20,match,Screen 4,9wlxvm,4,response,match,2701.8399999999965,2685.1600000000035,2701.8399999999965,2701.8399999999965,2685.1600000000035,2701.8399999999965,1,2701.8399999999965,0,0,,Keyboard Response,Keyboard Response,6,object-183,match,Paint 2.jpg,42.mp4,different,same,target,paint,42,1,,,
199,1696595834836,06/10/2023 12:37:14,1696606634836,3,06/10/2023 18:37:14,142916,13,task-3k5q,,32071791,nk2u0tdp,9483878,,complete,,,computer,Desktop or Laptop,Windows 10,Firefox 118.0,1920x1080,1920x899,Accepted,,0,rsl experimental trials list1,26,rsl_list1,Not on phone,,Accepted,rsl_list1,20,nomatch,Screen 1,8mz8sc,1,continue,,500,500,500,500,500,500,1,500,0,0,,Fixation Timing,,1,object-186,nomatch,Book 1.jpg,74.mp4,different,different,foil,na,74,1,,,
200,1696595835836,06/10/2023 12:37:15,1696606635836,3,06/10/2023 18:37:15,142916,13,task-3k5q,,32071791,nk2u0tdp,9483878,,complete,,,computer,Desktop or Laptop,Windows 10,Firefox 118.0,1920x1080,1920x899,Accepted,,0,rsl experimental trials list1,26,rsl_list1,Not on phone,,Accepted,rsl_list1,20,nomatch,Screen 2,zhfxqk,2,timedOut,,1001.7600000000093,1000,1001.7600000000093,1001.7600000000093,1000,1001.7600000000093,0,1001.7600000000093,0,0,,Time Limit,screen,0,screen,nomatch,Book 1.jpg,74.mp4,different,different,foil,na,74,1,,,
201,1696595836136,06/10/2023 12:37:16,1696606636136,3,06/10/2023 18:37:16,142916,13,task-3k5q,,32071791,nk2u0tdp,9483878,,complete,,,computer,Desktop or Laptop,Windows 10,Firefox 118.0,1920x1080,1920x899,Accepted,,0,rsl experimental trials list1,26,rsl_list1,Not on phone,,Accepted,rsl_list1,20,nomatch,Screen 3,d73ena,3,timedOut,,301.7600000000093,300,301.7600000000093,301.7600000000093,300,301.7600000000093,1,301.7600000000093,0,0,,Time Limit,screen,0,screen,nomatch,Book 1.jpg,74.mp4,different,different,foil,na,74,1,,,
202,1696595836439,06/10/2023 12:37:16,1696606636439,3,06/10/2023 18:37:16,142916,13,task-3k5q,,32071791,nk2u0tdp,9483878,,complete,,,computer,Desktop or Laptop,Windows 10,Firefox 118.0,1920x1080,1920x899,Accepted,,0,rsl experimental trials list1,26,rsl_list1,Not on phone,,Accepted,rsl_list1,20,nomatch,Screen 4,kfk7dt,4,info,Video start,149.88000000006286,149.88000000006286,149.88000000006286,149.88000000006286,149.88000000006286,149.88000000006286,0,149.88000000006286,0,0,,Video,video,1,object-204,nomatch,Book 1.jpg,74.mp4,different,different,foil,na,74,1,,,
203,1696595838368,06/10/2023 12:37:18,1696606638368,3,06/10/2023 18:37:18,142916,13,task-3k5q,,32071791,nk2u0tdp,9483878,,complete,,,computer,Desktop or Laptop,Windows 10,Firefox 118.0,1920x1080,1920x899,Accepted,,0,rsl experimental trials list1,26,rsl_list1,Not on phone,,Accepted,rsl_list1,20,nomatch,Screen 4,kfk7dt,4,response,nomatch,2232.7600000000093,2216.6600000000035,2232.7600000000093,2232.7600000000093,2216.6600000000035,2232.7600000000093,0,2232.7600000000093,0,0,,Keyboard Response,Keyboard Response,6,object-209,nomatch,Book 1.jpg,74.mp4,different,different,foil,na,74,1,,,
204,1696595838854,06/10/2023 12:37:18,1696606638854,3,06/10/2023 18:37:18,142916,13,task-3k5q,,32071791,nk2u0tdp,9483878,,complete,,,computer,Desktop or Laptop,Windows 10,Firefox 118.0,1920x1080,1920x899,Accepted,,0,rsl experimental trials list1,26,rsl_list1,Not on phone,,Accepted,rsl_list1,21,nomatch,Screen 1,8mz8sc,1,continue,,502,502,502,502,502,502,1,502,0,0,,Fixation Timing,,1,object-186,nomatch,Cabbage 1.jpg,49.mp4,different,different,foil,na,49,1,,,
205,1696595839854,06/10/2023 12:37:19,1696606639854,3,06/10/2023 18:37:19,142916,13,task-3k5q,,32071791,nk2u0tdp,9483878,,complete,,,computer,Desktop or Laptop,Windows 10,Firefox 118.0,1920x1080,1920x899,Accepted,,0,rsl experimental trials list1,26,rsl_list1,Not on phone,,Accepted,rsl_list1,21,nomatch,Screen 2,zhfxqk,2,timedOut,,1000.1000000000058,999.9599999999919,1000.1000000000058,1000.1000000000058,999.9599999999919,1000.1000000000058,0,1000.1000000000058,0,0,,Time Limit,screen,0,screen,nomatch,Cabbage 1.jpg,49.mp4,different,different,foil,na,49,1,,,
206,1696595840155,06/10/2023 12:37:20,1696606640155,3,06/10/2023 18:37:20,142916,13,task-3k5q,,32071791,nk2u0tdp,9483878,,complete,,,computer,Desktop or Laptop,Windows 10,Firefox 118.0,1920x1080,1920x899,Accepted,,0,rsl experimental trials list1,26,rsl_list1,Not on phone,,Accepted,rsl_list1,21,nomatch,Screen 3,d73ena,3,timedOut,,300.14000000001397,300,300.14000000001397,300.14000000001397,300,300.14000000001397,1,300.14000000001397,0,0,,Time Limit,screen,0,screen,nomatch,Cabbage 1.jpg,49.mp4,different,different,foil,na,49,1,,,
207,1696595840467,06/10/2023 12:37:20,1696606640467,3,06/10/2023 18:37:20,142916,13,task-3k5q,,32071791,nk2u0tdp,9483878,,complete,,,computer,Desktop or Laptop,Windows 10,Firefox 118.0,1920x1080,1920x899,Accepted,,0,rsl experimental trials list1,26,rsl_list1,Not on phone,,Accepted,rsl_list1,21,nomatch,Screen 4,kfk7dt,4,info,Video start,64.56600000001399,50.10000000038417,64.56600000001399,64.56600000001399,50.10000000038417,64.56600000001399,0,64.56600000001399,0,0,,Video,video,1,object-204,nomatch,Cabbage 1.jpg,49.mp4,different,different,foil,na,49,1,,,
208,1696595841887,06/10/2023 12:37:21,1696606641887,3,06/10/2023 18:37:21,142916,13,task-3k5q,,32071791,nk2u0tdp,9483878,,complete,,,computer,Desktop or Laptop,Windows 10,Firefox 118.0,1920x1080,1920x899,Accepted,,0,rsl experimental trials list1,26,rsl_list1,Not on phone,,Accepted,rsl_list1,21,nomatch,Screen 4,kfk7dt,4,response,nomatch,1733.140000000014,1716.679999999993,1733.140000000014,1733.140000000014,1716.679999999993,1733.140000000014,0,1733.140000000014,0,0,,Keyboard Response,Keyboard Response,6,object-209,nomatch,Cabbage 1.jpg,49.mp4,different,different,foil,na,49,1,,,
209,1696595842371,06/10/2023 12:37:22,1696606642371,3,06/10/2023 18:37:22,142916,13,task-3k5q,,32071791,nk2u0tdp,9483878,,complete,,,computer,Desktop or Laptop,Windows 10,Firefox 118.0,1920x1080,1920x899,Accepted,,0,rsl experimental trials list1,26,rsl_list1,Not on phone,,Accepted,rsl_list1,21,match,Screen 1,nmofvp,1,continue,,500,500,500,500,500,500,1,500,0,0,,Fixation Timing,,1,object-167,match,Flower 1.jpg,33.mp4,different,same,target,flower,33,1,,,
210,1696595843372,06/10/2023 12:37:23,1696606643372,3,06/10/2023 18:37:23,142916,13,task-3k5q,,32071791,nk2u0tdp,9483878,,complete,,,computer,Desktop or Laptop,Windows 10,Firefox 118.0,1920x1080,1920x899,Accepted,,0,rsl experimental trials list1,26,rsl_list1,Not on phone,,Accepted,rsl_list1,21,match,Screen 2,pevo7u,2,timedOut,,1002.460000000021,1000,1002.460000000021,1002.460000000021,1000,1002.460000000021,0,1002.460000000021,0,0,,Time Limit,screen,0,screen,match,Flower 1.jpg,33.mp4,different,same,target,flower,33,1,,,
211,1696595843672,06/10/2023 12:37:23,1696606643672,3,06/10/2023 18:37:23,142916,13,task-3k5q,,32071791,nk2u0tdp,9483878,,complete,,,computer,Desktop or Laptop,Windows 10,Firefox 118.0,1920x1080,1920x899,Accepted,,0,rsl experimental trials list1,26,rsl_list1,Not on phone,,Accepted,rsl_list1,21,match,Screen 3,z1irvt,3,timedOut,,302.46000000002095,300,302.46000000002095,302.46000000002095,300,302.46000000002095,1,302.46000000002095,0,0,,Time Limit,screen,0,screen,match,Flower 1.jpg,33.mp4,different,same,target,flower,33,1,,,
212,1696595843979,06/10/2023 12:37:23,1696606643979,3,06/10/2023 18:37:23,142916,13,task-3k5q,,32071791,nk2u0tdp,9483878,,complete,,,computer,Desktop or Laptop,Windows 10,Firefox 118.0,1920x1080,1920x899,Accepted,,0,rsl experimental trials list1,26,rsl_list1,Not on phone,,Accepted,rsl_list1,21,match,Screen 4,9wlxvm,4,info,Video start,60.613000000020946,49.800000000104774,60.613000000020946,60.613000000020946,49.800000000104774,60.613000000020946,1,60.613000000020946,0,0,,Video,video,1,object-178,match,Flower 1.jpg,33.mp4,different,same,target,flower,33,1,,,
213,1696595846136,06/10/2023 12:37:26,1696606646136,3,06/10/2023 18:37:26,142916,13,task-3k5q,,32071791,nk2u0tdp,9483878,,complete,,,computer,Desktop or Laptop,Windows 10,Firefox 118.0,1920x1080,1920x899,Accepted,,0,rsl experimental trials list1,26,rsl_list1,Not on phone,,Accepted,rsl_list1,21,match,Screen 4,9wlxvm,4,response,match,2465.460000000021,2451.8800000000047,2465.460000000021,2465.460000000021,2451.8800000000047,2465.460000000021,1,2465.460000000021,0,0,,Keyboard Response,Keyboard Response,6,object-183,match,Flower 1.jpg,33.mp4,different,same,target,flower,33,1,,,
214,1696595846623,06/10/2023 12:37:26,1696606646623,3,06/10/2023 18:37:26,142916,13,task-3k5q,,32071791,nk2u0tdp,9483878,,complete,,,computer,Desktop or Laptop,Windows 10,Firefox 118.0,1920x1080,1920x899,Accepted,,0,rsl experimental trials list1,26,rsl_list1,Not on phone,,Accepted,rsl_list1,22,match,Screen 1,nmofvp,1,continue,,500,500,500,500,500,500,1,500,0,0,,Fixation Timing,,1,object-167,match,Change 1.jpg,34.mp4,same,same,target,change,34,1,,,
215,1696595847623,06/10/2023 12:37:27,1696606647623,3,06/10/2023 18:37:27,142916,13,task-3k5q,,32071791,nk2u0tdp,9483878,,complete,,,computer,Desktop or Laptop,Windows 10,Firefox 118.0,1920x1080,1920x899,Accepted,,0,rsl experimental trials list1,26,rsl_list1,Not on phone,,Accepted,rsl_list1,22,match,Screen 2,pevo7u,2,timedOut,,1001.5800000000163,1000,1001.5800000000163,1001.5800000000163,1000,1001.5800000000163,0,1001.5800000000163,0,0,,Time Limit,screen,0,screen,match,Change 1.jpg,34.mp4,same,same,target,change,34,1,,,
216,1696595847923,06/10/2023 12:37:27,1696606647923,3,06/10/2023 18:37:27,142916,13,task-3k5q,,32071791,nk2u0tdp,9483878,,complete,,,computer,Desktop or Laptop,Windows 10,Firefox 118.0,1920x1080,1920x899,Accepted,,0,rsl experimental trials list1,26,rsl_list1,Not on phone,,Accepted,rsl_list1,22,match,Screen 3,z1irvt,3,timedOut,,301.5800000000163,300,301.5800000000163,301.5800000000163,300,301.5800000000163,1,301.5800000000163,0,0,,Time Limit,screen,0,screen,match,Change 1.jpg,34.mp4,same,same,target,change,34,1,,,
217,1696595848232,06/10/2023 12:37:28,1696606648232,3,06/10/2023 18:37:28,142916,13,task-3k5q,,32071791,nk2u0tdp,9483878,,complete,,,computer,Desktop or Laptop,Windows 10,Firefox 118.0,1920x1080,1920x899,Accepted,,0,rsl experimental trials list1,26,rsl_list1,Not on phone,,Accepted,rsl_list1,22,match,Screen 4,9wlxvm,4,info,Video start,69.4260000000163,66.76000000035856,69.4260000000163,69.4260000000163,66.76000000035856,69.4260000000163,1,69.4260000000163,0,0,,Video,video,1,object-178,match,Change 1.jpg,34.mp4,same,same,target,change,34,1,,,
218,1696595851194,06/10/2023 12:37:31,1696606651194,3,06/10/2023 18:37:31,142916,13,task-3k5q,,32071791,nk2u0tdp,9483878,,complete,,,computer,Desktop or Laptop,Windows 10,Firefox 118.0,1920x1080,1920x899,Accepted,,0,rsl experimental trials list1,26,rsl_list1,Not on phone,,Accepted,rsl_list1,22,match,Screen 4,9wlxvm,4,response,match,3266.6599999999744,3250,3266.6599999999744,3266.6599999999744,3250,3266.6599999999744,1,3266.6599999999744,0,0,,Keyboard Response,Keyboard Response,6,object-183,match,Change 1.jpg,34.mp4,same,same,target,change,34,1,,,
219,1696595851675,06/10/2023 12:37:31,1696606651675,3,06/10/2023 18:37:31,142916,13,task-3k5q,,32071791,nk2u0tdp,9483878,,complete,,,computer,Desktop or Laptop,Windows 10,Firefox 118.0,1920x1080,1920x899,Accepted,,0,rsl experimental trials list1,26,rsl_list1,Not on phone,,Accepted,rsl_list1,23,match,Screen 1,nmofvp,1,continue,,501.8400000000256,501.8400000000256,501.8400000000256,501.8400000000256,501.8400000000256,501.8400000000256,1,501.8400000000256,0,0,,Fixation Timing,,1,object-167,match,Leave 2.jpg,40.mp4,different,same,target,leave,40,1,,,
220,1696595852675,06/10/2023 12:37:32,1696606652675,3,06/10/2023 18:37:32,142916,13,task-3k5q,,32071791,nk2u0tdp,9483878,,complete,,,computer,Desktop or Laptop,Windows 10,Firefox 118.0,1920x1080,1920x899,Accepted,,0,rsl experimental trials list1,26,rsl_list1,Not on phone,,Accepted,rsl_list1,23,match,Screen 2,pevo7u,2,timedOut,,1001.7399999999907,1000,1001.7399999999907,1001.7399999999907,1000,1001.7399999999907,0,1001.7399999999907,0,0,,Time Limit,screen,0,screen,match,Leave 2.jpg,40.mp4,different,same,target,leave,40,1,,,
221,1696595852975,06/10/2023 12:37:32,1696606652975,3,06/10/2023 18:37:32,142916,13,task-3k5q,,32071791,nk2u0tdp,9483878,,complete,,,computer,Desktop or Laptop,Windows 10,Firefox 118.0,1920x1080,1920x899,Accepted,,0,rsl experimental trials list1,26,rsl_list1,Not on phone,,Accepted,rsl_list1,23,match,Screen 3,z1irvt,3,timedOut,,301.7399999999907,300,301.7399999999907,301.7399999999907,300,301.7399999999907,1,301.7399999999907,0,0,,Time Limit,screen,0,screen,match,Leave 2.jpg,40.mp4,different,same,target,leave,40,1,,,
222,1696595853280,06/10/2023 12:37:33,1696606653280,3,06/10/2023 18:37:33,142916,13,task-3k5q,,32071791,nk2u0tdp,9483878,,complete,,,computer,Desktop or Laptop,Windows 10,Firefox 118.0,1920x1080,1920x899,Accepted,,0,rsl experimental trials list1,26,rsl_list1,Not on phone,,Accepted,rsl_list1,23,match,Screen 4,9wlxvm,4,info,Video start,63.76299999999068,50.099999999511056,63.76299999999068,63.76299999999068,50.099999999511056,63.76299999999068,1,63.76299999999068,0,0,,Video,video,1,object-178,match,Leave 2.jpg,40.mp4,different,same,target,leave,40,1,,,
223,1696595855207,06/10/2023 12:37:35,1696606655207,3,06/10/2023 18:37:35,142916,13,task-3k5q,,32071791,nk2u0tdp,9483878,,complete,,,computer,Desktop or Laptop,Windows 10,Firefox 118.0,1920x1080,1920x899,Accepted,,0,rsl experimental trials list1,26,rsl_list1,Not on phone,,Accepted,rsl_list1,23,match,Screen 4,9wlxvm,4,response,nomatch,2233.359999999986,2216.679999999993,2233.359999999986,2233.359999999986,2216.679999999993,2233.359999999986,1,2233.359999999986,0,0,,Keyboard Response,Keyboard Response,6,object-183,match,Leave 2.jpg,40.mp4,different,same,target,leave,40,1,,,
224,1696595855693,06/10/2023 12:37:35,1696606655693,3,06/10/2023 18:37:35,142916,13,task-3k5q,,32071791,nk2u0tdp,9483878,,complete,,,computer,Desktop or Laptop,Windows 10,Firefox 118.0,1920x1080,1920x899,Accepted,,0,rsl experimental trials list1,26,rsl_list1,Not on phone,,Accepted,rsl_list1,24,match,Screen 1,nmofvp,1,continue,,500,500,500,500,500,500,1,500,0,0,,Fixation Timing,,1,object-167,match,Beauty 2.jpg,25.mp4,different,same,target,beauty,25,1,,,
225,1696595856692,06/10/2023 12:37:36,1696606656692,3,06/10/2023 18:37:36,142916,13,task-3k5q,,32071791,nk2u0tdp,9483878,,complete,,,computer,Desktop or Laptop,Windows 10,Firefox 118.0,1920x1080,1920x899,Accepted,,0,rsl experimental trials list1,26,rsl_list1,Not on phone,,Accepted,rsl_list1,24,match,Screen 2,pevo7u,2,timedOut,,1002.0599999999977,1000,1002.0599999999977,1002.0599999999977,1000,1002.0599999999977,0,1002.0599999999977,0,0,,Time Limit,screen,0,screen,match,Beauty 2.jpg,25.mp4,different,same,target,beauty,25,1,,,
226,1696595856993,06/10/2023 12:37:36,1696606656993,3,06/10/2023 18:37:36,142916,13,task-3k5q,,32071791,nk2u0tdp,9483878,,complete,,,computer,Desktop or Laptop,Windows 10,Firefox 118.0,1920x1080,1920x899,Accepted,,0,rsl experimental trials list1,26,rsl_list1,Not on phone,,Accepted,rsl_list1,24,match,Screen 3,z1irvt,3,timedOut,,302.0599999999977,300,302.0599999999977,302.0599999999977,300,302.0599999999977,1,302.0599999999977,0,0,,Time Limit,screen,0,screen,match,Beauty 2.jpg,25.mp4,different,same,target,beauty,25,1,,,
227,1696595857457,06/10/2023 12:37:37,1696606657457,3,06/10/2023 18:37:37,142916,13,task-3k5q,,32071791,nk2u0tdp,9483878,,complete,,,computer,Desktop or Laptop,Windows 10,Firefox 118.0,1920x1080,1920x899,Accepted,,0,rsl experimental trials list1,26,rsl_list1,Not on phone,,Accepted,rsl_list1,24,match,Screen 4,9wlxvm,4,info,Video start,466.9779999999977,451.9400000000023,466.9779999999977,466.9779999999977,451.9400000000023,466.9779999999977,1,466.9779999999977,0,0,,Video,video,1,object-178,match,Beauty 2.jpg,25.mp4,different,same,target,beauty,25,1,,,
228,1696595860864,06/10/2023 12:37:40,1696606660864,3,06/10/2023 18:37:40,142916,13,task-3k5q,,32071791,nk2u0tdp,9483878,,complete,,,computer,Desktop or Laptop,Windows 10,Firefox 118.0,1920x1080,1920x899,Accepted,,0,rsl experimental trials list1,26,rsl_list1,Not on phone,,Accepted,rsl_list1,24,match,Screen 4,9wlxvm,4,response,match,3874.0599999999977,3868.5999999999767,3874.0599999999977,3874.0599999999977,3868.5999999999767,3874.0599999999977,1,3874.0599999999977,0,0,,Keyboard Response,Keyboard Response,6,object-183,match,Beauty 2.jpg,25.mp4,different,same,target,beauty,25,1,,,
229,1696595861360,06/10/2023 12:37:41,1696606661360,3,06/10/2023 18:37:41,142916,13,task-3k5q,,32071791,nk2u0tdp,9483878,,complete,,,computer,Desktop or Laptop,Windows 10,Firefox 118.0,1920x1080,1920x899,Accepted,,0,rsl experimental trials list1,26,rsl_list1,Not on phone,,Accepted,rsl_list1,22,nomatch,Screen 1,8mz8sc,1,continue,,500,500,500,500,500,500,1,500,0,0,,Fixation Timing,,1,object-186,nomatch,Color 1.jpg,51.mp4,different,different,foil,na,51,1,,,
230,1696595862360,06/10/2023 12:37:42,1696606662360,3,06/10/2023 18:37:42,142916,13,task-3k5q,,32071791,nk2u0tdp,9483878,,complete,,,computer,Desktop or Laptop,Windows 10,Firefox 118.0,1920x1080,1920x899,Accepted,,0,rsl experimental trials list1,26,rsl_list1,Not on phone,,Accepted,rsl_list1,22,nomatch,Screen 2,zhfxqk,2,timedOut,,1001.460000000021,1000,1001.460000000021,1001.460000000021,1000,1001.460000000021,0,1001.460000000021,0,0,,Time Limit,screen,0,screen,nomatch,Color 1.jpg,51.mp4,different,different,foil,na,51,1,,,
231,1696595862661,06/10/2023 12:37:42,1696606662661,3,06/10/2023 18:37:42,142916,13,task-3k5q,,32071791,nk2u0tdp,9483878,,complete,,,computer,Desktop or Laptop,Windows 10,Firefox 118.0,1920x1080,1920x899,Accepted,,0,rsl experimental trials list1,26,rsl_list1,Not on phone,,Accepted,rsl_list1,22,nomatch,Screen 3,d73ena,3,timedOut,,302.46000000002095,300,302.46000000002095,302.46000000002095,300,302.46000000002095,1,302.46000000002095,0,0,,Time Limit,screen,0,screen,nomatch,Color 1.jpg,51.mp4,different,different,foil,na,51,1,,,
232,1696595862969,06/10/2023 12:37:42,1696606662969,3,06/10/2023 18:37:42,142916,13,task-3k5q,,32071791,nk2u0tdp,9483878,,complete,,,computer,Desktop or Laptop,Windows 10,Firefox 118.0,1920x1080,1920x899,Accepted,,0,rsl experimental trials list1,26,rsl_list1,Not on phone,,Accepted,rsl_list1,22,nomatch,Screen 4,kfk7dt,4,info,Video start,60.962000000020964,50.10000000038417,60.962000000020964,60.962000000020964,50.10000000038417,60.962000000020964,0,60.962000000020964,0,0,,Video,video,1,object-204,nomatch,Color 1.jpg,51.mp4,different,different,foil,na,51,1,,,
233,1696595865016,06/10/2023 12:37:45,1696606665016,3,06/10/2023 18:37:45,142916,13,task-3k5q,,32071791,nk2u0tdp,9483878,,complete,,,computer,Desktop or Laptop,Windows 10,Firefox 118.0,1920x1080,1920x899,Accepted,,0,rsl experimental trials list1,26,rsl_list1,Not on phone,,Accepted,rsl_list1,22,nomatch,Screen 4,kfk7dt,4,response,nomatch,2356.460000000021,2351.780000000028,2356.460000000021,2356.460000000021,2351.780000000028,2356.460000000021,0,2356.460000000021,0,0,,Keyboard Response,Keyboard Response,6,object-209,nomatch,Color 1.jpg,51.mp4,different,different,foil,na,51,1,,,
234,1696595865512,06/10/2023 12:37:45,1696606665512,3,06/10/2023 18:37:45,142916,13,task-3k5q,,32071791,nk2u0tdp,9483878,,complete,,,computer,Desktop or Laptop,Windows 10,Firefox 118.0,1920x1080,1920x899,Accepted,,0,rsl experimental trials list1,26,rsl_list1,Not on phone,,Accepted,rsl_list1,23,nomatch,Screen 1,8mz8sc,1,continue,,500,500,500,500,500,500,1,500,0,0,,Fixation Timing,,1,object-186,nomatch,Jump 1.jpg,87.mp4,same,different,foil,na,87,1,,,
235,1696595866513,06/10/2023 12:37:46,1696606666513,3,06/10/2023 18:37:46,142916,13,task-3k5q,,32071791,nk2u0tdp,9483878,,complete,,,computer,Desktop or Laptop,Windows 10,Firefox 118.0,1920x1080,1920x899,Accepted,,0,rsl experimental trials list1,26,rsl_list1,Not on phone,,Accepted,rsl_list1,23,nomatch,Screen 2,zhfxqk,2,timedOut,,1001.679999999993,1000,1001.679999999993,1001.679999999993,1000,1001.679999999993,0,1001.679999999993,0,0,,Time Limit,screen,0,screen,nomatch,Jump 1.jpg,87.mp4,same,different,foil,na,87,1,,,
236,1696595866812,06/10/2023 12:37:46,1696606666812,3,06/10/2023 18:37:46,142916,13,task-3k5q,,32071791,nk2u0tdp,9483878,,complete,,,computer,Desktop or Laptop,Windows 10,Firefox 118.0,1920x1080,1920x899,Accepted,,0,rsl experimental trials list1,26,rsl_list1,Not on phone,,Accepted,rsl_list1,23,nomatch,Screen 3,d73ena,3,timedOut,,301.679999999993,300,301.679999999993,301.679999999993,300,301.679999999993,1,301.679999999993,0,0,,Time Limit,screen,0,screen,nomatch,Jump 1.jpg,87.mp4,same,different,foil,na,87,1,,,
237,1696595867114,06/10/2023 12:37:47,1696606667114,3,06/10/2023 18:37:47,142916,13,task-3k5q,,32071791,nk2u0tdp,9483878,,complete,,,computer,Desktop or Laptop,Windows 10,Firefox 118.0,1920x1080,1920x899,Accepted,,0,rsl experimental trials list1,26,rsl_list1,Not on phone,,Accepted,rsl_list1,23,nomatch,Screen 4,kfk7dt,4,info,Video start,61.26299999999301,49.800000000104774,61.26299999999301,61.26299999999301,49.800000000104774,61.26299999999301,0,61.26299999999301,0,0,,Video,video,1,object-204,nomatch,Jump 1.jpg,87.mp4,same,different,foil,na,87,1,,,
238,1696595870399,06/10/2023 12:37:50,1696606670399,3,06/10/2023 18:37:50,142916,13,task-3k5q,,32071791,nk2u0tdp,9483878,,complete,,,computer,Desktop or Laptop,Windows 10,Firefox 118.0,1920x1080,1920x899,Accepted,,0,rsl experimental trials list1,26,rsl_list1,Not on phone,,Accepted,rsl_list1,23,nomatch,Screen 4,kfk7dt,4,response,nomatch,3588.679999999993,3585.179999999993,3588.679999999993,3588.679999999993,3585.179999999993,3588.679999999993,0,3588.679999999993,0,0,,Keyboard Response,Keyboard Response,6,object-209,nomatch,Jump 1.jpg,87.mp4,same,different,foil,na,87,1,,,
239,1696595870896,06/10/2023 12:37:50,1696606670896,3,06/10/2023 18:37:50,142916,13,task-3k5q,,32071791,nk2u0tdp,9483878,,complete,,,computer,Desktop or Laptop,Windows 10,Firefox 118.0,1920x1080,1920x899,Accepted,,0,rsl experimental trials list1,26,rsl_list1,Not on phone,,Accepted,rsl_list1,25,match,Screen 1,nmofvp,1,continue,,500,500,500,500,500,500,1,500,0,0,,Fixation Timing,,1,object-167,match,Salt 1.jpg,10.mp4,different,same,target,salt,10,1,,,
240,1696595871897,06/10/2023 12:37:51,1696606671897,3,06/10/2023 18:37:51,142916,13,task-3k5q,,32071791,nk2u0tdp,9483878,,complete,,,computer,Desktop or Laptop,Windows 10,Firefox 118.0,1920x1080,1920x899,Accepted,,0,rsl experimental trials list1,26,rsl_list1,Not on phone,,Accepted,rsl_list1,25,match,Screen 2,pevo7u,2,timedOut,,1000.5,1000,1000.5,1000.5,1000,1000.5,0,1000.5,0,0,,Time Limit,screen,0,screen,match,Salt 1.jpg,10.mp4,different,same,target,salt,10,1,,,
241,1696595872197,06/10/2023 12:37:52,1696606672197,3,06/10/2023 18:37:52,142916,13,task-3k5q,,32071791,nk2u0tdp,9483878,,complete,,,computer,Desktop or Laptop,Windows 10,Firefox 118.0,1920x1080,1920x899,Accepted,,0,rsl experimental trials list1,26,rsl_list1,Not on phone,,Accepted,rsl_list1,25,match,Screen 3,z1irvt,3,timedOut,,301.5,300,301.5,301.5,300,301.5,1,301.5,0,0,,Time Limit,screen,0,screen,match,Salt 1.jpg,10.mp4,different,same,target,salt,10,1,,,
242,1696595872503,06/10/2023 12:37:52,1696606672503,3,06/10/2023 18:37:52,142916,13,task-3k5q,,32071791,nk2u0tdp,9483878,,complete,,,computer,Desktop or Laptop,Windows 10,Firefox 118.0,1920x1080,1920x899,Accepted,,0,rsl experimental trials list1,26,rsl_list1,Not on phone,,Accepted,rsl_list1,25,match,Screen 4,9wlxvm,4,info,Video start,66.76000000035856,66.76000000035856,66.76000000035856,66.76000000035856,66.76000000035856,66.76000000035856,1,66.76000000035856,0,0,,Video,video,1,object-178,match,Salt 1.jpg,10.mp4,different,same,target,salt,10,1,,,
243,1696595874782,06/10/2023 12:37:54,1696606674782,3,06/10/2023 18:37:54,142916,13,task-3k5q,,32071791,nk2u0tdp,9483878,,complete,,,computer,Desktop or Laptop,Windows 10,Firefox 118.0,1920x1080,1920x899,Accepted,,0,rsl experimental trials list1,26,rsl_list1,Not on phone,,Accepted,rsl_list1,25,match,Screen 4,9wlxvm,4,response,match,2586.5,2583.3400000000256,2586.5,2586.5,2583.3400000000256,2586.5,1,2586.5,0,0,,Keyboard Response,Keyboard Response,6,object-183,match,Salt 1.jpg,10.mp4,different,same,target,salt,10,1,,,
244,1696595875281,06/10/2023 12:37:55,1696606675281,3,06/10/2023 18:37:55,142916,13,task-3k5q,,32071791,nk2u0tdp,9483878,,complete,,,computer,Desktop or Laptop,Windows 10,Firefox 118.0,1920x1080,1920x899,Accepted,,0,rsl experimental trials list1,26,rsl_list1,Not on phone,,Accepted,rsl_list1,26,match,Screen 1,nmofvp,1,continue,,501.95999999996275,501.95999999996275,501.95999999996275,501.95999999996275,501.95999999996275,501.95999999996275,1,501.95999999996275,0,0,,Fixation Timing,,1,object-167,match,Play 2.jpg,16.mp4,different,same,target,play,16,1,,,
245,1696595876282,06/10/2023 12:37:56,1696606676282,3,06/10/2023 18:37:56,142916,13,task-3k5q,,32071791,nk2u0tdp,9483878,,complete,,,computer,Desktop or Laptop,Windows 10,Firefox 118.0,1920x1080,1920x899,Accepted,,0,rsl experimental trials list1,26,rsl_list1,Not on phone,,Accepted,rsl_list1,26,match,Screen 2,pevo7u,2,timedOut,,1001.2000000000116,1000,1001.2000000000116,1001.2000000000116,1000,1001.2000000000116,0,1001.2000000000116,0,0,,Time Limit,screen,0,screen,match,Play 2.jpg,16.mp4,different,same,target,play,16,1,,,
246,1696595876582,06/10/2023 12:37:56,1696606676582,3,06/10/2023 18:37:56,142916,13,task-3k5q,,32071791,nk2u0tdp,9483878,,complete,,,computer,Desktop or Laptop,Windows 10,Firefox 118.0,1920x1080,1920x899,Accepted,,0,rsl experimental trials list1,26,rsl_list1,Not on phone,,Accepted,rsl_list1,26,match,Screen 3,z1irvt,3,timedOut,,301.20000000001164,300,301.20000000001164,301.20000000001164,300,301.20000000001164,1,301.20000000001164,0,0,,Time Limit,screen,0,screen,match,Play 2.jpg,16.mp4,different,same,target,play,16,1,,,
247,1696595876897,06/10/2023 12:37:56,1696606676897,3,06/10/2023 18:37:56,142916,13,task-3k5q,,32071791,nk2u0tdp,9483878,,complete,,,computer,Desktop or Laptop,Windows 10,Firefox 118.0,1920x1080,1920x899,Accepted,,0,rsl experimental trials list1,26,rsl_list1,Not on phone,,Accepted,rsl_list1,26,match,Screen 4,9wlxvm,4,info,Video start,166.56000000005588,149.88000000006286,166.56000000005588,166.56000000005588,149.88000000006286,166.56000000005588,1,166.56000000005588,0,0,,Video,video,1,object-178,match,Play 2.jpg,16.mp4,different,same,target,play,16,1,,,
248,1696595879817,06/10/2023 12:37:59,1696606679817,3,06/10/2023 18:37:59,142916,13,task-3k5q,,32071791,nk2u0tdp,9483878,,complete,,,computer,Desktop or Laptop,Windows 10,Firefox 118.0,1920x1080,1920x899,Accepted,,0,rsl experimental trials list1,26,rsl_list1,Not on phone,,Accepted,rsl_list1,26,match,Screen 4,9wlxvm,4,response,match,3233.320000000065,3216.6600000000326,3233.320000000065,3233.320000000065,3216.6600000000326,3233.320000000065,1,3233.320000000065,0,0,,Keyboard Response,Keyboard Response,6,object-183,match,Play 2.jpg,16.mp4,different,same,target,play,16,1,,,
249,1696595880300,06/10/2023 12:38:00,1696606680300,3,06/10/2023 18:38:00,142916,13,task-3k5q,,32071791,nk2u0tdp,9483878,,complete,,,computer,Desktop or Laptop,Windows 10,Firefox 118.0,1920x1080,1920x899,Accepted,,0,rsl experimental trials list1,26,rsl_list1,Not on phone,,Accepted,rsl_list1,24,nomatch,Screen 1,8mz8sc,1,continue,,500,500,500,500,500,500,1,500,0,0,,Fixation Timing,,1,object-186,nomatch,Gorilla 2.jpg,55.mp4,same,different,foil,na,55,1,,,
250,1696595881300,06/10/2023 12:38:01,1696606681300,3,06/10/2023 18:38:01,142916,13,task-3k5q,,32071791,nk2u0tdp,9483878,,complete,,,computer,Desktop or Laptop,Windows 10,Firefox 118.0,1920x1080,1920x899,Accepted,,0,rsl experimental trials list1,26,rsl_list1,Not on phone,,Accepted,rsl_list1,24,nomatch,Screen 2,zhfxqk,2,timedOut,,1002.539999999979,1000,1002.539999999979,1002.539999999979,1000,1002.539999999979,0,1002.539999999979,0,0,,Time Limit,screen,0,screen,nomatch,Gorilla 2.jpg,55.mp4,same,different,foil,na,55,1,,,
251,1696595881601,06/10/2023 12:38:01,1696606681601,3,06/10/2023 18:38:01,142916,13,task-3k5q,,32071791,nk2u0tdp,9483878,,complete,,,computer,Desktop or Laptop,Windows 10,Firefox 118.0,1920x1080,1920x899,Accepted,,0,rsl experimental trials list1,26,rsl_list1,Not on phone,,Accepted,rsl_list1,24,nomatch,Screen 3,d73ena,3,timedOut,,302.53999999997905,302,302.53999999997905,302.53999999997905,302,302.53999999997905,1,302.53999999997905,0,0,,Time Limit,screen,0,screen,nomatch,Gorilla 2.jpg,55.mp4,same,different,foil,na,55,1,,,
252,1696595881951,06/10/2023 12:38:01,1696606681951,3,06/10/2023 18:38:01,142916,13,task-3k5q,,32071791,nk2u0tdp,9483878,,complete,,,computer,Desktop or Laptop,Windows 10,Firefox 118.0,1920x1080,1920x899,Accepted,,0,rsl experimental trials list1,26,rsl_list1,Not on phone,,Accepted,rsl_list1,24,nomatch,Screen 4,kfk7dt,4,info,Video start,149.7400000000489,133.06000000005588,149.7400000000489,149.7400000000489,133.06000000005588,149.7400000000489,0,149.7400000000489,0,0,,Video,video,1,object-204,nomatch,Gorilla 2.jpg,55.mp4,same,different,foil,na,55,1,,,
253,1696595884832,06/10/2023 12:38:04,1696606684832,3,06/10/2023 18:38:04,142916,13,task-3k5q,,32071791,nk2u0tdp,9483878,,complete,,,computer,Desktop or Laptop,Windows 10,Firefox 118.0,1920x1080,1920x899,Accepted,,0,rsl experimental trials list1,26,rsl_list1,Not on phone,,Accepted,rsl_list1,24,nomatch,Screen 4,kfk7dt,4,response,nomatch,3232.539999999979,3216.539999999979,3232.539999999979,3232.539999999979,3216.539999999979,3232.539999999979,0,3232.539999999979,0,0,,Keyboard Response,Keyboard Response,6,object-209,nomatch,Gorilla 2.jpg,55.mp4,same,different,foil,na,55,1,,,
254,1696595885318,06/10/2023 12:38:05,1696606685318,3,06/10/2023 18:38:05,142916,13,task-3k5q,,32071791,nk2u0tdp,9483878,,complete,,,computer,Desktop or Laptop,Windows 10,Firefox 118.0,1920x1080,1920x899,Accepted,,0,rsl experimental trials list1,26,rsl_list1,Not on phone,,Accepted,rsl_list1,25,nomatch,Screen 1,8mz8sc,1,continue,,500,500,500,500,500,500,1,500,0,0,,Fixation Timing,,1,object-186,nomatch,School 2.jpg,59.mp4,different,different,foil,na,59,1,,,
255,1696595886318,06/10/2023 12:38:06,1696606686318,3,06/10/2023 18:38:06,142916,13,task-3k5q,,32071791,nk2u0tdp,9483878,,complete,,,computer,Desktop or Laptop,Windows 10,Firefox 118.0,1920x1080,1920x899,Accepted,,0,rsl experimental trials list1,26,rsl_list1,Not on phone,,Accepted,rsl_list1,25,nomatch,Screen 2,zhfxqk,2,timedOut,,1002,1000,1002,1002,1000,1002,0,1002,0,0,,Time Limit,screen,0,screen,nomatch,School 2.jpg,59.mp4,different,different,foil,na,59,1,,,
256,1696595886618,06/10/2023 12:38:06,1696606686618,3,06/10/2023 18:38:06,142916,13,task-3k5q,,32071791,nk2u0tdp,9483878,,complete,,,computer,Desktop or Laptop,Windows 10,Firefox 118.0,1920x1080,1920x899,Accepted,,0,rsl experimental trials list1,26,rsl_list1,Not on phone,,Accepted,rsl_list1,25,nomatch,Screen 3,d73ena,3,timedOut,,302,300,302,302,300,302,1,302,0,0,,Time Limit,screen,0,screen,nomatch,School 2.jpg,59.mp4,different,different,foil,na,59,1,,,
257,1696595886929,06/10/2023 12:38:06,1696606686929,3,06/10/2023 18:38:06,142916,13,task-3k5q,,32071791,nk2u0tdp,9483878,,complete,,,computer,Desktop or Laptop,Windows 10,Firefox 118.0,1920x1080,1920x899,Accepted,,0,rsl experimental trials list1,26,rsl_list1,Not on phone,,Accepted,rsl_list1,25,nomatch,Screen 4,kfk7dt,4,info,Video start,61.335000000000036,50.10000000038417,61.335000000000036,61.335000000000036,50.10000000038417,61.335000000000036,0,61.335000000000036,0,0,,Video,video,1,object-204,nomatch,School 2.jpg,59.mp4,different,different,foil,na,59,1,,,
258,1696595891985,06/10/2023 12:38:11,1696606691985,3,06/10/2023 18:38:11,142916,13,task-3k5q,,32071791,nk2u0tdp,9483878,,complete,,,computer,Desktop or Laptop,Windows 10,Firefox 118.0,1920x1080,1920x899,Accepted,,0,rsl experimental trials list1,26,rsl_list1,Not on phone,,Accepted,rsl_list1,25,nomatch,Screen 4,kfk7dt,4,response,match,5368,5351.900000000023,5368,5368,5351.900000000023,5368,0,5368,0,0,,Keyboard Response,Keyboard Response,6,object-209,nomatch,School 2.jpg,59.mp4,different,different,foil,na,59,1,,,
259,1696595892470,06/10/2023 12:38:12,1696606692470,3,06/10/2023 18:38:12,142916,13,task-3k5q,,32071791,nk2u0tdp,9483878,,complete,,,computer,Desktop or Laptop,Windows 10,Firefox 118.0,1920x1080,1920x899,Accepted,,0,rsl experimental trials list1,26,rsl_list1,Not on phone,,Accepted,rsl_list1,26,nomatch,Screen 1,8mz8sc,1,continue,,500,500,500,500,500,500,1,500,0,0,,Fixation Timing,,1,object-186,nomatch,Ring 2.jpg,57.mp4,same,different,foil,na,57,1,,,
260,1696595893471,06/10/2023 12:38:13,1696606693471,3,06/10/2023 18:38:13,142916,13,task-3k5q,,32071791,nk2u0tdp,9483878,,complete,,,computer,Desktop or Laptop,Windows 10,Firefox 118.0,1920x1080,1920x899,Accepted,,0,rsl experimental trials list1,26,rsl_list1,Not on phone,,Accepted,rsl_list1,26,nomatch,Screen 2,zhfxqk,2,timedOut,,1002.0999999999767,1001.8800000000047,1002.0999999999767,1002.0999999999767,1001.8800000000047,1002.0999999999767,0,1002.0999999999767,0,0,,Time Limit,screen,0,screen,nomatch,Ring 2.jpg,57.mp4,same,different,foil,na,57,1,,,
261,1696595893771,06/10/2023 12:38:13,1696606693771,3,06/10/2023 18:38:13,142916,13,task-3k5q,,32071791,nk2u0tdp,9483878,,complete,,,computer,Desktop or Laptop,Windows 10,Firefox 118.0,1920x1080,1920x899,Accepted,,0,rsl experimental trials list1,26,rsl_list1,Not on phone,,Accepted,rsl_list1,26,nomatch,Screen 3,d73ena,3,timedOut,,300.21999999997206,299.9799999999814,300.21999999997206,300.21999999997206,299.9799999999814,300.21999999997206,1,300.21999999997206,0,0,,Time Limit,screen,0,screen,nomatch,Ring 2.jpg,57.mp4,same,different,foil,na,57,1,,,
262,1696595894077,06/10/2023 12:38:14,1696606694077,3,06/10/2023 18:38:14,142916,13,task-3k5q,,32071791,nk2u0tdp,9483878,,complete,,,computer,Desktop or Laptop,Windows 10,Firefox 118.0,1920x1080,1920x899,Accepted,,0,rsl experimental trials list1,26,rsl_list1,Not on phone,,Accepted,rsl_list1,26,nomatch,Screen 4,kfk7dt,4,info,Video start,149.88000000006286,149.88000000006286,149.88000000006286,149.88000000006286,149.88000000006286,149.88000000006286,0,149.88000000006286,0,0,,Video,video,1,object-204,nomatch,Ring 2.jpg,57.mp4,same,different,foil,na,57,1,,,
263,1696595896224,06/10/2023 12:38:16,1696606696224,3,06/10/2023 18:38:16,142916,13,task-3k5q,,32071791,nk2u0tdp,9483878,,complete,,,computer,Desktop or Laptop,Windows 10,Firefox 118.0,1920x1080,1920x899,Accepted,,0,rsl experimental trials list1,26,rsl_list1,Not on phone,,Accepted,rsl_list1,26,nomatch,Screen 4,kfk7dt,4,response,nomatch,2454.2399999999907,2450,2454.2399999999907,2454.2399999999907,2450,2454.2399999999907,0,2454.2399999999907,0,0,,Keyboard Response,Keyboard Response,6,object-209,nomatch,Ring 2.jpg,57.mp4,same,different,foil,na,57,1,,,
264,1696595896722,06/10/2023 12:38:16,1696606696722,3,06/10/2023 18:38:16,142916,13,task-3k5q,,32071791,nk2u0tdp,9483878,,complete,,,computer,Desktop or Laptop,Windows 10,Firefox 118.0,1920x1080,1920x899,Accepted,,0,rsl experimental trials list1,26,rsl_list1,Not on phone,,Accepted,rsl_list1,27,match,Screen 1,nmofvp,1,continue,,500,500,500,500,500,500,1,500,0,0,,Fixation Timing,,1,object-167,match,Metal 1.jpg,35.mp4,different,same,target,metal,35,1,,,
265,1696595897722,06/10/2023 12:38:17,1696606697722,3,06/10/2023 18:38:17,142916,13,task-3k5q,,32071791,nk2u0tdp,9483878,,complete,,,computer,Desktop or Laptop,Windows 10,Firefox 118.0,1920x1080,1920x899,Accepted,,0,rsl experimental trials list1,26,rsl_list1,Not on phone,,Accepted,rsl_list1,27,match,Screen 2,pevo7u,2,timedOut,,1002.2399999999907,1000,1002.2399999999907,1002.2399999999907,1000,1002.2399999999907,0,1002.2399999999907,0,0,,Time Limit,screen,0,screen,match,Metal 1.jpg,35.mp4,different,same,target,metal,35,1,,,
266,1696595898022,06/10/2023 12:38:18,1696606698022,3,06/10/2023 18:38:18,142916,13,task-3k5q,,32071791,nk2u0tdp,9483878,,complete,,,computer,Desktop or Laptop,Windows 10,Firefox 118.0,1920x1080,1920x899,Accepted,,0,rsl experimental trials list1,26,rsl_list1,Not on phone,,Accepted,rsl_list1,27,match,Screen 3,z1irvt,3,timedOut,,302.2399999999907,300,302.2399999999907,302.2399999999907,300,302.2399999999907,1,302.2399999999907,0,0,,Time Limit,screen,0,screen,match,Metal 1.jpg,35.mp4,different,same,target,metal,35,1,,,
267,1696595898369,06/10/2023 12:38:18,1696606698369,3,06/10/2023 18:38:18,142916,13,task-3k5q,,32071791,nk2u0tdp,9483878,,complete,,,computer,Desktop or Laptop,Windows 10,Firefox 118.0,1920x1080,1920x899,Accepted,,0,rsl experimental trials list1,26,rsl_list1,Not on phone,,Accepted,rsl_list1,27,match,Screen 4,9wlxvm,4,info,Video start,148.5389999999907,133.39999999961583,148.5389999999907,148.5389999999907,133.39999999961583,148.5389999999907,1,148.5389999999907,0,0,,Video,video,1,object-178,match,Metal 1.jpg,35.mp4,different,same,target,metal,35,1,,,
268,1696595901487,06/10/2023 12:38:21,1696606701487,3,06/10/2023 18:38:21,142916,13,task-3k5q,,32071791,nk2u0tdp,9483878,,complete,,,computer,Desktop or Laptop,Windows 10,Firefox 118.0,1920x1080,1920x899,Accepted,,0,rsl experimental trials list1,26,rsl_list1,Not on phone,,Accepted,rsl_list1,27,match,Screen 4,9wlxvm,4,response,match,3466.2399999999907,3451.8800000000047,3466.2399999999907,3466.2399999999907,3451.8800000000047,3466.2399999999907,1,3466.2399999999907,0,0,,Keyboard Response,Keyboard Response,6,object-183,match,Metal 1.jpg,35.mp4,different,same,target,metal,35,1,,,
269,1696595901973,06/10/2023 12:38:21,1696606701973,3,06/10/2023 18:38:21,142916,13,task-3k5q,,32071791,nk2u0tdp,9483878,,complete,,,computer,Desktop or Laptop,Windows 10,Firefox 118.0,1920x1080,1920x899,Accepted,,0,rsl experimental trials list1,26,rsl_list1,Not on phone,,Accepted,rsl_list1,28,match,Screen 1,nmofvp,1,continue,,500,500,500,500,500,500,1,500,0,0,,Fixation Timing,,1,object-167,match,Breathe 2.jpg,37.mp4,same,same,target,breathe,37,1,,,
270,1696595902973,06/10/2023 12:38:22,1696606702973,3,06/10/2023 18:38:22,142916,13,task-3k5q,,32071791,nk2u0tdp,9483878,,complete,,,computer,Desktop or Laptop,Windows 10,Firefox 118.0,1920x1080,1920x899,Accepted,,0,rsl experimental trials list1,26,rsl_list1,Not on phone,,Accepted,rsl_list1,28,match,Screen 2,pevo7u,2,timedOut,,1001.359999999986,1000,1001.359999999986,1001.359999999986,1000,1001.359999999986,0,1001.359999999986,0,0,,Time Limit,screen,0,screen,match,Breathe 2.jpg,37.mp4,same,same,target,breathe,37,1,,,
271,1696595903274,06/10/2023 12:38:23,1696606703274,3,06/10/2023 18:38:23,142916,13,task-3k5q,,32071791,nk2u0tdp,9483878,,complete,,,computer,Desktop or Laptop,Windows 10,Firefox 118.0,1920x1080,1920x899,Accepted,,0,rsl experimental trials list1,26,rsl_list1,Not on phone,,Accepted,rsl_list1,28,match,Screen 3,z1irvt,3,timedOut,,301.35999999998603,300,301.35999999998603,301.35999999998603,300,301.35999999998603,1,301.35999999998603,0,0,,Time Limit,screen,0,screen,match,Breathe 2.jpg,37.mp4,same,same,target,breathe,37,1,,,
272,1696595903574,06/10/2023 12:38:23,1696606703574,3,06/10/2023 18:38:23,142916,13,task-3k5q,,32071791,nk2u0tdp,9483878,,complete,,,computer,Desktop or Laptop,Windows 10,Firefox 118.0,1920x1080,1920x899,Accepted,,0,rsl experimental trials list1,26,rsl_list1,Not on phone,,Accepted,rsl_list1,28,match,Screen 4,9wlxvm,4,info,Video start,150.0600000001723,133.4000000001979,150.0600000001723,150.0600000001723,133.4000000001979,150.0600000001723,1,150.0600000001723,0,0,,Video,video,1,object-178,match,Breathe 2.jpg,37.mp4,same,same,target,breathe,37,1,,,
273,1696595905103,06/10/2023 12:38:25,1696606705103,3,06/10/2023 18:38:25,142916,13,task-3k5q,,32071791,nk2u0tdp,9483878,,complete,,,computer,Desktop or Laptop,Windows 10,Firefox 118.0,1920x1080,1920x899,Accepted,,0,rsl experimental trials list1,26,rsl_list1,Not on phone,,Accepted,rsl_list1,28,match,Screen 4,9wlxvm,4,response,match,1832.359999999986,1816.679999999993,1832.359999999986,1832.359999999986,1816.679999999993,1832.359999999986,1,1832.359999999986,0,0,,Keyboard Response,Keyboard Response,6,object-183,match,Breathe 2.jpg,37.mp4,same,same,target,breathe,37,1,,,
274,1696595905590,06/10/2023 12:38:25,1696606705590,3,06/10/2023 18:38:25,142916,13,task-3k5q,,32071791,nk2u0tdp,9483878,,complete,,,computer,Desktop or Laptop,Windows 10,Firefox 118.0,1920x1080,1920x899,Accepted,,0,rsl experimental trials list1,26,rsl_list1,Not on phone,,Accepted,rsl_list1,29,match,Screen 1,nmofvp,1,continue,,501.79999999998836,501.79999999998836,501.79999999998836,501.79999999998836,501.79999999998836,501.79999999998836,1,501.79999999998836,0,0,,Fixation Timing,,1,object-167,match,Come 2.jpg,14.mp4,different,same,target,come,14,1,,,
275,1696595906591,06/10/2023 12:38:26,1696606706591,3,06/10/2023 18:38:26,142916,13,task-3k5q,,32071791,nk2u0tdp,9483878,,complete,,,computer,Desktop or Laptop,Windows 10,Firefox 118.0,1920x1080,1920x899,Accepted,,0,rsl experimental trials list1,26,rsl_list1,Not on phone,,Accepted,rsl_list1,29,match,Screen 2,pevo7u,2,timedOut,,1000.8800000000047,1000,1000.8800000000047,1000.8800000000047,1000,1000.8800000000047,0,1000.8800000000047,0,0,,Time Limit,screen,0,screen,match,Come 2.jpg,14.mp4,different,same,target,come,14,1,,,
276,1696595906891,06/10/2023 12:38:26,1696606706891,3,06/10/2023 18:38:26,142916,13,task-3k5q,,32071791,nk2u0tdp,9483878,,complete,,,computer,Desktop or Laptop,Windows 10,Firefox 118.0,1920x1080,1920x899,Accepted,,0,rsl experimental trials list1,26,rsl_list1,Not on phone,,Accepted,rsl_list1,29,match,Screen 3,z1irvt,3,timedOut,,300.88000000000466,300,300.88000000000466,300.88000000000466,300,300.88000000000466,1,300.88000000000466,0,0,,Time Limit,screen,0,screen,match,Come 2.jpg,14.mp4,different,same,target,come,14,1,,,
277,1696595907186,06/10/2023 12:38:27,1696606707186,3,06/10/2023 18:38:27,142916,13,task-3k5q,,32071791,nk2u0tdp,9483878,,complete,,,computer,Desktop or Laptop,Windows 10,Firefox 118.0,1920x1080,1920x899,Accepted,,0,rsl experimental trials list1,26,rsl_list1,Not on phone,,Accepted,rsl_list1,29,match,Screen 4,9wlxvm,4,info,Video start,43.50500000000463,33.420000000391155,43.50500000000463,43.50500000000463,33.420000000391155,43.50500000000463,1,43.50500000000463,0,0,,Video,video,1,object-178,match,Come 2.jpg,14.mp4,different,same,target,come,14,1,,,
278,1696595909560,06/10/2023 12:38:29,1696606709560,3,06/10/2023 18:38:29,142916,13,task-3k5q,,32071791,nk2u0tdp,9483878,,complete,,,computer,Desktop or Laptop,Windows 10,Firefox 118.0,1920x1080,1920x899,Accepted,,0,rsl experimental trials list1,26,rsl_list1,Not on phone,,Accepted,rsl_list1,29,match,Screen 4,9wlxvm,4,response,match,2669.8800000000047,2666.6600000000326,2669.8800000000047,2669.8800000000047,2666.6600000000326,2669.8800000000047,1,2669.8800000000047,0,0,,Keyboard Response,Keyboard Response,6,object-183,match,Come 2.jpg,14.mp4,different,same,target,come,14,1,,,
279,1696595910059,06/10/2023 12:38:30,1696606710059,3,06/10/2023 18:38:30,142916,13,task-3k5q,,32071791,nk2u0tdp,9483878,,complete,,,computer,Desktop or Laptop,Windows 10,Firefox 118.0,1920x1080,1920x899,Accepted,,0,rsl experimental trials list1,26,rsl_list1,Not on phone,,Accepted,rsl_list1,30,match,Screen 1,nmofvp,1,continue,,500,500,500,500,500,500,1,500,0,0,,Fixation Timing,,1,object-167,match,Win 1.jpg,24.mp4,same,same,target,win,24,1,,,
280,1696595911059,06/10/2023 12:38:31,1696606711059,3,06/10/2023 18:38:31,142916,13,task-3k5q,,32071791,nk2u0tdp,9483878,,complete,,,computer,Desktop or Laptop,Windows 10,Firefox 118.0,1920x1080,1920x899,Accepted,,0,rsl experimental trials list1,26,rsl_list1,Not on phone,,Accepted,rsl_list1,30,match,Screen 2,pevo7u,2,timedOut,,1002.2199999999721,1000,1002.2199999999721,1002.2199999999721,1000,1002.2199999999721,0,1002.2199999999721,0,0,,Time Limit,screen,0,screen,match,Win 1.jpg,24.mp4,same,same,target,win,24,1,,,
281,1696595911359,06/10/2023 12:38:31,1696606711359,3,06/10/2023 18:38:31,142916,13,task-3k5q,,32071791,nk2u0tdp,9483878,,complete,,,computer,Desktop or Laptop,Windows 10,Firefox 118.0,1920x1080,1920x899,Accepted,,0,rsl experimental trials list1,26,rsl_list1,Not on phone,,Accepted,rsl_list1,30,match,Screen 3,z1irvt,3,timedOut,,302.21999999997206,300,302.21999999997206,302.21999999997206,300,302.21999999997206,1,302.21999999997206,0,0,,Time Limit,screen,0,screen,match,Win 1.jpg,24.mp4,same,same,target,win,24,1,,,
282,1696595911655,06/10/2023 12:38:31,1696606711655,3,06/10/2023 18:38:31,142916,13,task-3k5q,,32071791,nk2u0tdp,9483878,,complete,,,computer,Desktop or Laptop,Windows 10,Firefox 118.0,1920x1080,1920x899,Accepted,,0,rsl experimental trials list1,26,rsl_list1,Not on phone,,Accepted,rsl_list1,30,match,Screen 4,9wlxvm,4,info,Video start,48.46999999997206,33.14000000007218,48.46999999997206,48.46999999997206,33.14000000007218,48.46999999997206,1,48.46999999997206,0,0,,Video,video,1,object-178,match,Win 1.jpg,24.mp4,same,same,target,win,24,1,,,
283,1696595913552,06/10/2023 12:38:33,1696606713552,3,06/10/2023 18:38:33,142916,13,task-3k5q,,32071791,nk2u0tdp,9483878,,complete,,,computer,Desktop or Laptop,Windows 10,Firefox 118.0,1920x1080,1920x899,Accepted,,0,rsl experimental trials list1,26,rsl_list1,Not on phone,,Accepted,rsl_list1,30,match,Screen 4,9wlxvm,4,response,match,2194.219999999972,2185.2399999999907,2194.219999999972,2194.219999999972,2185.2399999999907,2194.219999999972,1,2194.219999999972,0,0,,Keyboard Response,Keyboard Response,6,object-183,match,Win 1.jpg,24.mp4,same,same,target,win,24,1,,,
284,1696595914043,06/10/2023 12:38:34,1696606714043,3,06/10/2023 18:38:34,142916,13,task-3k5q,,32071791,nk2u0tdp,9483878,,complete,,,computer,Desktop or Laptop,Windows 10,Firefox 118.0,1920x1080,1920x899,Accepted,,0,rsl experimental trials list1,26,rsl_list1,Not on phone,,Accepted,rsl_list1,31,match,Screen 1,nmofvp,1,continue,,500,500,500,500,500,500,1,500,0,0,,Fixation Timing,,1,object-167,match,Watch 1.jpg,47.mp4,different,same,target,watch,47,1,,,
285,1696595915044,06/10/2023 12:38:35,1696606715044,3,06/10/2023 18:38:35,142916,13,task-3k5q,,32071791,nk2u0tdp,9483878,,complete,,,computer,Desktop or Laptop,Windows 10,Firefox 118.0,1920x1080,1920x899,Accepted,,0,rsl experimental trials list1,26,rsl_list1,Not on phone,,Accepted,rsl_list1,31,match,Screen 2,pevo7u,2,timedOut,,1001.9799999999814,1000,1001.9799999999814,1001.9799999999814,1000,1001.9799999999814,0,1001.9799999999814,0,0,,Time Limit,screen,0,screen,match,Watch 1.jpg,47.mp4,different,same,target,watch,47,1,,,
286,1696595915344,06/10/2023 12:38:35,1696606715344,3,06/10/2023 18:38:35,142916,13,task-3k5q,,32071791,nk2u0tdp,9483878,,complete,,,computer,Desktop or Laptop,Windows 10,Firefox 118.0,1920x1080,1920x899,Accepted,,0,rsl experimental trials list1,26,rsl_list1,Not on phone,,Accepted,rsl_list1,31,match,Screen 3,z1irvt,3,timedOut,,301.9799999999814,300,301.9799999999814,301.9799999999814,300,301.9799999999814,1,301.9799999999814,0,0,,Time Limit,screen,0,screen,match,Watch 1.jpg,47.mp4,different,same,target,watch,47,1,,,
287,1696595915631,06/10/2023 12:38:35,1696606715631,3,06/10/2023 18:38:35,142916,13,task-3k5q,,32071791,nk2u0tdp,9483878,,complete,,,computer,Desktop or Laptop,Windows 10,Firefox 118.0,1920x1080,1920x899,Accepted,,0,rsl experimental trials list1,26,rsl_list1,Not on phone,,Accepted,rsl_list1,31,match,Screen 4,9wlxvm,4,info,Video start,40.430999999981395,33.440000000351574,40.430999999981395,40.430999999981395,33.440000000351574,40.430999999981395,1,40.430999999981395,0,0,,Video,video,1,object-178,match,Watch 1.jpg,47.mp4,different,same,target,watch,47,1,,,
288,1696595917095,06/10/2023 12:38:37,1696606717095,3,06/10/2023 18:38:37,142916,13,task-3k5q,,32071791,nk2u0tdp,9483878,,complete,,,computer,Desktop or Laptop,Windows 10,Firefox 118.0,1920x1080,1920x899,Accepted,,0,rsl experimental trials list1,26,rsl_list1,Not on phone,,Accepted,rsl_list1,31,match,Screen 4,9wlxvm,4,response,match,1753.9799999999814,1750,1753.9799999999814,1753.9799999999814,1750,1753.9799999999814,1,1753.9799999999814,0,0,,Keyboard Response,Keyboard Response,6,object-183,match,Watch 1.jpg,47.mp4,different,same,target,watch,47,1,,,
289,1696595917595,06/10/2023 12:38:37,1696606717595,3,06/10/2023 18:38:37,142916,13,task-3k5q,,32071791,nk2u0tdp,9483878,,complete,,,computer,Desktop or Laptop,Windows 10,Firefox 118.0,1920x1080,1920x899,Accepted,,0,rsl experimental trials list1,26,rsl_list1,Not on phone,,Accepted,rsl_list1,32,match,Screen 1,nmofvp,1,continue,,500,500,500,500,500,500,1,500,0,0,,Fixation Timing,,1,object-167,match,Run 1.jpg,43.mp4,different,same,target,run,43,1,,,
290,1696595918595,06/10/2023 12:38:38,1696606718595,3,06/10/2023 18:38:38,142916,13,task-3k5q,,32071791,nk2u0tdp,9483878,,complete,,,computer,Desktop or Laptop,Windows 10,Firefox 118.0,1920x1080,1920x899,Accepted,,0,rsl experimental trials list1,26,rsl_list1,Not on phone,,Accepted,rsl_list1,32,match,Screen 2,pevo7u,2,timedOut,,1001.9799999999814,1001.9599999999627,1001.9799999999814,1001.9799999999814,1001.9599999999627,1001.9799999999814,0,1001.9799999999814,0,0,,Time Limit,screen,0,screen,match,Run 1.jpg,43.mp4,different,same,target,run,43,1,,,
291,1696595918895,06/10/2023 12:38:38,1696606718895,3,06/10/2023 18:38:38,142916,13,task-3k5q,,32071791,nk2u0tdp,9483878,,complete,,,computer,Desktop or Laptop,Windows 10,Firefox 118.0,1920x1080,1920x899,Accepted,,0,rsl experimental trials list1,26,rsl_list1,Not on phone,,Accepted,rsl_list1,32,match,Screen 3,z1irvt,3,timedOut,,301.0200000000186,300,301.0200000000186,301.0200000000186,300,301.0200000000186,1,301.0200000000186,0,0,,Time Limit,screen,0,screen,match,Run 1.jpg,43.mp4,different,same,target,run,43,1,,,
292,1696595919213,06/10/2023 12:38:39,1696606719213,3,06/10/2023 18:38:39,142916,13,task-3k5q,,32071791,nk2u0tdp,9483878,,complete,,,computer,Desktop or Laptop,Windows 10,Firefox 118.0,1920x1080,1920x899,Accepted,,0,rsl experimental trials list1,26,rsl_list1,Not on phone,,Accepted,rsl_list1,32,match,Screen 4,9wlxvm,4,info,Video start,66.75999999954365,66.75999999954365,66.75999999954365,66.75999999954365,66.75999999954365,66.75999999954365,1,66.75999999954365,0,0,,Video,video,1,object-178,match,Run 1.jpg,43.mp4,different,same,target,run,43,1,,,
293,1696595920774,06/10/2023 12:38:40,1696606720774,3,06/10/2023 18:38:40,142916,13,task-3k5q,,32071791,nk2u0tdp,9483878,,complete,,,computer,Desktop or Laptop,Windows 10,Firefox 118.0,1920x1080,1920x899,Accepted,,0,rsl experimental trials list1,26,rsl_list1,Not on phone,,Accepted,rsl_list1,32,match,Screen 4,9wlxvm,4,response,match,1879.0200000000186,1866.6600000000326,1879.0200000000186,1879.0200000000186,1866.6600000000326,1879.0200000000186,1,1879.0200000000186,0,0,,Keyboard Response,Keyboard Response,6,object-183,match,Run 1.jpg,43.mp4,different,same,target,run,43,1,,,
294,1696595921263,06/10/2023 12:38:41,1696606721263,3,06/10/2023 18:38:41,142916,13,task-3k5q,,32071791,nk2u0tdp,9483878,,complete,,,computer,Desktop or Laptop,Windows 10,Firefox 118.0,1920x1080,1920x899,Accepted,,0,rsl experimental trials list1,26,rsl_list1,Not on phone,,Accepted,rsl_list1,27,nomatch,Screen 1,8mz8sc,1,continue,,500,500,500,500,500,500,1,500,0,0,,Fixation Timing,,1,object-186,nomatch,Lose 1.jpg,89.mp4,different,different,foil,na,89,1,,,
295,1696595922262,06/10/2023 12:38:42,1696606722262,3,06/10/2023 18:38:42,142916,13,task-3k5q,,32071791,nk2u0tdp,9483878,,complete,,,computer,Desktop or Laptop,Windows 10,Firefox 118.0,1920x1080,1920x899,Accepted,,0,rsl experimental trials list1,26,rsl_list1,Not on phone,,Accepted,rsl_list1,27,nomatch,Screen 2,zhfxqk,2,timedOut,,1001.359999999986,1000,1001.359999999986,1001.359999999986,1000,1001.359999999986,0,1001.359999999986,0,0,,Time Limit,screen,0,screen,nomatch,Lose 1.jpg,89.mp4,different,different,foil,na,89,1,,,
296,1696595922562,06/10/2023 12:38:42,1696606722562,3,06/10/2023 18:38:42,142916,13,task-3k5q,,32071791,nk2u0tdp,9483878,,complete,,,computer,Desktop or Laptop,Windows 10,Firefox 118.0,1920x1080,1920x899,Accepted,,0,rsl experimental trials list1,26,rsl_list1,Not on phone,,Accepted,rsl_list1,27,nomatch,Screen 3,d73ena,3,timedOut,,302.35999999998603,300,302.35999999998603,302.35999999998603,300,302.35999999998603,1,302.35999999998603,0,0,,Time Limit,screen,0,screen,nomatch,Lose 1.jpg,89.mp4,different,different,foil,na,89,1,,,
297,1696595922879,06/10/2023 12:38:42,1696606722879,3,06/10/2023 18:38:42,142916,13,task-3k5q,,32071791,nk2u0tdp,9483878,,complete,,,computer,Desktop or Laptop,Windows 10,Firefox 118.0,1920x1080,1920x899,Accepted,,0,rsl experimental trials list1,26,rsl_list1,Not on phone,,Accepted,rsl_list1,27,nomatch,Screen 4,kfk7dt,4,info,Video start,66.75999999954365,50.099999999511056,66.75999999954365,66.75999999954365,50.099999999511056,66.75999999954365,0,66.75999999954365,0,0,,Video,video,1,object-204,nomatch,Lose 1.jpg,89.mp4,different,different,foil,na,89,1,,,
298,1696595924894,06/10/2023 12:38:44,1696606724894,3,06/10/2023 18:38:44,142916,13,task-3k5q,,32071791,nk2u0tdp,9483878,,complete,,,computer,Desktop or Laptop,Windows 10,Firefox 118.0,1920x1080,1920x899,Accepted,,0,rsl experimental trials list1,26,rsl_list1,Not on phone,,Accepted,rsl_list1,27,nomatch,Screen 4,kfk7dt,4,response,nomatch,2333.359999999986,2318.4599999999627,2333.359999999986,2333.359999999986,2318.4599999999627,2333.359999999986,0,2333.359999999986,0,0,,Keyboard Response,Keyboard Response,6,object-209,nomatch,Lose 1.jpg,89.mp4,different,different,foil,na,89,1,,,
299,1696595925380,06/10/2023 12:38:45,1696606725380,3,06/10/2023 18:38:45,142916,13,task-3k5q,,32071791,nk2u0tdp,9483878,,complete,,,computer,Desktop or Laptop,Windows 10,Firefox 118.0,1920x1080,1920x899,Accepted,,0,rsl experimental trials list1,26,rsl_list1,Not on phone,,Accepted,rsl_list1,28,nomatch,Screen 1,8mz8sc,1,continue,,500,500,500,500,500,500,1,500,0,0,,Fixation Timing,,1,object-186,nomatch,Family 2.jpg,80.mp4,different,different,foil,na,80,1,,,
300,1696595926381,06/10/2023 12:38:46,1696606726381,3,06/10/2023 18:38:46,142916,13,task-3k5q,,32071791,nk2u0tdp,9483878,,complete,,,computer,Desktop or Laptop,Windows 10,Firefox 118.0,1920x1080,1920x899,Accepted,,0,rsl experimental trials list1,26,rsl_list1,Not on phone,,Accepted,rsl_list1,28,nomatch,Screen 2,zhfxqk,2,timedOut,,1000.9000000000233,1000,1000.9000000000233,1000.9000000000233,1000,1000.9000000000233,0,1000.9000000000233,0,0,,Time Limit,screen,0,screen,nomatch,Family 2.jpg,80.mp4,different,different,foil,na,80,1,,,
301,1696595926681,06/10/2023 12:38:46,1696606726681,3,06/10/2023 18:38:46,142916,13,task-3k5q,,32071791,nk2u0tdp,9483878,,complete,,,computer,Desktop or Laptop,Windows 10,Firefox 118.0,1920x1080,1920x899,Accepted,,0,rsl experimental trials list1,26,rsl_list1,Not on phone,,Accepted,rsl_list1,28,nomatch,Screen 3,d73ena,3,timedOut,,300.9000000000233,300,300.9000000000233,300.9000000000233,300,300.9000000000233,1,300.9000000000233,0,0,,Time Limit,screen,0,screen,nomatch,Family 2.jpg,80.mp4,different,different,foil,na,80,1,,,
302,1696595926994,06/10/2023 12:38:46,1696606726994,3,06/10/2023 18:38:46,142916,13,task-3k5q,,32071791,nk2u0tdp,9483878,,complete,,,computer,Desktop or Laptop,Windows 10,Firefox 118.0,1920x1080,1920x899,Accepted,,0,rsl experimental trials list1,26,rsl_list1,Not on phone,,Accepted,rsl_list1,28,nomatch,Screen 4,kfk7dt,4,info,Video start,66.76000000035856,50.10000000038417,66.76000000035856,66.76000000035856,50.10000000038417,66.76000000035856,0,66.76000000035856,0,0,,Video,video,1,object-204,nomatch,Family 2.jpg,80.mp4,different,different,foil,na,80,1,,,
303,1696595929088,06/10/2023 12:38:49,1696606729088,3,06/10/2023 18:38:49,142916,13,task-3k5q,,32071791,nk2u0tdp,9483878,,complete,,,computer,Desktop or Laptop,Windows 10,Firefox 118.0,1920x1080,1920x899,Accepted,,0,rsl experimental trials list1,26,rsl_list1,Not on phone,,Accepted,rsl_list1,28,nomatch,Screen 4,kfk7dt,4,response,nomatch,2407.9000000000233,2400,2407.9000000000233,2407.9000000000233,2400,2407.9000000000233,0,2407.9000000000233,0,0,,Keyboard Response,Keyboard Response,6,object-209,nomatch,Family 2.jpg,80.mp4,different,different,foil,na,80,1,,,
304,1696595929581,06/10/2023 12:38:49,1696606729581,3,06/10/2023 18:38:49,142916,13,task-3k5q,,32071791,nk2u0tdp,9483878,,complete,,,computer,Desktop or Laptop,Windows 10,Firefox 118.0,1920x1080,1920x899,Accepted,,0,rsl experimental trials list1,26,rsl_list1,Not on phone,,Accepted,rsl_list1,33,match,Screen 1,nmofvp,1,continue,,500,500,500,500,500,500,1,500,0,0,,Fixation Timing,,1,object-167,match,Take 1.jpg,45.mp4,different,same,target,take,45,1,,,
305,1696595930582,06/10/2023 12:38:50,1696606730582,3,06/10/2023 18:38:50,142916,13,task-3k5q,,32071791,nk2u0tdp,9483878,,complete,,,computer,Desktop or Laptop,Windows 10,Firefox 118.0,1920x1080,1920x899,Accepted,,0,rsl experimental trials list1,26,rsl_list1,Not on phone,,Accepted,rsl_list1,33,match,Screen 2,pevo7u,2,timedOut,,1002.9000000000233,1001.960000000021,1002.9000000000233,1002.9000000000233,1001.960000000021,1002.9000000000233,0,1002.9000000000233,0,0,,Time Limit,screen,0,screen,match,Take 1.jpg,45.mp4,different,same,target,take,45,1,,,
306,1696595930882,06/10/2023 12:38:50,1696606730882,3,06/10/2023 18:38:50,142916,13,task-3k5q,,32071791,nk2u0tdp,9483878,,complete,,,computer,Desktop or Laptop,Windows 10,Firefox 118.0,1920x1080,1920x899,Accepted,,0,rsl experimental trials list1,26,rsl_list1,Not on phone,,Accepted,rsl_list1,33,match,Screen 3,z1irvt,3,timedOut,,300,300,300,300,300,300,1,300,0,0,,Time Limit,screen,0,screen,match,Take 1.jpg,45.mp4,different,same,target,take,45,1,,,
307,1696595931207,06/10/2023 12:38:51,1696606731207,3,06/10/2023 18:38:51,142916,13,task-3k5q,,32071791,nk2u0tdp,9483878,,complete,,,computer,Desktop or Laptop,Windows 10,Firefox 118.0,1920x1080,1920x899,Accepted,,0,rsl experimental trials list1,26,rsl_list1,Not on phone,,Accepted,rsl_list1,33,match,Screen 4,9wlxvm,4,info,Video start,63.775000000002365,49.800000000104774,63.775000000002365,63.775000000002365,49.800000000104774,63.775000000002365,1,63.775000000002365,0,0,,Video,video,1,object-178,match,Take 1.jpg,45.mp4,different,same,target,take,45,1,,,
308,1696595934510,06/10/2023 12:38:54,1696606734510,3,06/10/2023 18:38:54,142916,13,task-3k5q,,32071791,nk2u0tdp,9483878,,complete,,,computer,Desktop or Laptop,Windows 10,Firefox 118.0,1920x1080,1920x899,Accepted,,0,rsl experimental trials list1,26,rsl_list1,Not on phone,,Accepted,rsl_list1,33,match,Screen 4,9wlxvm,4,response,match,3629.9400000000023,3616.679999999993,3629.9400000000023,3629.9400000000023,3616.679999999993,3629.9400000000023,1,3629.9400000000023,0,0,,Keyboard Response,Keyboard Response,6,object-183,match,Take 1.jpg,45.mp4,different,same,target,take,45,1,,,
309,1696595934999,06/10/2023 12:38:54,1696606734999,3,06/10/2023 18:38:54,142916,13,task-3k5q,,32071791,nk2u0tdp,9483878,,complete,,,computer,Desktop or Laptop,Windows 10,Firefox 118.0,1920x1080,1920x899,Accepted,,0,rsl experimental trials list1,26,rsl_list1,Not on phone,,Accepted,rsl_list1,29,nomatch,Screen 1,8mz8sc,1,continue,,501.20000000001164,501.20000000001164,501.20000000001164,501.20000000001164,501.20000000001164,501.20000000001164,1,501.20000000001164,0,0,,Fixation Timing,,1,object-186,nomatch,Doubt 1.jpg,63.mp4,same,different,foil,na,63,1,,,
310,1696595936001,06/10/2023 12:38:56,1696606736001,3,06/10/2023 18:38:56,142916,13,task-3k5q,,32071791,nk2u0tdp,9483878,,complete,,,computer,Desktop or Laptop,Windows 10,Firefox 118.0,1920x1080,1920x899,Accepted,,0,rsl experimental trials list1,26,rsl_list1,Not on phone,,Accepted,rsl_list1,29,nomatch,Screen 2,zhfxqk,2,timedOut,,1002.0599999999977,1000,1002.0599999999977,1002.0599999999977,1000,1002.0599999999977,0,1002.0599999999977,0,0,,Time Limit,screen,0,screen,nomatch,Doubt 1.jpg,63.mp4,same,different,foil,na,63,1,,,
311,1696595936301,06/10/2023 12:38:56,1696606736301,3,06/10/2023 18:38:56,142916,13,task-3k5q,,32071791,nk2u0tdp,9483878,,complete,,,computer,Desktop or Laptop,Windows 10,Firefox 118.0,1920x1080,1920x899,Accepted,,0,rsl experimental trials list1,26,rsl_list1,Not on phone,,Accepted,rsl_list1,29,nomatch,Screen 3,d73ena,3,timedOut,,301.0599999999977,300,301.0599999999977,301.0599999999977,300,301.0599999999977,1,301.0599999999977,0,0,,Time Limit,screen,0,screen,nomatch,Doubt 1.jpg,63.mp4,same,different,foil,na,63,1,,,
312,1696595936625,06/10/2023 12:38:56,1696606736625,3,06/10/2023 18:38:56,142916,13,task-3k5q,,32071791,nk2u0tdp,9483878,,complete,,,computer,Desktop or Laptop,Windows 10,Firefox 118.0,1920x1080,1920x899,Accepted,,0,rsl experimental trials list1,26,rsl_list1,Not on phone,,Accepted,rsl_list1,29,nomatch,Screen 4,kfk7dt,4,info,Video start,76.13199999999767,66.48000000009779,76.13199999999767,76.13199999999767,66.48000000009779,76.13199999999767,0,76.13199999999767,0,0,,Video,video,1,object-204,nomatch,Doubt 1.jpg,63.mp4,same,different,foil,na,63,1,,,
313,1696595939255,06/10/2023 12:38:59,1696606739255,3,06/10/2023 18:38:59,142916,13,task-3k5q,,32071791,nk2u0tdp,9483878,,complete,,,computer,Desktop or Laptop,Windows 10,Firefox 118.0,1920x1080,1920x899,Accepted,,0,rsl experimental trials list1,26,rsl_list1,Not on phone,,Accepted,rsl_list1,29,nomatch,Screen 4,kfk7dt,4,response,nomatch,2956.0599999999977,2950,2956.0599999999977,2956.0599999999977,2950,2956.0599999999977,0,2956.0599999999977,0,0,,Keyboard Response,Keyboard Response,6,object-209,nomatch,Doubt 1.jpg,63.mp4,same,different,foil,na,63,1,,,
314,1696595939752,06/10/2023 12:38:59,1696606739752,3,06/10/2023 18:38:59,142916,13,task-3k5q,,32071791,nk2u0tdp,9483878,,complete,,,computer,Desktop or Laptop,Windows 10,Firefox 118.0,1920x1080,1920x899,Accepted,,0,rsl experimental trials list1,26,rsl_list1,Not on phone,,Accepted,rsl_list1,30,nomatch,Screen 1,8mz8sc,1,continue,,500,500,500,500,500,500,1,500,0,0,,Fixation Timing,,1,object-186,nomatch,Eagle 2.jpg,79.mp4,same,different,foil,na,79,1,,,
315,1696595940752,06/10/2023 12:39:00,1696606740752,3,06/10/2023 18:39:00,142916,13,task-3k5q,,32071791,nk2u0tdp,9483878,,complete,,,computer,Desktop or Laptop,Windows 10,Firefox 118.0,1920x1080,1920x899,Accepted,,0,rsl experimental trials list1,26,rsl_list1,Not on phone,,Accepted,rsl_list1,30,nomatch,Screen 2,zhfxqk,2,timedOut,,1002.0599999999977,1001.9799999999814,1002.0599999999977,1002.0599999999977,1001.9799999999814,1002.0599999999977,0,1002.0599999999977,0,0,,Time Limit,screen,0,screen,nomatch,Eagle 2.jpg,79.mp4,same,different,foil,na,79,1,,,
316,1696595941052,06/10/2023 12:39:01,1696606741052,3,06/10/2023 18:39:01,142916,13,task-3k5q,,32071791,nk2u0tdp,9483878,,complete,,,computer,Desktop or Laptop,Windows 10,Firefox 118.0,1920x1080,1920x899,Accepted,,0,rsl experimental trials list1,26,rsl_list1,Not on phone,,Accepted,rsl_list1,30,nomatch,Screen 3,d73ena,3,timedOut,,301.0800000000163,300,301.0800000000163,301.0800000000163,300,301.0800000000163,1,301.0800000000163,0,0,,Time Limit,screen,0,screen,nomatch,Eagle 2.jpg,79.mp4,same,different,foil,na,79,1,,,
317,1696595941358,06/10/2023 12:39:01,1696606741358,3,06/10/2023 18:39:01,142916,13,task-3k5q,,32071791,nk2u0tdp,9483878,,complete,,,computer,Desktop or Laptop,Windows 10,Firefox 118.0,1920x1080,1920x899,Accepted,,0,rsl experimental trials list1,26,rsl_list1,Not on phone,,Accepted,rsl_list1,30,nomatch,Screen 4,kfk7dt,4,info,Video start,152.6400000000163,150.0600000002305,152.6400000000163,152.6400000000163,150.0600000002305,152.6400000000163,0,152.6400000000163,0,0,,Video,video,1,object-204,nomatch,Eagle 2.jpg,79.mp4,same,different,foil,na,79,1,,,
318,1696595943143,06/10/2023 12:39:03,1696606743143,3,06/10/2023 18:39:03,142916,13,task-3k5q,,32071791,nk2u0tdp,9483878,,complete,,,computer,Desktop or Laptop,Windows 10,Firefox 118.0,1920x1080,1920x899,Accepted,,0,rsl experimental trials list1,26,rsl_list1,Not on phone,,Accepted,rsl_list1,30,nomatch,Screen 4,kfk7dt,4,response,nomatch,2092.0800000000163,2083.3400000000256,2092.0800000000163,2092.0800000000163,2083.3400000000256,2092.0800000000163,0,2092.0800000000163,0,0,,Keyboard Response,Keyboard Response,6,object-209,nomatch,Eagle 2.jpg,79.mp4,same,different,foil,na,79,1,,,
319,1696595943636,06/10/2023 12:39:03,1696606743636,3,06/10/2023 18:39:03,142916,13,task-3k5q,,32071791,nk2u0tdp,9483878,,complete,,,computer,Desktop or Laptop,Windows 10,Firefox 118.0,1920x1080,1920x899,Accepted,,0,rsl experimental trials list1,26,rsl_list1,Not on phone,,Accepted,rsl_list1,34,match,Screen 1,nmofvp,1,continue,,500,500,500,500,500,500,1,500,0,0,,Fixation Timing,,1,object-167,match,Frog 2.jpg,6.mp4,different,same,target,frog,6,1,,,
320,1696595944637,06/10/2023 12:39:04,1696606744637,3,06/10/2023 18:39:04,142916,13,task-3k5q,,32071791,nk2u0tdp,9483878,,complete,,,computer,Desktop or Laptop,Windows 10,Firefox 118.0,1920x1080,1920x899,Accepted,,0,rsl experimental trials list1,26,rsl_list1,Not on phone,,Accepted,rsl_list1,34,match,Screen 2,pevo7u,2,timedOut,,1001.7399999999907,1000,1001.7399999999907,1001.7399999999907,1000,1001.7399999999907,0,1001.7399999999907,0,0,,Time Limit,screen,0,screen,match,Frog 2.jpg,6.mp4,different,same,target,frog,6,1,,,
321,1696595944937,06/10/2023 12:39:04,1696606744937,3,06/10/2023 18:39:04,142916,13,task-3k5q,,32071791,nk2u0tdp,9483878,,complete,,,computer,Desktop or Laptop,Windows 10,Firefox 118.0,1920x1080,1920x899,Accepted,,0,rsl experimental trials list1,26,rsl_list1,Not on phone,,Accepted,rsl_list1,34,match,Screen 3,z1irvt,3,timedOut,,301.7399999999907,300,301.7399999999907,301.7399999999907,300,301.7399999999907,1,301.7399999999907,0,0,,Time Limit,screen,0,screen,match,Frog 2.jpg,6.mp4,different,same,target,frog,6,1,,,
322,1696595945256,06/10/2023 12:39:05,1696606745256,3,06/10/2023 18:39:05,142916,13,task-3k5q,,32071791,nk2u0tdp,9483878,,complete,,,computer,Desktop or Laptop,Windows 10,Firefox 118.0,1920x1080,1920x899,Accepted,,0,rsl experimental trials list1,26,rsl_list1,Not on phone,,Accepted,rsl_list1,34,match,Screen 4,9wlxvm,4,info,Video start,166.7200000002049,166.7200000002049,166.7200000002049,166.7200000002049,166.7200000002049,166.7200000002049,1,166.7200000002049,0,0,,Video,video,1,object-178,match,Frog 2.jpg,6.mp4,different,same,target,frog,6,1,,,
323,1696595947447,06/10/2023 12:39:07,1696606747447,3,06/10/2023 18:39:07,142916,13,task-3k5q,,32071791,nk2u0tdp,9483878,,complete,,,computer,Desktop or Laptop,Windows 10,Firefox 118.0,1920x1080,1920x899,Accepted,,0,rsl experimental trials list1,26,rsl_list1,Not on phone,,Accepted,rsl_list1,34,match,Screen 4,9wlxvm,4,response,match,2512.7399999999907,2501.899999999965,2512.7399999999907,2512.7399999999907,2501.899999999965,2512.7399999999907,1,2512.7399999999907,0,0,,Keyboard Response,Keyboard Response,6,object-183,match,Frog 2.jpg,6.mp4,different,same,target,frog,6,1,,,
324,1696595947937,06/10/2023 12:39:07,1696606747937,3,06/10/2023 18:39:07,142916,13,task-3k5q,,32071791,nk2u0tdp,9483878,,complete,,,computer,Desktop or Laptop,Windows 10,Firefox 118.0,1920x1080,1920x899,Accepted,,0,rsl experimental trials list1,26,rsl_list1,Not on phone,,Accepted,rsl_list1,31,nomatch,Screen 1,8mz8sc,1,continue,,500,500,500,500,500,500,1,500,0,0,,Fixation Timing,,1,object-186,nomatch,Leave 1.jpg,88.mp4,different,different,foil,na,88,1,,,
325,1696595948938,06/10/2023 12:39:08,1696606748938,3,06/10/2023 18:39:08,142916,13,task-3k5q,,32071791,nk2u0tdp,9483878,,complete,,,computer,Desktop or Laptop,Windows 10,Firefox 118.0,1920x1080,1920x899,Accepted,,0,rsl experimental trials list1,26,rsl_list1,Not on phone,,Accepted,rsl_list1,31,nomatch,Screen 2,zhfxqk,2,timedOut,,1000.8400000000256,1000,1000.8400000000256,1000.8400000000256,1000,1000.8400000000256,0,1000.8400000000256,0,0,,Time Limit,screen,0,screen,nomatch,Leave 1.jpg,88.mp4,different,different,foil,na,88,1,,,
326,1696595949238,06/10/2023 12:39:09,1696606749238,3,06/10/2023 18:39:09,142916,13,task-3k5q,,32071791,nk2u0tdp,9483878,,complete,,,computer,Desktop or Laptop,Windows 10,Firefox 118.0,1920x1080,1920x899,Accepted,,0,rsl experimental trials list1,26,rsl_list1,Not on phone,,Accepted,rsl_list1,31,nomatch,Screen 3,d73ena,3,timedOut,,301.8400000000256,300,301.8400000000256,301.8400000000256,300,301.8400000000256,1,301.8400000000256,0,0,,Time Limit,screen,0,screen,nomatch,Leave 1.jpg,88.mp4,different,different,foil,na,88,1,,,
327,1696595949588,06/10/2023 12:39:09,1696606749588,3,06/10/2023 18:39:09,142916,13,task-3k5q,,32071791,nk2u0tdp,9483878,,complete,,,computer,Desktop or Laptop,Windows 10,Firefox 118.0,1920x1080,1920x899,Accepted,,0,rsl experimental trials list1,26,rsl_list1,Not on phone,,Accepted,rsl_list1,31,nomatch,Screen 4,kfk7dt,4,info,Video start,66.76000000041677,50.10000000044238,66.76000000041677,66.76000000041677,50.10000000044238,66.76000000041677,0,66.76000000041677,0,0,,Video,video,1,object-204,nomatch,Leave 1.jpg,88.mp4,different,different,foil,na,88,1,,,
328,1696595952600,06/10/2023 12:39:12,1696606752600,3,06/10/2023 18:39:12,142916,13,task-3k5q,,32071791,nk2u0tdp,9483878,,complete,,,computer,Desktop or Laptop,Windows 10,Firefox 118.0,1920x1080,1920x899,Accepted,,0,rsl experimental trials list1,26,rsl_list1,Not on phone,,Accepted,rsl_list1,31,nomatch,Screen 4,kfk7dt,4,response,nomatch,3362.8400000000256,3350,3362.8400000000256,3362.8400000000256,3350,3362.8400000000256,0,3362.8400000000256,0,0,,Keyboard Response,Keyboard Response,6,object-209,nomatch,Leave 1.jpg,88.mp4,different,different,foil,na,88,1,,,
329,1696595953089,06/10/2023 12:39:13,1696606753089,3,06/10/2023 18:39:13,142916,13,task-3k5q,,32071791,nk2u0tdp,9483878,,complete,,,computer,Desktop or Laptop,Windows 10,Firefox 118.0,1920x1080,1920x899,Accepted,,0,rsl experimental trials list1,26,rsl_list1,Not on phone,,Accepted,rsl_list1,32,nomatch,Screen 1,8mz8sc,1,continue,,501.9800000000396,501.9800000000396,501.9800000000396,501.9800000000396,501.9800000000396,501.9800000000396,1,501.9800000000396,0,0,,Fixation Timing,,1,object-186,nomatch,Cigar 1.jpg,78.mp4,different,different,foil,na,78,1,,,
330,1696595954090,06/10/2023 12:39:14,1696606754090,3,06/10/2023 18:39:14,142916,13,task-3k5q,,32071791,nk2u0tdp,9483878,,complete,,,computer,Desktop or Laptop,Windows 10,Firefox 118.0,1920x1080,1920x899,Accepted,,0,rsl experimental trials list1,26,rsl_list1,Not on phone,,Accepted,rsl_list1,32,nomatch,Screen 2,zhfxqk,2,timedOut,,999.8999999999651,999.8999999999651,999.8999999999651,999.8999999999651,999.8999999999651,999.8999999999651,0,999.8999999999651,0,0,,Time Limit,screen,0,screen,nomatch,Cigar 1.jpg,78.mp4,different,different,foil,na,78,1,,,
331,1696595954389,06/10/2023 12:39:14,1696606754389,3,06/10/2023 18:39:14,142916,13,task-3k5q,,32071791,nk2u0tdp,9483878,,complete,,,computer,Desktop or Laptop,Windows 10,Firefox 118.0,1920x1080,1920x899,Accepted,,0,rsl experimental trials list1,26,rsl_list1,Not on phone,,Accepted,rsl_list1,32,nomatch,Screen 3,d73ena,3,timedOut,,300.96000000002095,300,300.96000000002095,300.96000000002095,300,300.96000000002095,1,300.96000000002095,0,0,,Time Limit,screen,0,screen,nomatch,Cigar 1.jpg,78.mp4,different,different,foil,na,78,1,,,
332,1696595954668,06/10/2023 12:39:14,1696606754668,3,06/10/2023 18:39:14,142916,13,task-3k5q,,32071791,nk2u0tdp,9483878,,complete,,,computer,Desktop or Laptop,Windows 10,Firefox 118.0,1920x1080,1920x899,Accepted,,0,rsl experimental trials list1,26,rsl_list1,Not on phone,,Accepted,rsl_list1,32,nomatch,Screen 4,kfk7dt,4,info,Video start,133.37999999977183,116.71999999973923,133.37999999977183,133.37999999977183,116.71999999973923,133.37999999977183,0,133.37999999977183,0,0,,Video,video,1,object-204,nomatch,Cigar 1.jpg,78.mp4,different,different,foil,na,78,1,,,
333,1696595956767,06/10/2023 12:39:16,1696606756767,3,06/10/2023 18:39:16,142916,13,task-3k5q,,32071791,nk2u0tdp,9483878,,complete,,,computer,Desktop or Laptop,Windows 10,Firefox 118.0,1920x1080,1920x899,Accepted,,0,rsl experimental trials list1,26,rsl_list1,Not on phone,,Accepted,rsl_list1,32,nomatch,Screen 4,kfk7dt,4,response,nomatch,2378.960000000021,2366.6600000000326,2378.960000000021,2378.960000000021,2366.6600000000326,2378.960000000021,0,2378.960000000021,0,0,,Keyboard Response,Keyboard Response,6,object-209,nomatch,Cigar 1.jpg,78.mp4,different,different,foil,na,78,1,,,
334,1696595957257,06/10/2023 12:39:17,1696606757257,3,06/10/2023 18:39:17,142916,13,task-3k5q,,32071791,nk2u0tdp,9483878,,complete,,,computer,Desktop or Laptop,Windows 10,Firefox 118.0,1920x1080,1920x899,Accepted,,0,rsl experimental trials list1,26,rsl_list1,Not on phone,,Accepted,rsl_list1,33,nomatch,Screen 1,8mz8sc,1,continue,,500,500,500,500,500,500,1,500,0,0,,Fixation Timing,,1,object-186,nomatch,Choose 1.jpg,65.mp4,different,different,foil,na,65,1,,,
335,1696595958257,06/10/2023 12:39:18,1696606758257,3,06/10/2023 18:39:18,142916,13,task-3k5q,,32071791,nk2u0tdp,9483878,,complete,,,computer,Desktop or Laptop,Windows 10,Firefox 118.0,1920x1080,1920x899,Accepted,,0,rsl experimental trials list1,26,rsl_list1,Not on phone,,Accepted,rsl_list1,33,nomatch,Screen 2,zhfxqk,2,timedOut,,1002.2999999999884,1000,1002.2999999999884,1002.2999999999884,1000,1002.2999999999884,0,1002.2999999999884,0,0,,Time Limit,screen,0,screen,nomatch,Choose 1.jpg,65.mp4,different,different,foil,na,65,1,,,
336,1696595958557,06/10/2023 12:39:18,1696606758557,3,06/10/2023 18:39:18,142916,13,task-3k5q,,32071791,nk2u0tdp,9483878,,complete,,,computer,Desktop or Laptop,Windows 10,Firefox 118.0,1920x1080,1920x899,Accepted,,0,rsl experimental trials list1,26,rsl_list1,Not on phone,,Accepted,rsl_list1,33,nomatch,Screen 3,d73ena,3,timedOut,,302.29999999998836,300,302.29999999998836,302.29999999998836,300,302.29999999998836,1,302.29999999998836,0,0,,Time Limit,screen,0,screen,nomatch,Choose 1.jpg,65.mp4,different,different,foil,na,65,1,,,
337,1696595958835,06/10/2023 12:39:18,1696606758835,3,06/10/2023 18:39:18,142916,13,task-3k5q,,32071791,nk2u0tdp,9483878,,complete,,,computer,Desktop or Laptop,Windows 10,Firefox 118.0,1920x1080,1920x899,Accepted,,0,rsl experimental trials list1,26,rsl_list1,Not on phone,,Accepted,rsl_list1,33,nomatch,Screen 4,kfk7dt,4,info,Video start,225.30899999998837,216.64000000001397,225.30899999998837,225.30899999998837,216.64000000001397,225.30899999998837,0,225.30899999998837,0,0,,Video,video,1,object-204,nomatch,Choose 1.jpg,65.mp4,different,different,foil,na,65,1,,,
338,1696595961799,06/10/2023 12:39:21,1696606761799,3,06/10/2023 18:39:21,142916,13,task-3k5q,,32071791,nk2u0tdp,9483878,,complete,,,computer,Desktop or Laptop,Windows 10,Firefox 118.0,1920x1080,1920x899,Accepted,,0,rsl experimental trials list1,26,rsl_list1,Not on phone,,Accepted,rsl_list1,33,nomatch,Screen 4,kfk7dt,4,response,nomatch,3244.2999999999884,3235.219999999972,3244.2999999999884,3244.2999999999884,3235.219999999972,3244.2999999999884,0,3244.2999999999884,0,0,,Keyboard Response,Keyboard Response,6,object-209,nomatch,Choose 1.jpg,65.mp4,different,different,foil,na,65,1,,,
339,1696595962292,06/10/2023 12:39:22,1696606762292,3,06/10/2023 18:39:22,142916,13,task-3k5q,,32071791,nk2u0tdp,9483878,,complete,,,computer,Desktop or Laptop,Windows 10,Firefox 118.0,1920x1080,1920x899,Accepted,,0,rsl experimental trials list1,26,rsl_list1,Not on phone,,Accepted,rsl_list1,35,match,Screen 1,nmofvp,1,continue,,500.9800000000396,500.9800000000396,500.9800000000396,500.9800000000396,500.9800000000396,500.9800000000396,1,500.9800000000396,0,0,,Fixation Timing,,1,object-167,match,Wait 1.jpg,23.mp4,different,same,target,wait,23,1,,,
340,1696595963292,06/10/2023 12:39:23,1696606763292,3,06/10/2023 18:39:23,142916,13,task-3k5q,,32071791,nk2u0tdp,9483878,,complete,,,computer,Desktop or Laptop,Windows 10,Firefox 118.0,1920x1080,1920x899,Accepted,,0,rsl experimental trials list1,26,rsl_list1,Not on phone,,Accepted,rsl_list1,35,match,Screen 2,pevo7u,2,timedOut,,1001.0999999999767,1000,1001.0999999999767,1001.0999999999767,1000,1001.0999999999767,0,1001.0999999999767,0,0,,Time Limit,screen,0,screen,match,Wait 1.jpg,23.mp4,different,same,target,wait,23,1,,,
341,1696595963591,06/10/2023 12:39:23,1696606763591,3,06/10/2023 18:39:23,142916,13,task-3k5q,,32071791,nk2u0tdp,9483878,,complete,,,computer,Desktop or Laptop,Windows 10,Firefox 118.0,1920x1080,1920x899,Accepted,,0,rsl experimental trials list1,26,rsl_list1,Not on phone,,Accepted,rsl_list1,35,match,Screen 3,z1irvt,3,timedOut,,301.0999999999767,300,301.0999999999767,301.0999999999767,300,301.0999999999767,1,301.0999999999767,0,0,,Time Limit,screen,0,screen,match,Wait 1.jpg,23.mp4,different,same,target,wait,23,1,,,
342,1696595963883,06/10/2023 12:39:23,1696606763883,3,06/10/2023 18:39:23,142916,13,task-3k5q,,32071791,nk2u0tdp,9483878,,complete,,,computer,Desktop or Laptop,Windows 10,Firefox 118.0,1920x1080,1920x899,Accepted,,0,rsl experimental trials list1,26,rsl_list1,Not on phone,,Accepted,rsl_list1,35,match,Screen 4,9wlxvm,4,info,Video start,39.84899999997671,33.14000000007218,39.84899999997671,39.84899999997671,33.14000000007218,39.84899999997671,1,39.84899999997671,0,0,,Video,video,1,object-178,match,Wait 1.jpg,23.mp4,different,same,target,wait,23,1,,,
343,1696595965799,06/10/2023 12:39:25,1696606765799,3,06/10/2023 18:39:25,142916,13,task-3k5q,,32071791,nk2u0tdp,9483878,,complete,,,computer,Desktop or Laptop,Windows 10,Firefox 118.0,1920x1080,1920x899,Accepted,,0,rsl experimental trials list1,26,rsl_list1,Not on phone,,Accepted,rsl_list1,35,match,Screen 4,9wlxvm,4,response,nomatch,2208.0999999999767,2200,2208.0999999999767,2208.0999999999767,2200,2208.0999999999767,1,2208.0999999999767,0,0,,Keyboard Response,Keyboard Response,6,object-183,match,Wait 1.jpg,23.mp4,different,same,target,wait,23,1,,,
344,1696595966293,06/10/2023 12:39:26,1696606766293,3,06/10/2023 18:39:26,142916,13,task-3k5q,,32071791,nk2u0tdp,9483878,,complete,,,computer,Desktop or Laptop,Windows 10,Firefox 118.0,1920x1080,1920x899,Accepted,,0,rsl experimental trials list1,26,rsl_list1,Not on phone,,Accepted,rsl_list1,34,nomatch,Screen 1,8mz8sc,1,continue,,500,500,500,500,500,500,1,500,0,0,,Fixation Timing,,1,object-186,nomatch,Play 1.jpg,64.mp4,different,different,foil,na,64,1,,,
345,1696595967293,06/10/2023 12:39:27,1696606767293,3,06/10/2023 18:39:27,142916,13,task-3k5q,,32071791,nk2u0tdp,9483878,,complete,,,computer,Desktop or Laptop,Windows 10,Firefox 118.0,1920x1080,1920x899,Accepted,,0,rsl experimental trials list1,26,rsl_list1,Not on phone,,Accepted,rsl_list1,34,nomatch,Screen 2,zhfxqk,2,timedOut,,1002.0999999999767,1000,1002.0999999999767,1002.0999999999767,1000,1002.0999999999767,0,1002.0999999999767,0,0,,Time Limit,screen,0,screen,nomatch,Play 1.jpg,64.mp4,different,different,foil,na,64,1,,,
346,1696595967593,06/10/2023 12:39:27,1696606767593,3,06/10/2023 18:39:27,142916,13,task-3k5q,,32071791,nk2u0tdp,9483878,,complete,,,computer,Desktop or Laptop,Windows 10,Firefox 118.0,1920x1080,1920x899,Accepted,,0,rsl experimental trials list1,26,rsl_list1,Not on phone,,Accepted,rsl_list1,34,nomatch,Screen 3,d73ena,3,timedOut,,302.0999999999767,300,302.0999999999767,302.0999999999767,300,302.0999999999767,1,302.0999999999767,0,0,,Time Limit,screen,0,screen,nomatch,Play 1.jpg,64.mp4,different,different,foil,na,64,1,,,
347,1696595967913,06/10/2023 12:39:27,1696606767913,3,06/10/2023 18:39:27,142916,13,task-3k5q,,32071791,nk2u0tdp,9483878,,complete,,,computer,Desktop or Laptop,Windows 10,Firefox 118.0,1920x1080,1920x899,Accepted,,0,rsl experimental trials list1,26,rsl_list1,Not on phone,,Accepted,rsl_list1,34,nomatch,Screen 4,kfk7dt,4,info,Video start,177.37599999997673,166.7200000002049,177.37599999997673,177.37599999997673,166.7200000002049,177.37599999997673,0,177.37599999997673,0,0,,Video,video,1,object-204,nomatch,Play 1.jpg,64.mp4,different,different,foil,na,64,1,,,
348,1696595970624,06/10/2023 12:39:30,1696606770624,3,06/10/2023 18:39:30,142916,13,task-3k5q,,32071791,nk2u0tdp,9483878,,complete,,,computer,Desktop or Laptop,Windows 10,Firefox 118.0,1920x1080,1920x899,Accepted,,0,rsl experimental trials list1,26,rsl_list1,Not on phone,,Accepted,rsl_list1,34,nomatch,Screen 4,kfk7dt,4,response,nomatch,3032.0999999999767,3018.4199999999837,3032.0999999999767,3032.0999999999767,3018.4199999999837,3032.0999999999767,0,3032.0999999999767,0,0,,Keyboard Response,Keyboard Response,6,object-209,nomatch,Play 1.jpg,64.mp4,different,different,foil,na,64,1,,,
349,1696595971111,06/10/2023 12:39:31,1696606771111,3,06/10/2023 18:39:31,142916,13,task-3k5q,,32071791,nk2u0tdp,9483878,,complete,,,computer,Desktop or Laptop,Windows 10,Firefox 118.0,1920x1080,1920x899,Accepted,,0,rsl experimental trials list1,26,rsl_list1,Not on phone,,Accepted,rsl_list1,35,nomatch,Screen 1,8mz8sc,1,continue,,500,500,500,500,500,500,1,500,0,0,,Fixation Timing,,1,object-186,nomatch,Win 2.jpg,72.mp4,same,different,foil,na,72,1,,,
350,1696595972111,06/10/2023 12:39:32,1696606772111,3,06/10/2023 18:39:32,142916,13,task-3k5q,,32071791,nk2u0tdp,9483878,,complete,,,computer,Desktop or Laptop,Windows 10,Firefox 118.0,1920x1080,1920x899,Accepted,,0,rsl experimental trials list1,26,rsl_list1,Not on phone,,Accepted,rsl_list1,35,nomatch,Screen 2,zhfxqk,2,timedOut,,1002.679999999993,1000,1002.679999999993,1002.679999999993,1000,1002.679999999993,0,1002.679999999993,0,0,,Time Limit,screen,0,screen,nomatch,Win 2.jpg,72.mp4,same,different,foil,na,72,1,,,
351,1696595972411,06/10/2023 12:39:32,1696606772411,3,06/10/2023 18:39:32,142916,13,task-3k5q,,32071791,nk2u0tdp,9483878,,complete,,,computer,Desktop or Laptop,Windows 10,Firefox 118.0,1920x1080,1920x899,Accepted,,0,rsl experimental trials list1,26,rsl_list1,Not on phone,,Accepted,rsl_list1,35,nomatch,Screen 3,d73ena,3,timedOut,,301.679999999993,300,301.679999999993,301.679999999993,300,301.679999999993,1,301.679999999993,0,0,,Time Limit,screen,0,screen,nomatch,Win 2.jpg,72.mp4,same,different,foil,na,72,1,,,
352,1696595972729,06/10/2023 12:39:32,1696606772729,3,06/10/2023 18:39:32,142916,13,task-3k5q,,32071791,nk2u0tdp,9483878,,complete,,,computer,Desktop or Laptop,Windows 10,Firefox 118.0,1920x1080,1920x899,Accepted,,0,rsl experimental trials list1,26,rsl_list1,Not on phone,,Accepted,rsl_list1,35,nomatch,Screen 4,kfk7dt,4,info,Video start,133.20000000006985,133.20000000006985,133.20000000006985,133.20000000006985,133.20000000006985,133.20000000006985,0,133.20000000006985,0,0,,Video,video,1,object-204,nomatch,Win 2.jpg,72.mp4,same,different,foil,na,72,1,,,
353,1696595974577,06/10/2023 12:39:34,1696606774577,3,06/10/2023 18:39:34,142916,13,task-3k5q,,32071791,nk2u0tdp,9483878,,complete,,,computer,Desktop or Laptop,Windows 10,Firefox 118.0,1920x1080,1920x899,Accepted,,0,rsl experimental trials list1,26,rsl_list1,Not on phone,,Accepted,rsl_list1,35,nomatch,Screen 4,kfk7dt,4,response,nomatch,2166.679999999993,2151.899999999965,2166.679999999993,2166.679999999993,2151.899999999965,2166.679999999993,0,2166.679999999993,0,0,,Keyboard Response,Keyboard Response,6,object-209,nomatch,Win 2.jpg,72.mp4,same,different,foil,na,72,1,,,
354,1696595975062,06/10/2023 12:39:35,1696606775062,3,06/10/2023 18:39:35,142916,13,task-3k5q,,32071791,nk2u0tdp,9483878,,complete,,,computer,Desktop or Laptop,Windows 10,Firefox 118.0,1920x1080,1920x899,Accepted,,0,rsl experimental trials list1,26,rsl_list1,Not on phone,,Accepted,rsl_list1,36,nomatch,Screen 1,8mz8sc,1,continue,,500,500,500,500,500,500,1,500,0,0,,Fixation Timing,,1,object-186,nomatch,Coffee 1.jpg,77.mp4,different,different,foil,na,77,1,,,
355,1696595976062,06/10/2023 12:39:36,1696606776062,3,06/10/2023 18:39:36,142916,13,task-3k5q,,32071791,nk2u0tdp,9483878,,complete,,,computer,Desktop or Laptop,Windows 10,Firefox 118.0,1920x1080,1920x899,Accepted,,0,rsl experimental trials list1,26,rsl_list1,Not on phone,,Accepted,rsl_list1,36,nomatch,Screen 2,zhfxqk,2,timedOut,,1001.7800000000279,1000,1001.7800000000279,1001.7800000000279,1000,1001.7800000000279,0,1001.7800000000279,0,0,,Time Limit,screen,0,screen,nomatch,Coffee 1.jpg,77.mp4,different,different,foil,na,77,1,,,
356,1696595976363,06/10/2023 12:39:36,1696606776363,3,06/10/2023 18:39:36,142916,13,task-3k5q,,32071791,nk2u0tdp,9483878,,complete,,,computer,Desktop or Laptop,Windows 10,Firefox 118.0,1920x1080,1920x899,Accepted,,0,rsl experimental trials list1,26,rsl_list1,Not on phone,,Accepted,rsl_list1,36,nomatch,Screen 3,d73ena,3,timedOut,,301.78000000002794,300,301.78000000002794,301.78000000002794,300,301.78000000002794,1,301.78000000002794,0,0,,Time Limit,screen,0,screen,nomatch,Coffee 1.jpg,77.mp4,different,different,foil,na,77,1,,,
357,1696595976683,06/10/2023 12:39:36,1696606776683,3,06/10/2023 18:39:36,142916,13,task-3k5q,,32071791,nk2u0tdp,9483878,,complete,,,computer,Desktop or Laptop,Windows 10,Firefox 118.0,1920x1080,1920x899,Accepted,,0,rsl experimental trials list1,26,rsl_list1,Not on phone,,Accepted,rsl_list1,36,nomatch,Screen 4,kfk7dt,4,info,Video start,71.58700000002793,67.42000000039116,71.58700000002793,71.58700000002793,67.42000000039116,71.58700000002793,0,71.58700000002793,0,0,,Video,video,1,object-204,nomatch,Coffee 1.jpg,77.mp4,different,different,foil,na,77,1,,,
358,1696595978647,06/10/2023 12:39:38,1696606778647,3,06/10/2023 18:39:38,142916,13,task-3k5q,,32071791,nk2u0tdp,9483878,,complete,,,computer,Desktop or Laptop,Windows 10,Firefox 118.0,1920x1080,1920x899,Accepted,,0,rsl experimental trials list1,26,rsl_list1,Not on phone,,Accepted,rsl_list1,36,nomatch,Screen 4,kfk7dt,4,response,nomatch,2283.9799999999814,2267.320000000007,2283.9799999999814,2283.9799999999814,2267.320000000007,2283.9799999999814,0,2283.9799999999814,0,0,,Keyboard Response,Keyboard Response,6,object-209,nomatch,Coffee 1.jpg,77.mp4,different,different,foil,na,77,1,,,
359,1696595979131,06/10/2023 12:39:39,1696606779131,3,06/10/2023 18:39:39,142916,13,task-3k5q,,32071791,nk2u0tdp,9483878,,complete,,,computer,Desktop or Laptop,Windows 10,Firefox 118.0,1920x1080,1920x899,Accepted,,0,rsl experimental trials list1,26,rsl_list1,Not on phone,,Accepted,rsl_list1,36,match,Screen 1,nmofvp,1,continue,,500,500,500,500,500,500,1,500,0,0,,Fixation Timing,,1,object-167,match,Cry 2.jpg,38.mp4,same,same,target,cry,38,1,,,
360,1696595980131,06/10/2023 12:39:40,1696606780131,3,06/10/2023 18:39:40,142916,13,task-3k5q,,32071791,nk2u0tdp,9483878,,complete,,,computer,Desktop or Laptop,Windows 10,Firefox 118.0,1920x1080,1920x899,Accepted,,0,rsl experimental trials list1,26,rsl_list1,Not on phone,,Accepted,rsl_list1,36,match,Screen 2,pevo7u,2,timedOut,,1001.460000000021,1000,1001.460000000021,1001.460000000021,1000,1001.460000000021,0,1001.460000000021,0,0,,Time Limit,screen,0,screen,match,Cry 2.jpg,38.mp4,same,same,target,cry,38,1,,,
361,1696595980431,06/10/2023 12:39:40,1696606780431,3,06/10/2023 18:39:40,142916,13,task-3k5q,,32071791,nk2u0tdp,9483878,,complete,,,computer,Desktop or Laptop,Windows 10,Firefox 118.0,1920x1080,1920x899,Accepted,,0,rsl experimental trials list1,26,rsl_list1,Not on phone,,Accepted,rsl_list1,36,match,Screen 3,z1irvt,3,timedOut,,301.46000000002095,300,301.46000000002095,301.46000000002095,300,301.46000000002095,1,301.46000000002095,0,0,,Time Limit,screen,0,screen,match,Cry 2.jpg,38.mp4,same,same,target,cry,38,1,,,
362,1696595980743,06/10/2023 12:39:40,1696606780743,3,06/10/2023 18:39:40,142916,13,task-3k5q,,32071791,nk2u0tdp,9483878,,complete,,,computer,Desktop or Laptop,Windows 10,Firefox 118.0,1920x1080,1920x899,Accepted,,0,rsl experimental trials list1,26,rsl_list1,Not on phone,,Accepted,rsl_list1,36,match,Screen 4,9wlxvm,4,info,Video start,60.583000000020945,51.39999999955762,60.583000000020945,60.583000000020945,51.39999999955762,60.583000000020945,1,60.583000000020945,0,0,,Video,video,1,object-178,match,Cry 2.jpg,38.mp4,same,same,target,cry,38,1,,,
363,1696595982421,06/10/2023 12:39:42,1696606782421,3,06/10/2023 18:39:42,142916,13,task-3k5q,,32071791,nk2u0tdp,9483878,,complete,,,computer,Desktop or Laptop,Windows 10,Firefox 118.0,1920x1080,1920x899,Accepted,,0,rsl experimental trials list1,26,rsl_list1,Not on phone,,Accepted,rsl_list1,36,match,Screen 4,9wlxvm,4,response,match,1993.460000000021,1984.640000000014,1993.460000000021,1993.460000000021,1984.640000000014,1993.460000000021,1,1993.460000000021,0,0,,Keyboard Response,Keyboard Response,6,object-183,match,Cry 2.jpg,38.mp4,same,same,target,cry,38,1,,,
364,1696595982915,06/10/2023 12:39:42,1696606782915,3,06/10/2023 18:39:42,142916,13,task-3k5q,,32071791,nk2u0tdp,9483878,,complete,,,computer,Desktop or Laptop,Windows 10,Firefox 118.0,1920x1080,1920x899,Accepted,,0,rsl experimental trials list1,26,rsl_list1,Not on phone,,Accepted,rsl_list1,37,nomatch,Screen 1,8mz8sc,1,continue,,500,500,500,500,500,500,1,500,0,0,,Fixation Timing,,1,object-186,nomatch,Show 2.jpg,67.mp4,same,different,foil,na,67,1,,,
365,1696595983915,06/10/2023 12:39:43,1696606783915,3,06/10/2023 18:39:43,142916,13,task-3k5q,,32071791,nk2u0tdp,9483878,,complete,,,computer,Desktop or Laptop,Windows 10,Firefox 118.0,1920x1080,1920x899,Accepted,,0,rsl experimental trials list1,26,rsl_list1,Not on phone,,Accepted,rsl_list1,37,nomatch,Screen 2,zhfxqk,2,timedOut,,1000.820000000007,1000,1000.820000000007,1000.820000000007,1000,1000.820000000007,0,1000.820000000007,0,0,,Time Limit,screen,0,screen,nomatch,Show 2.jpg,67.mp4,same,different,foil,na,67,1,,,
366,1696595984216,06/10/2023 12:39:44,1696606784216,3,06/10/2023 18:39:44,142916,13,task-3k5q,,32071791,nk2u0tdp,9483878,,complete,,,computer,Desktop or Laptop,Windows 10,Firefox 118.0,1920x1080,1920x899,Accepted,,0,rsl experimental trials list1,26,rsl_list1,Not on phone,,Accepted,rsl_list1,37,nomatch,Screen 3,d73ena,3,timedOut,,301.820000000007,300,301.820000000007,301.820000000007,300,301.820000000007,1,301.820000000007,0,0,,Time Limit,screen,0,screen,nomatch,Show 2.jpg,67.mp4,same,different,foil,na,67,1,,,
367,1696595984525,06/10/2023 12:39:44,1696606784525,3,06/10/2023 18:39:44,142916,13,task-3k5q,,32071791,nk2u0tdp,9483878,,complete,,,computer,Desktop or Laptop,Windows 10,Firefox 118.0,1920x1080,1920x899,Accepted,,0,rsl experimental trials list1,26,rsl_list1,Not on phone,,Accepted,rsl_list1,37,nomatch,Screen 4,kfk7dt,4,info,Video start,56.37900000000701,49.800000000104774,56.37900000000701,56.37900000000701,49.800000000104774,56.37900000000701,0,56.37900000000701,0,0,,Video,video,1,object-204,nomatch,Show 2.jpg,67.mp4,same,different,foil,na,67,1,,,
368,1696595987479,06/10/2023 12:39:47,1696606787479,3,06/10/2023 18:39:47,142916,13,task-3k5q,,32071791,nk2u0tdp,9483878,,complete,,,computer,Desktop or Laptop,Windows 10,Firefox 118.0,1920x1080,1920x899,Accepted,,0,rsl experimental trials list1,26,rsl_list1,Not on phone,,Accepted,rsl_list1,37,nomatch,Screen 4,kfk7dt,4,response,nomatch,3265.820000000007,3251.859999999986,3265.820000000007,3265.820000000007,3251.859999999986,3265.820000000007,0,3265.820000000007,0,0,,Keyboard Response,Keyboard Response,6,object-209,nomatch,Show 2.jpg,67.mp4,same,different,foil,na,67,1,,,
369,1696595987967,06/10/2023 12:39:47,1696606787967,3,06/10/2023 18:39:47,142916,13,task-3k5q,,32071791,nk2u0tdp,9483878,,complete,,,computer,Desktop or Laptop,Windows 10,Firefox 118.0,1920x1080,1920x899,Accepted,,0,rsl experimental trials list1,26,rsl_list1,Not on phone,,Accepted,rsl_list1,38,nomatch,Screen 1,8mz8sc,1,continue,,500,500,500,500,500,500,1,500,0,0,,Fixation Timing,,1,object-186,nomatch,Come 1.jpg,62.mp4,different,different,foil,na,62,1,,,
370,1696595988967,06/10/2023 12:39:48,1696606788967,3,06/10/2023 18:39:48,142916,13,task-3k5q,,32071791,nk2u0tdp,9483878,,complete,,,computer,Desktop or Laptop,Windows 10,Firefox 118.0,1920x1080,1920x899,Accepted,,0,rsl experimental trials list1,26,rsl_list1,Not on phone,,Accepted,rsl_list1,38,nomatch,Screen 2,zhfxqk,2,timedOut,,1001.960000000021,1000,1001.960000000021,1001.960000000021,1000,1001.960000000021,0,1001.960000000021,0,0,,Time Limit,screen,0,screen,nomatch,Come 1.jpg,62.mp4,different,different,foil,na,62,1,,,
371,1696595989267,06/10/2023 12:39:49,1696606789267,3,06/10/2023 18:39:49,142916,13,task-3k5q,,32071791,nk2u0tdp,9483878,,complete,,,computer,Desktop or Laptop,Windows 10,Firefox 118.0,1920x1080,1920x899,Accepted,,0,rsl experimental trials list1,26,rsl_list1,Not on phone,,Accepted,rsl_list1,38,nomatch,Screen 3,d73ena,3,timedOut,,300.96000000002095,300.0200000000186,300.96000000002095,300.96000000002095,300.0200000000186,300.96000000002095,1,300.96000000002095,0,0,,Time Limit,screen,0,screen,nomatch,Come 1.jpg,62.mp4,different,different,foil,na,62,1,,,
372,1696595989573,06/10/2023 12:39:49,1696606789573,3,06/10/2023 18:39:49,142916,13,task-3k5q,,32071791,nk2u0tdp,9483878,,complete,,,computer,Desktop or Laptop,Windows 10,Firefox 118.0,1920x1080,1920x899,Accepted,,0,rsl experimental trials list1,26,rsl_list1,Not on phone,,Accepted,rsl_list1,38,nomatch,Screen 4,kfk7dt,4,info,Video start,59.6490000000023,49.800000000104774,59.6490000000023,59.6490000000023,49.800000000104774,59.6490000000023,0,59.6490000000023,0,0,,Video,video,1,object-204,nomatch,Come 1.jpg,62.mp4,different,different,foil,na,62,1,,,
373,1696595996008,06/10/2023 12:39:56,1696606796008,3,06/10/2023 18:39:56,142916,13,task-3k5q,,32071791,nk2u0tdp,9483878,,complete,,,computer,Desktop or Laptop,Windows 10,Firefox 118.0,1920x1080,1920x899,Accepted,,0,rsl experimental trials list1,26,rsl_list1,Not on phone,,Accepted,rsl_list1,38,nomatch,Screen 4,kfk7dt,4,response,nomatch,6742.940000000002,6735.119999999995,6742.940000000002,6742.940000000002,6735.119999999995,6742.940000000002,0,6742.940000000002,0,0,,Keyboard Response,Keyboard Response,6,object-209,nomatch,Come 1.jpg,62.mp4,different,different,foil,na,62,1,,,
374,1696595996503,06/10/2023 12:39:56,1696606796503,3,06/10/2023 18:39:56,142916,13,task-3k5q,,32071791,nk2u0tdp,9483878,,complete,,,computer,Desktop or Laptop,Windows 10,Firefox 118.0,1920x1080,1920x899,Accepted,,0,rsl experimental trials list1,26,rsl_list1,Not on phone,,Accepted,rsl_list1,37,match,Screen 1,nmofvp,1,continue,,500,500,500,500,500,500,1,500,0,0,,Fixation Timing,,1,object-167,match,Family 1.jpg,32.mp4,same,same,target,family,32,1,,,
375,1696595997503,06/10/2023 12:39:57,1696606797503,3,06/10/2023 18:39:57,142916,13,task-3k5q,,32071791,nk2u0tdp,9483878,,complete,,,computer,Desktop or Laptop,Windows 10,Firefox 118.0,1920x1080,1920x899,Accepted,,0,rsl experimental trials list1,26,rsl_list1,Not on phone,,Accepted,rsl_list1,37,match,Screen 2,pevo7u,2,timedOut,,1002.820000000007,1000,1002.820000000007,1002.820000000007,1000,1002.820000000007,0,1002.820000000007,0,0,,Time Limit,screen,0,screen,match,Family 1.jpg,32.mp4,same,same,target,family,32,1,,,
376,1696595997803,06/10/2023 12:39:57,1696606797803,3,06/10/2023 18:39:57,142916,13,task-3k5q,,32071791,nk2u0tdp,9483878,,complete,,,computer,Desktop or Laptop,Windows 10,Firefox 118.0,1920x1080,1920x899,Accepted,,0,rsl experimental trials list1,26,rsl_list1,Not on phone,,Accepted,rsl_list1,37,match,Screen 3,z1irvt,3,timedOut,,302.820000000007,300,302.820000000007,302.820000000007,300,302.820000000007,1,302.820000000007,0,0,,Time Limit,screen,0,screen,match,Family 1.jpg,32.mp4,same,same,target,family,32,1,,,
377,1696595998158,06/10/2023 12:39:58,1696606798158,3,06/10/2023 18:39:58,142916,13,task-3k5q,,32071791,nk2u0tdp,9483878,,complete,,,computer,Desktop or Laptop,Windows 10,Firefox 118.0,1920x1080,1920x899,Accepted,,0,rsl experimental trials list1,26,rsl_list1,Not on phone,,Accepted,rsl_list1,37,match,Screen 4,9wlxvm,4,info,Video start,153.780000000007,149.84000000008382,153.780000000007,153.780000000007,149.84000000008382,153.780000000007,1,153.780000000007,0,0,,Video,video,1,object-178,match,Family 1.jpg,32.mp4,same,same,target,family,32,1,,,
378,1696596000270,06/10/2023 12:40:00,1696606800270,3,06/10/2023 18:40:00,142916,13,task-3k5q,,32071791,nk2u0tdp,9483878,,complete,,,computer,Desktop or Laptop,Windows 10,Firefox 118.0,1920x1080,1920x899,Accepted,,0,rsl experimental trials list1,26,rsl_list1,Not on phone,,Accepted,rsl_list1,37,match,Screen 4,9wlxvm,4,response,match,2468.5800000000163,2451.9000000000233,2468.5800000000163,2468.5800000000163,2451.9000000000233,2468.5800000000163,1,2468.5800000000163,0,0,,Keyboard Response,Keyboard Response,6,object-183,match,Family 1.jpg,32.mp4,same,same,target,family,32,1,,,
379,1696596000753,06/10/2023 12:40:00,1696606800753,3,06/10/2023 18:40:00,142916,13,task-3k5q,,32071791,nk2u0tdp,9483878,,complete,,,computer,Desktop or Laptop,Windows 10,Firefox 118.0,1920x1080,1920x899,Accepted,,0,rsl experimental trials list1,26,rsl_list1,Not on phone,,Accepted,rsl_list1,38,match,Screen 1,nmofvp,1,continue,,500,500,500,500,500,500,1,500,0,0,,Fixation Timing,,1,object-167,match,Ring 1.jpg,9.mp4,different,same,target,ring,9,1,,,
380,1696596001754,06/10/2023 12:40:01,1696606801754,3,06/10/2023 18:40:01,142916,13,task-3k5q,,32071791,nk2u0tdp,9483878,,complete,,,computer,Desktop or Laptop,Windows 10,Firefox 118.0,1920x1080,1920x899,Accepted,,0,rsl experimental trials list1,26,rsl_list1,Not on phone,,Accepted,rsl_list1,38,match,Screen 2,pevo7u,2,timedOut,,1001.9199999999837,1000,1001.9199999999837,1001.9199999999837,1000,1001.9199999999837,0,1001.9199999999837,0,0,,Time Limit,screen,0,screen,match,Ring 1.jpg,9.mp4,different,same,target,ring,9,1,,,
381,1696596002054,06/10/2023 12:40:02,1696606802054,3,06/10/2023 18:40:02,142916,13,task-3k5q,,32071791,nk2u0tdp,9483878,,complete,,,computer,Desktop or Laptop,Windows 10,Firefox 118.0,1920x1080,1920x899,Accepted,,0,rsl experimental trials list1,26,rsl_list1,Not on phone,,Accepted,rsl_list1,38,match,Screen 3,z1irvt,3,timedOut,,301.9199999999837,300,301.9199999999837,301.9199999999837,300,301.9199999999837,1,301.9199999999837,0,0,,Time Limit,screen,0,screen,match,Ring 1.jpg,9.mp4,different,same,target,ring,9,1,,,
382,1696596002357,06/10/2023 12:40:02,1696606802357,3,06/10/2023 18:40:02,142916,13,task-3k5q,,32071791,nk2u0tdp,9483878,,complete,,,computer,Desktop or Laptop,Windows 10,Firefox 118.0,1920x1080,1920x899,Accepted,,0,rsl experimental trials list1,26,rsl_list1,Not on phone,,Accepted,rsl_list1,38,match,Screen 4,9wlxvm,4,info,Video start,58.93399999998368,49.800000000104774,58.93399999998368,58.93399999998368,49.800000000104774,58.93399999998368,1,58.93399999998368,0,0,,Video,video,1,object-178,match,Ring 1.jpg,9.mp4,different,same,target,ring,9,1,,,
383,1696596004727,06/10/2023 12:40:04,1696606804727,3,06/10/2023 18:40:04,142916,13,task-3k5q,,32071791,nk2u0tdp,9483878,,complete,,,computer,Desktop or Laptop,Windows 10,Firefox 118.0,1920x1080,1920x899,Accepted,,0,rsl experimental trials list1,26,rsl_list1,Not on phone,,Accepted,rsl_list1,38,match,Screen 4,9wlxvm,4,response,match,2674.9199999999837,2668.539999999979,2674.9199999999837,2674.9199999999837,2668.539999999979,2674.9199999999837,1,2674.9199999999837,0,0,,Keyboard Response,Keyboard Response,6,object-183,match,Ring 1.jpg,9.mp4,different,same,target,ring,9,1,,,
384,1696596005222,06/10/2023 12:40:05,1696606805222,3,06/10/2023 18:40:05,142916,13,task-3k5q,,32071791,nk2u0tdp,9483878,,complete,,,computer,Desktop or Laptop,Windows 10,Firefox 118.0,1920x1080,1920x899,Accepted,,0,rsl experimental trials list1,26,rsl_list1,Not on phone,,Accepted,rsl_list1,39,match,Screen 1,nmofvp,1,continue,,500,500,500,500,500,500,1,500,0,0,,Fixation Timing,,1,object-167,match,Magazine 1.jpg,8.mp4,different,same,target,magazine,8,1,,,
385,1696596006222,06/10/2023 12:40:06,1696606806222,3,06/10/2023 18:40:06,142916,13,task-3k5q,,32071791,nk2u0tdp,9483878,,complete,,,computer,Desktop or Laptop,Windows 10,Firefox 118.0,1920x1080,1920x899,Accepted,,0,rsl experimental trials list1,26,rsl_list1,Not on phone,,Accepted,rsl_list1,39,match,Screen 2,pevo7u,2,timedOut,,1001.3800000000047,1000,1001.3800000000047,1001.3800000000047,1000,1001.3800000000047,0,1001.3800000000047,0,0,,Time Limit,screen,0,screen,match,Magazine 1.jpg,8.mp4,different,same,target,magazine,8,1,,,
386,1696596006522,06/10/2023 12:40:06,1696606806522,3,06/10/2023 18:40:06,142916,13,task-3k5q,,32071791,nk2u0tdp,9483878,,complete,,,computer,Desktop or Laptop,Windows 10,Firefox 118.0,1920x1080,1920x899,Accepted,,0,rsl experimental trials list1,26,rsl_list1,Not on phone,,Accepted,rsl_list1,39,match,Screen 3,z1irvt,3,timedOut,,301.38000000000466,300,301.38000000000466,301.38000000000466,300,301.38000000000466,1,301.38000000000466,0,0,,Time Limit,screen,0,screen,match,Magazine 1.jpg,8.mp4,different,same,target,magazine,8,1,,,
387,1696596006819,06/10/2023 12:40:06,1696606806819,3,06/10/2023 18:40:06,142916,13,task-3k5q,,32071791,nk2u0tdp,9483878,,complete,,,computer,Desktop or Laptop,Windows 10,Firefox 118.0,1920x1080,1920x899,Accepted,,0,rsl experimental trials list1,26,rsl_list1,Not on phone,,Accepted,rsl_list1,39,match,Screen 4,9wlxvm,4,info,Video start,194.78300000000468,183.36000000016065,194.78300000000468,194.78300000000468,183.36000000016065,194.78300000000468,1,194.78300000000468,0,0,,Video,video,1,object-178,match,Magazine 1.jpg,8.mp4,different,same,target,magazine,8,1,,,
388,1696596012184,06/10/2023 12:40:12,1696606812184,3,06/10/2023 18:40:12,142916,13,task-3k5q,,32071791,nk2u0tdp,9483878,,complete,,,computer,Desktop or Laptop,Windows 10,Firefox 118.0,1920x1080,1920x899,Accepted,,0,rsl experimental trials list1,26,rsl_list1,Not on phone,,Accepted,rsl_list1,39,match,Screen 4,9wlxvm,4,response,match,5662.380000000005,5651.900000000023,5662.380000000005,5662.380000000005,5651.900000000023,5662.380000000005,1,5662.380000000005,0,0,,Keyboard Response,Keyboard Response,6,object-183,match,Magazine 1.jpg,8.mp4,different,same,target,magazine,8,1,,,
389,1696596012674,06/10/2023 12:40:12,1696606812674,3,06/10/2023 18:40:12,142916,13,task-3k5q,,32071791,nk2u0tdp,9483878,,complete,,,computer,Desktop or Laptop,Windows 10,Firefox 118.0,1920x1080,1920x899,Accepted,,0,rsl experimental trials list1,26,rsl_list1,Not on phone,,Accepted,rsl_list1,39,nomatch,Screen 1,8mz8sc,1,continue,,500,500,500,500,500,500,1,500,0,0,,Fixation Timing,,1,object-186,nomatch,Change 2.jpg,82.mp4,different,different,foil,na,82,1,,,
390,1696596013675,06/10/2023 12:40:13,1696606813675,3,06/10/2023 18:40:13,142916,13,task-3k5q,,32071791,nk2u0tdp,9483878,,complete,,,computer,Desktop or Laptop,Windows 10,Firefox 118.0,1920x1080,1920x899,Accepted,,0,rsl experimental trials list1,26,rsl_list1,Not on phone,,Accepted,rsl_list1,39,nomatch,Screen 2,zhfxqk,2,timedOut,,1001.4799999999814,1000,1001.4799999999814,1001.4799999999814,1000,1001.4799999999814,0,1001.4799999999814,0,0,,Time Limit,screen,0,screen,nomatch,Change 2.jpg,82.mp4,different,different,foil,na,82,1,,,
391,1696596013974,06/10/2023 12:40:13,1696606813974,3,06/10/2023 18:40:13,142916,13,task-3k5q,,32071791,nk2u0tdp,9483878,,complete,,,computer,Desktop or Laptop,Windows 10,Firefox 118.0,1920x1080,1920x899,Accepted,,0,rsl experimental trials list1,26,rsl_list1,Not on phone,,Accepted,rsl_list1,39,nomatch,Screen 3,d73ena,3,timedOut,,301.4799999999814,300,301.4799999999814,301.4799999999814,300,301.4799999999814,1,301.4799999999814,0,0,,Time Limit,screen,0,screen,nomatch,Change 2.jpg,82.mp4,different,different,foil,na,82,1,,,
392,1696596014314,06/10/2023 12:40:14,1696606814314,3,06/10/2023 18:40:14,142916,13,task-3k5q,,32071791,nk2u0tdp,9483878,,complete,,,computer,Desktop or Laptop,Windows 10,Firefox 118.0,1920x1080,1920x899,Accepted,,0,rsl experimental trials list1,26,rsl_list1,Not on phone,,Accepted,rsl_list1,39,nomatch,Screen 4,kfk7dt,4,info,Video start,144.65999999998138,133.39999999961583,144.65999999998138,144.65999999998138,133.39999999961583,144.65999999998138,0,144.65999999998138,0,0,,Video,video,1,object-204,nomatch,Change 2.jpg,82.mp4,different,different,foil,na,82,1,,,
393,1696596017383,06/10/2023 12:40:17,1696606817383,3,06/10/2023 18:40:17,142916,13,task-3k5q,,32071791,nk2u0tdp,9483878,,complete,,,computer,Desktop or Laptop,Windows 10,Firefox 118.0,1920x1080,1920x899,Accepted,,0,rsl experimental trials list1,26,rsl_list1,Not on phone,,Accepted,rsl_list1,39,nomatch,Screen 4,kfk7dt,4,response,nomatch,3410.4799999999814,3401.899999999965,3410.4799999999814,3410.4799999999814,3401.899999999965,3410.4799999999814,0,3410.4799999999814,0,0,,Keyboard Response,Keyboard Response,6,object-209,nomatch,Change 2.jpg,82.mp4,different,different,foil,na,82,1,,,
394,1696596017875,06/10/2023 12:40:17,1696606817875,3,06/10/2023 18:40:17,142916,13,task-3k5q,,32071791,nk2u0tdp,9483878,,complete,,,computer,Desktop or Laptop,Windows 10,Firefox 118.0,1920x1080,1920x899,Accepted,,0,rsl experimental trials list1,26,rsl_list1,Not on phone,,Accepted,rsl_list1,40,match,Screen 1,nmofvp,1,continue,,500,500,500,500,500,500,1,500,0,0,,Fixation Timing,,1,object-167,match,Doubt 2.jpg,15.mp4,same,same,target,doubt,15,1,,,
395,1696596018876,06/10/2023 12:40:18,1696606818876,3,06/10/2023 18:40:18,142916,13,task-3k5q,,32071791,nk2u0tdp,9483878,,complete,,,computer,Desktop or Laptop,Windows 10,Firefox 118.0,1920x1080,1920x899,Accepted,,0,rsl experimental trials list1,26,rsl_list1,Not on phone,,Accepted,rsl_list1,40,match,Screen 2,pevo7u,2,timedOut,,1001.5800000000163,1000,1001.5800000000163,1001.5800000000163,1000,1001.5800000000163,0,1001.5800000000163,0,0,,Time Limit,screen,0,screen,match,Doubt 2.jpg,15.mp4,same,same,target,doubt,15,1,,,
396,1696596019176,06/10/2023 12:40:19,1696606819176,3,06/10/2023 18:40:19,142916,13,task-3k5q,,32071791,nk2u0tdp,9483878,,complete,,,computer,Desktop or Laptop,Windows 10,Firefox 118.0,1920x1080,1920x899,Accepted,,0,rsl experimental trials list1,26,rsl_list1,Not on phone,,Accepted,rsl_list1,40,match,Screen 3,z1irvt,3,timedOut,,301.5800000000163,300,301.5800000000163,301.5800000000163,300,301.5800000000163,1,301.5800000000163,0,0,,Time Limit,screen,0,screen,match,Doubt 2.jpg,15.mp4,same,same,target,doubt,15,1,,,
397,1696596019495,06/10/2023 12:40:19,1696606819495,3,06/10/2023 18:40:19,142916,13,task-3k5q,,32071791,nk2u0tdp,9483878,,complete,,,computer,Desktop or Laptop,Windows 10,Firefox 118.0,1920x1080,1920x899,Accepted,,0,rsl experimental trials list1,26,rsl_list1,Not on phone,,Accepted,rsl_list1,40,match,Screen 4,9wlxvm,4,info,Video start,66.75999999954365,66.75999999954365,66.75999999954365,66.75999999954365,66.75999999954365,66.75999999954365,1,66.75999999954365,0,0,,Video,video,1,object-178,match,Doubt 2.jpg,15.mp4,same,same,target,doubt,15,1,,,
398,1696596022240,06/10/2023 12:40:22,1696606822240,3,06/10/2023 18:40:22,142916,13,task-3k5q,,32071791,nk2u0tdp,9483878,,complete,,,computer,Desktop or Laptop,Windows 10,Firefox 118.0,1920x1080,1920x899,Accepted,,0,rsl experimental trials list1,26,rsl_list1,Not on phone,,Accepted,rsl_list1,40,match,Screen 4,9wlxvm,4,response,match,3064.5800000000163,3050,3064.5800000000163,3064.5800000000163,3050,3064.5800000000163,1,3064.5800000000163,0,0,,Keyboard Response,Keyboard Response,6,object-183,match,Doubt 2.jpg,15.mp4,same,same,target,doubt,15,1,,,
399,1696596022727,06/10/2023 12:40:22,1696606822727,3,06/10/2023 18:40:22,142916,13,task-3k5q,,32071791,nk2u0tdp,9483878,,complete,,,computer,Desktop or Laptop,Windows 10,Firefox 118.0,1920x1080,1920x899,Accepted,,0,rsl experimental trials list1,26,rsl_list1,Not on phone,,Accepted,rsl_list1,41,match,Screen 1,nmofvp,1,continue,,500,500,500,500,500,500,1,500,0,0,,Fixation Timing,,1,object-167,match,Sneeze 1.jpg,20.mp4,different,same,target,sneeze,20,1,,,
400,1696596023728,06/10/2023 12:40:23,1696606823728,3,06/10/2023 18:40:23,142916,13,task-3k5q,,32071791,nk2u0tdp,9483878,,complete,,,computer,Desktop or Laptop,Windows 10,Firefox 118.0,1920x1080,1920x899,Accepted,,0,rsl experimental trials list1,26,rsl_list1,Not on phone,,Accepted,rsl_list1,41,match,Screen 2,pevo7u,2,timedOut,,1002.5800000000163,1001.9400000000023,1002.5800000000163,1002.5800000000163,1001.9400000000023,1002.5800000000163,0,1002.5800000000163,0,0,,Time Limit,screen,0,screen,match,Sneeze 1.jpg,20.mp4,different,same,target,sneeze,20,1,,,
401,1696596024028,06/10/2023 12:40:24,1696606824028,3,06/10/2023 18:40:24,142916,13,task-3k5q,,32071791,nk2u0tdp,9483878,,complete,,,computer,Desktop or Laptop,Windows 10,Firefox 118.0,1920x1080,1920x899,Accepted,,0,rsl experimental trials list1,26,rsl_list1,Not on phone,,Accepted,rsl_list1,41,match,Screen 3,z1irvt,3,timedOut,,300.64000000001397,300,300.64000000001397,300.64000000001397,300,300.64000000001397,1,300.64000000001397,0,0,,Time Limit,screen,0,screen,match,Sneeze 1.jpg,20.mp4,different,same,target,sneeze,20,1,,,
402,1696596024365,06/10/2023 12:40:24,1696606824365,3,06/10/2023 18:40:24,142916,13,task-3k5q,,32071791,nk2u0tdp,9483878,,complete,,,computer,Desktop or Laptop,Windows 10,Firefox 118.0,1920x1080,1920x899,Accepted,,0,rsl experimental trials list1,26,rsl_list1,Not on phone,,Accepted,rsl_list1,41,match,Screen 4,9wlxvm,4,info,Video start,92.79200000001396,83.43999999953667,92.79200000001396,92.79200000001396,83.43999999953667,92.79200000001396,1,92.79200000001396,0,0,,Video,video,1,object-178,match,Sneeze 1.jpg,20.mp4,different,same,target,sneeze,20,1,,,
403,1696596026871,06/10/2023 12:40:26,1696606826871,3,06/10/2023 18:40:26,142916,13,task-3k5q,,32071791,nk2u0tdp,9483878,,complete,,,computer,Desktop or Laptop,Windows 10,Firefox 118.0,1920x1080,1920x899,Accepted,,0,rsl experimental trials list1,26,rsl_list1,Not on phone,,Accepted,rsl_list1,41,match,Screen 4,9wlxvm,4,response,match,2844.640000000014,2833.3400000000256,2844.640000000014,2844.640000000014,2833.3400000000256,2844.640000000014,1,2844.640000000014,0,0,,Keyboard Response,Keyboard Response,6,object-183,match,Sneeze 1.jpg,20.mp4,different,same,target,sneeze,20,1,,,
404,1696596027362,06/10/2023 12:40:27,1696606827362,3,06/10/2023 18:40:27,142916,13,task-3k5q,,32071791,nk2u0tdp,9483878,,complete,,,computer,Desktop or Laptop,Windows 10,Firefox 118.0,1920x1080,1920x899,Accepted,,0,rsl experimental trials list1,26,rsl_list1,Not on phone,,Accepted,rsl_list1,42,match,Screen 1,nmofvp,1,continue,,500,500,500,500,500,500,1,500,0,0,,Fixation Timing,,1,object-167,match,Pain 1.jpg,12.mp4,different,same,target,pain,12,1,,,
405,1696596028362,06/10/2023 12:40:28,1696606828362,3,06/10/2023 18:40:28,142916,13,task-3k5q,,32071791,nk2u0tdp,9483878,,complete,,,computer,Desktop or Laptop,Windows 10,Firefox 118.0,1920x1080,1920x899,Accepted,,0,rsl experimental trials list1,26,rsl_list1,Not on phone,,Accepted,rsl_list1,42,match,Screen 2,pevo7u,2,timedOut,,1002.2999999999884,1000,1002.2999999999884,1002.2999999999884,1000,1002.2999999999884,0,1002.2999999999884,0,0,,Time Limit,screen,0,screen,match,Pain 1.jpg,12.mp4,different,same,target,pain,12,1,,,
406,1696596028662,06/10/2023 12:40:28,1696606828662,3,06/10/2023 18:40:28,142916,13,task-3k5q,,32071791,nk2u0tdp,9483878,,complete,,,computer,Desktop or Laptop,Windows 10,Firefox 118.0,1920x1080,1920x899,Accepted,,0,rsl experimental trials list1,26,rsl_list1,Not on phone,,Accepted,rsl_list1,42,match,Screen 3,z1irvt,3,timedOut,,302.29999999998836,300,302.29999999998836,302.29999999998836,300,302.29999999998836,1,302.29999999998836,0,0,,Time Limit,screen,0,screen,match,Pain 1.jpg,12.mp4,different,same,target,pain,12,1,,,
407,1696596028981,06/10/2023 12:40:28,1696606828981,3,06/10/2023 18:40:28,142916,13,task-3k5q,,32071791,nk2u0tdp,9483878,,complete,,,computer,Desktop or Laptop,Windows 10,Firefox 118.0,1920x1080,1920x899,Accepted,,0,rsl experimental trials list1,26,rsl_list1,Not on phone,,Accepted,rsl_list1,42,match,Screen 4,9wlxvm,4,info,Video start,68.97799999998836,66.76000000035856,68.97799999998836,68.97799999998836,66.76000000035856,68.97799999998836,1,68.97799999998836,0,0,,Video,video,1,object-178,match,Pain 1.jpg,12.mp4,different,same,target,pain,12,1,,,
408,1696596031327,06/10/2023 12:40:31,1696606831327,3,06/10/2023 18:40:31,142916,13,task-3k5q,,32071791,nk2u0tdp,9483878,,complete,,,computer,Desktop or Laptop,Windows 10,Firefox 118.0,1920x1080,1920x899,Accepted,,0,rsl experimental trials list1,26,rsl_list1,Not on phone,,Accepted,rsl_list1,42,match,Screen 4,9wlxvm,4,response,match,2667.2999999999884,2651.8800000000047,2667.2999999999884,2667.2999999999884,2651.8800000000047,2667.2999999999884,1,2667.2999999999884,0,0,,Keyboard Response,Keyboard Response,6,object-183,match,Pain 1.jpg,12.mp4,different,same,target,pain,12,1,,,
409,1696596031813,06/10/2023 12:40:31,1696606831813,3,06/10/2023 18:40:31,142916,13,task-3k5q,,32071791,nk2u0tdp,9483878,,complete,,,computer,Desktop or Laptop,Windows 10,Firefox 118.0,1920x1080,1920x899,Accepted,,0,rsl experimental trials list1,26,rsl_list1,Not on phone,,Accepted,rsl_list1,43,match,Screen 1,nmofvp,1,continue,,500,500,500,500,500,500,1,500,0,0,,Fixation Timing,,1,object-167,match,Sing 1.jpg,44.mp4,same,same,target,sing,44,1,,,
410,1696596032813,06/10/2023 12:40:32,1696606832813,3,06/10/2023 18:40:32,142916,13,task-3k5q,,32071791,nk2u0tdp,9483878,,complete,,,computer,Desktop or Laptop,Windows 10,Firefox 118.0,1920x1080,1920x899,Accepted,,0,rsl experimental trials list1,26,rsl_list1,Not on phone,,Accepted,rsl_list1,43,match,Screen 2,pevo7u,2,timedOut,,1001.4199999999837,1000,1001.4199999999837,1001.4199999999837,1000,1001.4199999999837,0,1001.4199999999837,0,0,,Time Limit,screen,0,screen,match,Sing 1.jpg,44.mp4,same,same,target,sing,44,1,,,
411,1696596033113,06/10/2023 12:40:33,1696606833113,3,06/10/2023 18:40:33,142916,13,task-3k5q,,32071791,nk2u0tdp,9483878,,complete,,,computer,Desktop or Laptop,Windows 10,Firefox 118.0,1920x1080,1920x899,Accepted,,0,rsl experimental trials list1,26,rsl_list1,Not on phone,,Accepted,rsl_list1,43,match,Screen 3,z1irvt,3,timedOut,,301.4199999999837,300,301.4199999999837,301.4199999999837,300,301.4199999999837,1,301.4199999999837,0,0,,Time Limit,screen,0,screen,match,Sing 1.jpg,44.mp4,same,same,target,sing,44,1,,,
412,1696596033428,06/10/2023 12:40:33,1696606833428,3,06/10/2023 18:40:33,142916,13,task-3k5q,,32071791,nk2u0tdp,9483878,,complete,,,computer,Desktop or Laptop,Windows 10,Firefox 118.0,1920x1080,1920x899,Accepted,,0,rsl experimental trials list1,26,rsl_list1,Not on phone,,Accepted,rsl_list1,43,match,Screen 4,9wlxvm,4,info,Video start,128.57699999998368,117.71999999944819,128.57699999998368,128.57699999998368,117.71999999944819,128.57699999998368,1,128.57699999998368,0,0,,Video,video,1,object-178,match,Sing 1.jpg,44.mp4,same,same,target,sing,44,1,,,
413,1696596035015,06/10/2023 12:40:35,1696606835015,3,06/10/2023 18:40:35,142916,13,task-3k5q,,32071791,nk2u0tdp,9483878,,complete,,,computer,Desktop or Laptop,Windows 10,Firefox 118.0,1920x1080,1920x899,Accepted,,0,rsl experimental trials list1,26,rsl_list1,Not on phone,,Accepted,rsl_list1,43,match,Screen 4,9wlxvm,4,response,match,1903.4199999999837,1901.2000000000116,1903.4199999999837,1903.4199999999837,1901.2000000000116,1903.4199999999837,1,1903.4199999999837,0,0,,Keyboard Response,Keyboard Response,6,object-183,match,Sing 1.jpg,44.mp4,same,same,target,sing,44,1,,,
414,1696596035514,06/10/2023 12:40:35,1696606835514,3,06/10/2023 18:40:35,142916,13,task-3k5q,,32071791,nk2u0tdp,9483878,,complete,,,computer,Desktop or Laptop,Windows 10,Firefox 118.0,1920x1080,1920x899,Accepted,,0,rsl experimental trials list1,26,rsl_list1,Not on phone,,Accepted,rsl_list1,40,nomatch,Screen 1,8mz8sc,1,continue,,500,500,500,500,500,500,1,500,0,0,,Fixation Timing,,1,object-186,nomatch,Wait 2.jpg,71.mp4,different,different,foil,na,71,1,,,
415,1696596036515,06/10/2023 12:40:36,1696606836515,3,06/10/2023 18:40:36,142916,13,task-3k5q,,32071791,nk2u0tdp,9483878,,complete,,,computer,Desktop or Laptop,Windows 10,Firefox 118.0,1920x1080,1920x899,Accepted,,0,rsl experimental trials list1,26,rsl_list1,Not on phone,,Accepted,rsl_list1,40,nomatch,Screen 2,zhfxqk,2,timedOut,,1001.2199999999721,1000,1001.2199999999721,1001.2199999999721,1000,1001.2199999999721,0,1001.2199999999721,0,0,,Time Limit,screen,0,screen,nomatch,Wait 2.jpg,71.mp4,different,different,foil,na,71,1,,,
416,1696596036814,06/10/2023 12:40:36,1696606836814,3,06/10/2023 18:40:36,142916,13,task-3k5q,,32071791,nk2u0tdp,9483878,,complete,,,computer,Desktop or Laptop,Windows 10,Firefox 118.0,1920x1080,1920x899,Accepted,,0,rsl experimental trials list1,26,rsl_list1,Not on phone,,Accepted,rsl_list1,40,nomatch,Screen 3,d73ena,3,timedOut,,302.21999999997206,300,302.21999999997206,302.21999999997206,300,302.21999999997206,1,302.21999999997206,0,0,,Time Limit,screen,0,screen,nomatch,Wait 2.jpg,71.mp4,different,different,foil,na,71,1,,,
417,1696596037125,06/10/2023 12:40:37,1696606837125,3,06/10/2023 18:40:37,142916,13,task-3k5q,,32071791,nk2u0tdp,9483878,,complete,,,computer,Desktop or Laptop,Windows 10,Firefox 118.0,1920x1080,1920x899,Accepted,,0,rsl experimental trials list1,26,rsl_list1,Not on phone,,Accepted,rsl_list1,40,nomatch,Screen 4,kfk7dt,4,info,Video start,66.47999999928288,49.79999999923166,66.47999999928288,66.47999999928288,49.79999999923166,66.47999999928288,0,66.47999999928288,0,0,,Video,video,1,object-204,nomatch,Wait 2.jpg,71.mp4,different,different,foil,na,71,1,,,
418,1696596039127,06/10/2023 12:40:39,1696606839127,3,06/10/2023 18:40:39,142916,13,task-3k5q,,32071791,nk2u0tdp,9483878,,complete,,,computer,Desktop or Laptop,Windows 10,Firefox 118.0,1920x1080,1920x899,Accepted,,0,rsl experimental trials list1,26,rsl_list1,Not on phone,,Accepted,rsl_list1,40,nomatch,Screen 4,kfk7dt,4,response,nomatch,2314.219999999972,2301.7399999999907,2314.219999999972,2314.219999999972,2301.7399999999907,2314.219999999972,0,2314.219999999972,0,0,,Keyboard Response,Keyboard Response,6,object-209,nomatch,Wait 2.jpg,71.mp4,different,different,foil,na,71,1,,,
419,1696596039615,06/10/2023 12:40:39,1696606839615,3,06/10/2023 18:40:39,142916,13,task-3k5q,,32071791,nk2u0tdp,9483878,,complete,,,computer,Desktop or Laptop,Windows 10,Firefox 118.0,1920x1080,1920x899,Accepted,,0,rsl experimental trials list1,26,rsl_list1,Not on phone,,Accepted,rsl_list1,41,nomatch,Screen 1,8mz8sc,1,continue,,500,500,500,500,500,500,1,500,0,0,,Fixation Timing,,1,object-186,nomatch,Sneeze 2.jpg,68.mp4,different,different,foil,na,68,1,,,
420,1696596040616,06/10/2023 12:40:40,1696606840616,3,06/10/2023 18:40:40,142916,13,task-3k5q,,32071791,nk2u0tdp,9483878,,complete,,,computer,Desktop or Laptop,Windows 10,Firefox 118.0,1920x1080,1920x899,Accepted,,0,rsl experimental trials list1,26,rsl_list1,Not on phone,,Accepted,rsl_list1,41,nomatch,Screen 2,zhfxqk,2,timedOut,,1001.4799999999814,1000,1001.4799999999814,1001.4799999999814,1000,1001.4799999999814,0,1001.4799999999814,0,0,,Time Limit,screen,0,screen,nomatch,Sneeze 2.jpg,68.mp4,different,different,foil,na,68,1,,,
421,1696596040916,06/10/2023 12:40:40,1696606840916,3,06/10/2023 18:40:40,142916,13,task-3k5q,,32071791,nk2u0tdp,9483878,,complete,,,computer,Desktop or Laptop,Windows 10,Firefox 118.0,1920x1080,1920x899,Accepted,,0,rsl experimental trials list1,26,rsl_list1,Not on phone,,Accepted,rsl_list1,41,nomatch,Screen 3,d73ena,3,timedOut,,301.4799999999814,300,301.4799999999814,301.4799999999814,300,301.4799999999814,1,301.4799999999814,0,0,,Time Limit,screen,0,screen,nomatch,Sneeze 2.jpg,68.mp4,different,different,foil,na,68,1,,,
422,1696596041240,06/10/2023 12:40:41,1696606841240,3,06/10/2023 18:40:41,142916,13,task-3k5q,,32071791,nk2u0tdp,9483878,,complete,,,computer,Desktop or Laptop,Windows 10,Firefox 118.0,1920x1080,1920x899,Accepted,,0,rsl experimental trials list1,26,rsl_list1,Not on phone,,Accepted,rsl_list1,41,nomatch,Screen 4,kfk7dt,4,info,Video start,81.48399999998139,66.48000000009779,81.48399999998139,81.48399999998139,66.48000000009779,81.48399999998139,0,81.48399999998139,0,0,,Video,video,1,object-204,nomatch,Sneeze 2.jpg,68.mp4,different,different,foil,na,68,1,,,
423,1696596044111,06/10/2023 12:40:44,1696606844111,3,06/10/2023 18:40:44,142916,13,task-3k5q,,32071791,nk2u0tdp,9483878,,complete,,,computer,Desktop or Laptop,Windows 10,Firefox 118.0,1920x1080,1920x899,Accepted,,0,rsl experimental trials list1,26,rsl_list1,Not on phone,,Accepted,rsl_list1,41,nomatch,Screen 4,kfk7dt,4,response,nomatch,3195.4799999999814,3183.3399999999674,3195.4799999999814,3195.4799999999814,3183.3399999999674,3195.4799999999814,0,3195.4799999999814,0,0,,Keyboard Response,Keyboard Response,6,object-209,nomatch,Sneeze 2.jpg,68.mp4,different,different,foil,na,68,1,,,
424,1696596044601,06/10/2023 12:40:44,1696606844601,3,06/10/2023 18:40:44,142916,13,task-3k5q,,32071791,nk2u0tdp,9483878,,complete,,,computer,Desktop or Laptop,Windows 10,Firefox 118.0,1920x1080,1920x899,Accepted,,0,rsl experimental trials list1,26,rsl_list1,Not on phone,,Accepted,rsl_list1,42,nomatch,Screen 1,8mz8sc,1,continue,,500,500,500,500,500,500,1,500,0,0,,Fixation Timing,,1,object-186,nomatch,Salt 2.jpg,58.mp4,different,different,foil,na,58,1,,,
425,1696596045601,06/10/2023 12:40:45,1696606845601,3,06/10/2023 18:40:45,142916,13,task-3k5q,,32071791,nk2u0tdp,9483878,,complete,,,computer,Desktop or Laptop,Windows 10,Firefox 118.0,1920x1080,1920x899,Accepted,,0,rsl experimental trials list1,26,rsl_list1,Not on phone,,Accepted,rsl_list1,42,nomatch,Screen 2,zhfxqk,2,timedOut,,1002.140000000014,1001.960000000021,1002.140000000014,1002.140000000014,1001.960000000021,1002.140000000014,0,1002.140000000014,0,0,,Time Limit,screen,0,screen,nomatch,Salt 2.jpg,58.mp4,different,different,foil,na,58,1,,,
426,1696596045901,06/10/2023 12:40:45,1696606845901,3,06/10/2023 18:40:45,142916,13,task-3k5q,,32071791,nk2u0tdp,9483878,,complete,,,computer,Desktop or Laptop,Windows 10,Firefox 118.0,1920x1080,1920x899,Accepted,,0,rsl experimental trials list1,26,rsl_list1,Not on phone,,Accepted,rsl_list1,42,nomatch,Screen 3,d73ena,3,timedOut,,300.179999999993,300,300.179999999993,300.179999999993,300,300.179999999993,1,300.179999999993,0,0,,Time Limit,screen,0,screen,nomatch,Salt 2.jpg,58.mp4,different,different,foil,na,58,1,,,
427,1696596046226,06/10/2023 12:40:46,1696606846226,3,06/10/2023 18:40:46,142916,13,task-3k5q,,32071791,nk2u0tdp,9483878,,complete,,,computer,Desktop or Laptop,Windows 10,Firefox 118.0,1920x1080,1920x899,Accepted,,0,rsl experimental trials list1,26,rsl_list1,Not on phone,,Accepted,rsl_list1,42,nomatch,Screen 4,kfk7dt,4,info,Video start,66.06699999999302,50.10000000038417,66.06699999999302,66.06699999999302,50.10000000038417,66.06699999999302,0,66.06699999999302,0,0,,Video,video,1,object-204,nomatch,Salt 2.jpg,58.mp4,different,different,foil,na,58,1,,,
428,1696596048134,06/10/2023 12:40:48,1696606848134,3,06/10/2023 18:40:48,142916,13,task-3k5q,,32071791,nk2u0tdp,9483878,,complete,,,computer,Desktop or Laptop,Windows 10,Firefox 118.0,1920x1080,1920x899,Accepted,,0,rsl experimental trials list1,26,rsl_list1,Not on phone,,Accepted,rsl_list1,42,nomatch,Screen 4,kfk7dt,4,response,nomatch,2233.179999999993,2216.6599999999744,2233.179999999993,2233.179999999993,2216.6599999999744,2233.179999999993,0,2233.179999999993,0,0,,Keyboard Response,Keyboard Response,6,object-209,nomatch,Salt 2.jpg,58.mp4,different,different,foil,na,58,1,,,
429,1696596048618,06/10/2023 12:40:48,1696606848618,3,06/10/2023 18:40:48,142916,13,task-3k5q,,32071791,nk2u0tdp,9483878,,complete,,,computer,Desktop or Laptop,Windows 10,Firefox 118.0,1920x1080,1920x899,Accepted,,0,rsl experimental trials list1,26,rsl_list1,Not on phone,,Accepted,rsl_list1,43,nomatch,Screen 1,8mz8sc,1,continue,,500,500,500,500,500,500,1,500,0,0,,Fixation Timing,,1,object-186,nomatch,Call 1.jpg,61.mp4,different,different,foil,na,61,1,,,
430,1696596049619,06/10/2023 12:40:49,1696606849619,3,06/10/2023 18:40:49,142916,13,task-3k5q,,32071791,nk2u0tdp,9483878,,complete,,,computer,Desktop or Laptop,Windows 10,Firefox 118.0,1920x1080,1920x899,Accepted,,0,rsl experimental trials list1,26,rsl_list1,Not on phone,,Accepted,rsl_list1,43,nomatch,Screen 2,zhfxqk,2,timedOut,,1001.5200000000186,1000,1001.5200000000186,1001.5200000000186,1000,1001.5200000000186,0,1001.5200000000186,0,0,,Time Limit,screen,0,screen,nomatch,Call 1.jpg,61.mp4,different,different,foil,na,61,1,,,
431,1696596049919,06/10/2023 12:40:49,1696606849919,3,06/10/2023 18:40:49,142916,13,task-3k5q,,32071791,nk2u0tdp,9483878,,complete,,,computer,Desktop or Laptop,Windows 10,Firefox 118.0,1920x1080,1920x899,Accepted,,0,rsl experimental trials list1,26,rsl_list1,Not on phone,,Accepted,rsl_list1,43,nomatch,Screen 3,d73ena,3,timedOut,,301.5200000000186,300,301.5200000000186,301.5200000000186,300,301.5200000000186,1,301.5200000000186,0,0,,Time Limit,screen,0,screen,nomatch,Call 1.jpg,61.mp4,different,different,foil,na,61,1,,,
432,1696596050218,06/10/2023 12:40:50,1696606850218,3,06/10/2023 18:40:50,142916,13,task-3k5q,,32071791,nk2u0tdp,9483878,,complete,,,computer,Desktop or Laptop,Windows 10,Firefox 118.0,1920x1080,1920x899,Accepted,,0,rsl experimental trials list1,26,rsl_list1,Not on phone,,Accepted,rsl_list1,43,nomatch,Screen 4,kfk7dt,4,info,Video start,149.9000000000815,133.22000000008848,149.9000000000815,149.9000000000815,133.22000000008848,149.9000000000815,0,149.9000000000815,0,0,,Video,video,1,object-204,nomatch,Call 1.jpg,61.mp4,different,different,foil,na,61,1,,,
433,1696596052863,06/10/2023 12:40:52,1696606852863,3,06/10/2023 18:40:52,142916,13,task-3k5q,,32071791,nk2u0tdp,9483878,,complete,,,computer,Desktop or Laptop,Windows 10,Firefox 118.0,1920x1080,1920x899,Accepted,,0,rsl experimental trials list1,26,rsl_list1,Not on phone,,Accepted,rsl_list1,43,nomatch,Screen 4,kfk7dt,4,response,nomatch,2946.5200000000186,2935.179999999993,2946.5200000000186,2946.5200000000186,2935.179999999993,2946.5200000000186,0,2946.5200000000186,0,0,,Keyboard Response,Keyboard Response,6,object-209,nomatch,Call 1.jpg,61.mp4,different,different,foil,na,61,1,,,
434,1696596053353,06/10/2023 12:40:53,1696606853353,3,06/10/2023 18:40:53,142916,13,task-3k5q,,32071791,nk2u0tdp,9483878,,complete,,,computer,Desktop or Laptop,Windows 10,Firefox 118.0,1920x1080,1920x899,Accepted,,0,rsl experimental trials list1,26,rsl_list1,Not on phone,,Accepted,rsl_list1,44,nomatch,Screen 1,8mz8sc,1,continue,,500,500,500,500,500,500,1,500,0,0,,Fixation Timing,,1,object-186,nomatch,Breathe 1.jpg,85.mp4,different,different,foil,na,85,1,,,
435,1696596054354,06/10/2023 12:40:54,1696606854354,3,06/10/2023 18:40:54,142916,13,task-3k5q,,32071791,nk2u0tdp,9483878,,complete,,,computer,Desktop or Laptop,Windows 10,Firefox 118.0,1920x1080,1920x899,Accepted,,0,rsl experimental trials list1,26,rsl_list1,Not on phone,,Accepted,rsl_list1,44,nomatch,Screen 2,zhfxqk,2,timedOut,,1001.3400000000256,1000,1001.3400000000256,1001.3400000000256,1000,1001.3400000000256,0,1001.3400000000256,0,0,,Time Limit,screen,0,screen,nomatch,Breathe 1.jpg,85.mp4,different,different,foil,na,85,1,,,
436,1696596054654,06/10/2023 12:40:54,1696606854654,3,06/10/2023 18:40:54,142916,13,task-3k5q,,32071791,nk2u0tdp,9483878,,complete,,,computer,Desktop or Laptop,Windows 10,Firefox 118.0,1920x1080,1920x899,Accepted,,0,rsl experimental trials list1,26,rsl_list1,Not on phone,,Accepted,rsl_list1,44,nomatch,Screen 3,d73ena,3,timedOut,,301.3400000000256,300,301.3400000000256,301.3400000000256,300,301.3400000000256,1,301.3400000000256,0,0,,Time Limit,screen,0,screen,nomatch,Breathe 1.jpg,85.mp4,different,different,foil,na,85,1,,,
437,1696596054956,06/10/2023 12:40:54,1696606854956,3,06/10/2023 18:40:54,142916,13,task-3k5q,,32071791,nk2u0tdp,9483878,,complete,,,computer,Desktop or Laptop,Windows 10,Firefox 118.0,1920x1080,1920x899,Accepted,,0,rsl experimental trials list1,26,rsl_list1,Not on phone,,Accepted,rsl_list1,44,nomatch,Screen 4,kfk7dt,4,info,Video start,60.156000000025614,50.10000000038417,60.156000000025614,60.156000000025614,50.10000000038417,60.156000000025614,0,60.156000000025614,0,0,,Video,video,1,object-204,nomatch,Breathe 1.jpg,85.mp4,different,different,foil,na,85,1,,,
438,1696596057479,06/10/2023 12:40:57,1696606857479,3,06/10/2023 18:40:57,142916,13,task-3k5q,,32071791,nk2u0tdp,9483878,,complete,,,computer,Desktop or Laptop,Windows 10,Firefox 118.0,1920x1080,1920x899,Accepted,,0,rsl experimental trials list1,26,rsl_list1,Not on phone,,Accepted,rsl_list1,44,nomatch,Screen 4,kfk7dt,4,response,nomatch,2827.3400000000256,2818.3600000000442,2827.3400000000256,2827.3400000000256,2818.3600000000442,2827.3400000000256,0,2827.3400000000256,0,0,,Keyboard Response,Keyboard Response,6,object-209,nomatch,Breathe 1.jpg,85.mp4,different,different,foil,na,85,1,,,
439,1696596057971,06/10/2023 12:40:57,1696606857971,3,06/10/2023 18:40:57,142916,13,task-3k5q,,32071791,nk2u0tdp,9483878,,complete,,,computer,Desktop or Laptop,Windows 10,Firefox 118.0,1920x1080,1920x899,Accepted,,0,rsl experimental trials list1,26,rsl_list1,Not on phone,,Accepted,rsl_list1,44,match,Screen 1,nmofvp,1,continue,,500,500,500,500,500,500,1,500,0,0,,Fixation Timing,,1,object-167,match,Doll 2.jpg,4.mp4,different,same,target,doll,4,1,,,
440,1696596058972,06/10/2023 12:40:58,1696606858972,3,06/10/2023 18:40:58,142916,13,task-3k5q,,32071791,nk2u0tdp,9483878,,complete,,,computer,Desktop or Laptop,Windows 10,Firefox 118.0,1920x1080,1920x899,Accepted,,0,rsl experimental trials list1,26,rsl_list1,Not on phone,,Accepted,rsl_list1,44,match,Screen 2,pevo7u,2,timedOut,,1001.9799999999814,1000,1001.9799999999814,1001.9799999999814,1000,1001.9799999999814,0,1001.9799999999814,0,0,,Time Limit,screen,0,screen,match,Doll 2.jpg,4.mp4,different,same,target,doll,4,1,,,
441,1696596059272,06/10/2023 12:40:59,1696606859272,3,06/10/2023 18:40:59,142916,13,task-3k5q,,32071791,nk2u0tdp,9483878,,complete,,,computer,Desktop or Laptop,Windows 10,Firefox 118.0,1920x1080,1920x899,Accepted,,0,rsl experimental trials list1,26,rsl_list1,Not on phone,,Accepted,rsl_list1,44,match,Screen 3,z1irvt,3,timedOut,,301.9799999999814,300,301.9799999999814,301.9799999999814,300,301.9799999999814,1,301.9799999999814,0,0,,Time Limit,screen,0,screen,match,Doll 2.jpg,4.mp4,different,same,target,doll,4,1,,,
442,1696596059717,06/10/2023 12:40:59,1696606859717,3,06/10/2023 18:40:59,142916,13,task-3k5q,,32071791,nk2u0tdp,9483878,,complete,,,computer,Desktop or Laptop,Windows 10,Firefox 118.0,1920x1080,1920x899,Accepted,,0,rsl experimental trials list1,26,rsl_list1,Not on phone,,Accepted,rsl_list1,44,match,Screen 4,9wlxvm,4,info,Video start,446.9509999999814,433.3399999999674,446.9509999999814,446.9509999999814,433.3399999999674,446.9509999999814,1,446.9509999999814,0,0,,Video,video,1,object-178,match,Doll 2.jpg,4.mp4,different,same,target,doll,4,1,,,
443,1696596062671,06/10/2023 12:41:02,1696606862671,3,06/10/2023 18:41:02,142916,13,task-3k5q,,32071791,nk2u0tdp,9483878,,complete,,,computer,Desktop or Laptop,Windows 10,Firefox 118.0,1920x1080,1920x899,Accepted,,0,rsl experimental trials list1,26,rsl_list1,Not on phone,,Accepted,rsl_list1,44,match,Screen 4,9wlxvm,4,response,nomatch,3400.0199999999604,3383.3399999999674,3400.0199999999604,3400.0199999999604,3383.3399999999674,3400.0199999999604,1,3400.0199999999604,0,0,,Keyboard Response,Keyboard Response,6,object-183,match,Doll 2.jpg,4.mp4,different,same,target,doll,4,1,,,
444,1696596063156,06/10/2023 12:41:03,1696606863156,3,06/10/2023 18:41:03,142916,13,task-3k5q,,32071791,nk2u0tdp,9483878,,complete,,,computer,Desktop or Laptop,Windows 10,Firefox 118.0,1920x1080,1920x899,Accepted,,0,rsl experimental trials list1,26,rsl_list1,Not on phone,,Accepted,rsl_list1,45,match,Screen 1,nmofvp,1,continue,,501.78000000002794,501.78000000002794,501.78000000002794,501.78000000002794,501.78000000002794,501.78000000002794,1,501.78000000002794,0,0,,Fixation Timing,,1,object-167,match,Children 2.jpg,28.mp4,different,same,target,children,28,1,,,
445,1696596064156,06/10/2023 12:41:04,1696606864156,3,06/10/2023 18:41:04,142916,13,task-3k5q,,32071791,nk2u0tdp,9483878,,complete,,,computer,Desktop or Laptop,Windows 10,Firefox 118.0,1920x1080,1920x899,Accepted,,0,rsl experimental trials list1,26,rsl_list1,Not on phone,,Accepted,rsl_list1,45,match,Screen 2,pevo7u,2,timedOut,,1000.859999999986,1000,1000.859999999986,1000.859999999986,1000,1000.859999999986,0,1000.859999999986,0,0,,Time Limit,screen,0,screen,match,Children 2.jpg,28.mp4,different,same,target,children,28,1,,,
446,1696596064456,06/10/2023 12:41:04,1696606864456,3,06/10/2023 18:41:04,142916,13,task-3k5q,,32071791,nk2u0tdp,9483878,,complete,,,computer,Desktop or Laptop,Windows 10,Firefox 118.0,1920x1080,1920x899,Accepted,,0,rsl experimental trials list1,26,rsl_list1,Not on phone,,Accepted,rsl_list1,45,match,Screen 3,z1irvt,3,timedOut,,300.85999999998603,300,300.85999999998603,300.85999999998603,300,300.85999999998603,1,300.85999999998603,0,0,,Time Limit,screen,0,screen,match,Children 2.jpg,28.mp4,different,same,target,children,28,1,,,
447,1696596064804,06/10/2023 12:41:04,1696606864804,3,06/10/2023 18:41:04,142916,13,task-3k5q,,32071791,nk2u0tdp,9483878,,complete,,,computer,Desktop or Laptop,Windows 10,Firefox 118.0,1920x1080,1920x899,Accepted,,0,rsl experimental trials list1,26,rsl_list1,Not on phone,,Accepted,rsl_list1,45,match,Screen 4,9wlxvm,4,info,Video start,145.58299999998604,133.42000000027474,145.58299999998604,145.58299999998604,133.42000000027474,145.58299999998604,1,145.58299999998604,0,0,,Video,video,1,object-178,match,Children 2.jpg,28.mp4,different,same,target,children,28,1,,,
448,1696596066647,06/10/2023 12:41:06,1696606866647,3,06/10/2023 18:41:06,142916,13,task-3k5q,,32071791,nk2u0tdp,9483878,,complete,,,computer,Desktop or Laptop,Windows 10,Firefox 118.0,1920x1080,1920x899,Accepted,,0,rsl experimental trials list1,26,rsl_list1,Not on phone,,Accepted,rsl_list1,45,match,Screen 4,9wlxvm,4,response,match,2190.859999999986,2183.3399999999674,2190.859999999986,2190.859999999986,2183.3399999999674,2190.859999999986,1,2190.859999999986,0,0,,Keyboard Response,Keyboard Response,6,object-183,match,Children 2.jpg,28.mp4,different,same,target,children,28,1,,,
449,1696596067141,06/10/2023 12:41:07,1696606867141,3,06/10/2023 18:41:07,142916,13,task-3k5q,,32071791,nk2u0tdp,9483878,,complete,,,computer,Desktop or Laptop,Windows 10,Firefox 118.0,1920x1080,1920x899,Accepted,,0,rsl experimental trials list1,26,rsl_list1,Not on phone,,Accepted,rsl_list1,45,nomatch,Screen 1,8mz8sc,1,continue,,500,500,500,500,500,500,1,500,0,0,,Fixation Timing,,1,object-186,nomatch,Storage 1.jpg,73.mp4,different,different,foil,na,73,1,,,
450,1696596068141,06/10/2023 12:41:08,1696606868141,3,06/10/2023 18:41:08,142916,13,task-3k5q,,32071791,nk2u0tdp,9483878,,complete,,,computer,Desktop or Laptop,Windows 10,Firefox 118.0,1920x1080,1920x899,Accepted,,0,rsl experimental trials list1,26,rsl_list1,Not on phone,,Accepted,rsl_list1,45,nomatch,Screen 2,zhfxqk,2,timedOut,,1002.5200000000186,1000,1002.5200000000186,1002.5200000000186,1000,1002.5200000000186,0,1002.5200000000186,0,0,,Time Limit,screen,0,screen,nomatch,Storage 1.jpg,73.mp4,different,different,foil,na,73,1,,,
451,1696596068441,06/10/2023 12:41:08,1696606868441,3,06/10/2023 18:41:08,142916,13,task-3k5q,,32071791,nk2u0tdp,9483878,,complete,,,computer,Desktop or Laptop,Windows 10,Firefox 118.0,1920x1080,1920x899,Accepted,,0,rsl experimental trials list1,26,rsl_list1,Not on phone,,Accepted,rsl_list1,45,nomatch,Screen 3,d73ena,3,timedOut,,302.5200000000186,300,302.5200000000186,302.5200000000186,300,302.5200000000186,1,302.5200000000186,0,0,,Time Limit,screen,0,screen,nomatch,Storage 1.jpg,73.mp4,different,different,foil,na,73,1,,,
452,1696596068749,06/10/2023 12:41:08,1696606868749,3,06/10/2023 18:41:08,142916,13,task-3k5q,,32071791,nk2u0tdp,9483878,,complete,,,computer,Desktop or Laptop,Windows 10,Firefox 118.0,1920x1080,1920x899,Accepted,,0,rsl experimental trials list1,26,rsl_list1,Not on phone,,Accepted,rsl_list1,45,nomatch,Screen 4,kfk7dt,4,info,Video start,57.90000000001862,51.640000000130385,57.90000000001862,57.90000000001862,51.640000000130385,57.90000000001862,0,57.90000000001862,0,0,,Video,video,1,object-204,nomatch,Storage 1.jpg,73.mp4,different,different,foil,na,73,1,,,
453,1696596071079,06/10/2023 12:41:11,1696606871079,3,06/10/2023 18:41:11,142916,13,task-3k5q,,32071791,nk2u0tdp,9483878,,complete,,,computer,Desktop or Laptop,Windows 10,Firefox 118.0,1920x1080,1920x899,Accepted,,0,rsl experimental trials list1,26,rsl_list1,Not on phone,,Accepted,rsl_list1,45,nomatch,Screen 4,kfk7dt,4,response,nomatch,2639.5200000000186,2635.1600000000326,2639.5200000000186,2639.5200000000186,2635.1600000000326,2639.5200000000186,0,2639.5200000000186,0,0,,Keyboard Response,Keyboard Response,6,object-209,nomatch,Storage 1.jpg,73.mp4,different,different,foil,na,73,1,,,
454,1696596071576,06/10/2023 12:41:11,1696606871576,3,06/10/2023 18:41:11,142916,13,task-3k5q,,32071791,nk2u0tdp,9483878,,complete,,,computer,Desktop or Laptop,Windows 10,Firefox 118.0,1920x1080,1920x899,Accepted,,0,rsl experimental trials list1,26,rsl_list1,Not on phone,,Accepted,rsl_list1,46,match,Screen 1,nmofvp,1,continue,,500,500,500,500,500,500,1,500,0,0,,Fixation Timing,,1,object-167,match,Cigar 2.jpg,30.mp4,different,same,target,cigar,30,1,,,
455,1696596072576,06/10/2023 12:41:12,1696606872576,3,06/10/2023 18:41:12,142916,13,task-3k5q,,32071791,nk2u0tdp,9483878,,complete,,,computer,Desktop or Laptop,Windows 10,Firefox 118.0,1920x1080,1920x899,Accepted,,0,rsl experimental trials list1,26,rsl_list1,Not on phone,,Accepted,rsl_list1,46,match,Screen 2,pevo7u,2,timedOut,,1001.359999999986,1000,1001.359999999986,1001.359999999986,1000,1001.359999999986,0,1001.359999999986,0,0,,Time Limit,screen,0,screen,match,Cigar 2.jpg,30.mp4,different,same,target,cigar,30,1,,,
456,1696596072875,06/10/2023 12:41:12,1696606872875,3,06/10/2023 18:41:12,142916,13,task-3k5q,,32071791,nk2u0tdp,9483878,,complete,,,computer,Desktop or Laptop,Windows 10,Firefox 118.0,1920x1080,1920x899,Accepted,,0,rsl experimental trials list1,26,rsl_list1,Not on phone,,Accepted,rsl_list1,46,match,Screen 3,z1irvt,3,timedOut,,302.35999999998603,300,302.35999999998603,302.35999999998603,300,302.35999999998603,1,302.35999999998603,0,0,,Time Limit,screen,0,screen,match,Cigar 2.jpg,30.mp4,different,same,target,cigar,30,1,,,
457,1696596073195,06/10/2023 12:41:13,1696606873195,3,06/10/2023 18:41:13,142916,13,task-3k5q,,32071791,nk2u0tdp,9483878,,complete,,,computer,Desktop or Laptop,Windows 10,Firefox 118.0,1920x1080,1920x899,Accepted,,0,rsl experimental trials list1,26,rsl_list1,Not on phone,,Accepted,rsl_list1,46,match,Screen 4,9wlxvm,4,info,Video start,68.88799999998605,66.48000000009779,68.88799999998605,68.88799999998605,66.48000000009779,68.88799999998605,1,68.88799999998605,0,0,,Video,video,1,object-178,match,Cigar 2.jpg,30.mp4,different,same,target,cigar,30,1,,,
458,1696596074895,06/10/2023 12:41:14,1696606874895,3,06/10/2023 18:41:14,142916,13,task-3k5q,,32071791,nk2u0tdp,9483878,,complete,,,computer,Desktop or Laptop,Windows 10,Firefox 118.0,1920x1080,1920x899,Accepted,,0,rsl experimental trials list1,26,rsl_list1,Not on phone,,Accepted,rsl_list1,46,match,Screen 4,9wlxvm,4,response,match,2021.359999999986,2018.4599999999627,2021.359999999986,2021.359999999986,2018.4599999999627,2021.359999999986,1,2021.359999999986,0,0,,Keyboard Response,Keyboard Response,6,object-183,match,Cigar 2.jpg,30.mp4,different,same,target,cigar,30,1,,,
459,1696596075393,06/10/2023 12:41:15,1696606875393,3,06/10/2023 18:41:15,142916,13,task-3k5q,,32071791,nk2u0tdp,9483878,,complete,,,computer,Desktop or Laptop,Windows 10,Firefox 118.0,1920x1080,1920x899,Accepted,,0,rsl experimental trials list1,26,rsl_list1,Not on phone,,Accepted,rsl_list1,46,nomatch,Screen 1,8mz8sc,1,continue,,500,500,500,500,500,500,1,500,0,0,,Fixation Timing,,1,object-186,nomatch,Sail 1.jpg,66.mp4,different,different,foil,na,66,1,,,
460,1696596076394,06/10/2023 12:41:16,1696606876394,3,06/10/2023 18:41:16,142916,13,task-3k5q,,32071791,nk2u0tdp,9483878,,complete,,,computer,Desktop or Laptop,Windows 10,Firefox 118.0,1920x1080,1920x899,Accepted,,0,rsl experimental trials list1,26,rsl_list1,Not on phone,,Accepted,rsl_list1,46,nomatch,Screen 2,zhfxqk,2,timedOut,,1000.9000000000233,1000,1000.9000000000233,1000.9000000000233,1000,1000.9000000000233,0,1000.9000000000233,0,0,,Time Limit,screen,0,screen,nomatch,Sail 1.jpg,66.mp4,different,different,foil,na,66,1,,,
461,1696596076693,06/10/2023 12:41:16,1696606876693,3,06/10/2023 18:41:16,142916,13,task-3k5q,,32071791,nk2u0tdp,9483878,,complete,,,computer,Desktop or Laptop,Windows 10,Firefox 118.0,1920x1080,1920x899,Accepted,,0,rsl experimental trials list1,26,rsl_list1,Not on phone,,Accepted,rsl_list1,46,nomatch,Screen 3,d73ena,3,timedOut,,301.9000000000233,300,301.9000000000233,301.9000000000233,300,301.9000000000233,1,301.9000000000233,0,0,,Time Limit,screen,0,screen,nomatch,Sail 1.jpg,66.mp4,different,different,foil,na,66,1,,,
462,1696596076993,06/10/2023 12:41:16,1696606876993,3,06/10/2023 18:41:16,142916,13,task-3k5q,,32071791,nk2u0tdp,9483878,,complete,,,computer,Desktop or Laptop,Windows 10,Firefox 118.0,1920x1080,1920x899,Accepted,,0,rsl experimental trials list1,26,rsl_list1,Not on phone,,Accepted,rsl_list1,46,nomatch,Screen 4,kfk7dt,4,info,Video start,50.080000000365544,33.420000000391155,50.080000000365544,50.080000000365544,33.420000000391155,50.080000000365544,0,50.080000000365544,0,0,,Video,video,1,object-204,nomatch,Sail 1.jpg,66.mp4,different,different,foil,na,66,1,,,
463,1696596079415,06/10/2023 12:41:19,1696606879415,3,06/10/2023 18:41:19,142916,13,task-3k5q,,32071791,nk2u0tdp,9483878,,complete,,,computer,Desktop or Laptop,Windows 10,Firefox 118.0,1920x1080,1920x899,Accepted,,0,rsl experimental trials list1,26,rsl_list1,Not on phone,,Accepted,rsl_list1,46,nomatch,Screen 4,kfk7dt,4,response,nomatch,2721.9000000000233,2716.6600000000326,2721.9000000000233,2721.9000000000233,2716.6600000000326,2721.9000000000233,0,2721.9000000000233,0,0,,Keyboard Response,Keyboard Response,6,object-209,nomatch,Sail 1.jpg,66.mp4,different,different,foil,na,66,1,,,
464,1696596079911,06/10/2023 12:41:19,1696606879911,3,06/10/2023 18:41:19,142916,13,task-3k5q,,32071791,nk2u0tdp,9483878,,complete,,,computer,Desktop or Laptop,Windows 10,Firefox 118.0,1920x1080,1920x899,Accepted,,0,rsl experimental trials list1,26,rsl_list1,Not on phone,,Accepted,rsl_list1,47,nomatch,Screen 1,8mz8sc,1,continue,,500,500,500,500,500,500,1,500,0,0,,Fixation Timing,,1,object-186,nomatch,Flower 2.jpg,81.mp4,same,different,foil,na,81,1,,,
465,1696596080912,06/10/2023 12:41:20,1696606880912,3,06/10/2023 18:41:20,142916,13,task-3k5q,,32071791,nk2u0tdp,9483878,,complete,,,computer,Desktop or Laptop,Windows 10,Firefox 118.0,1920x1080,1920x899,Accepted,,0,rsl experimental trials list1,26,rsl_list1,Not on phone,,Accepted,rsl_list1,47,nomatch,Screen 2,zhfxqk,2,timedOut,,1002.2399999999907,1001.9599999999627,1002.2399999999907,1002.2399999999907,1001.9599999999627,1002.2399999999907,0,1002.2399999999907,0,0,,Time Limit,screen,0,screen,nomatch,Flower 2.jpg,81.mp4,same,different,foil,na,81,1,,,
466,1696596081211,06/10/2023 12:41:21,1696606881211,3,06/10/2023 18:41:21,142916,13,task-3k5q,,32071791,nk2u0tdp,9483878,,complete,,,computer,Desktop or Laptop,Windows 10,Firefox 118.0,1920x1080,1920x899,Accepted,,0,rsl experimental trials list1,26,rsl_list1,Not on phone,,Accepted,rsl_list1,47,nomatch,Screen 3,d73ena,3,timedOut,,301.28000000002794,300,301.28000000002794,301.28000000002794,300,301.28000000002794,1,301.28000000002794,0,0,,Time Limit,screen,0,screen,nomatch,Flower 2.jpg,81.mp4,same,different,foil,na,81,1,,,
467,1696596081546,06/10/2023 12:41:21,1696606881546,3,06/10/2023 18:41:21,142916,13,task-3k5q,,32071791,nk2u0tdp,9483878,,complete,,,computer,Desktop or Laptop,Windows 10,Firefox 118.0,1920x1080,1920x899,Accepted,,0,rsl experimental trials list1,26,rsl_list1,Not on phone,,Accepted,rsl_list1,47,nomatch,Screen 4,kfk7dt,4,info,Video start,183.22000000008848,183.22000000008848,183.22000000008848,183.22000000008848,183.22000000008848,183.22000000008848,0,183.22000000008848,0,0,,Video,video,1,object-204,nomatch,Flower 2.jpg,81.mp4,same,different,foil,na,81,1,,,
468,1696596083664,06/10/2023 12:41:23,1696606883664,3,06/10/2023 18:41:23,142916,13,task-3k5q,,32071791,nk2u0tdp,9483878,,complete,,,computer,Desktop or Laptop,Windows 10,Firefox 118.0,1920x1080,1920x899,Accepted,,0,rsl experimental trials list1,26,rsl_list1,Not on phone,,Accepted,rsl_list1,47,nomatch,Screen 4,kfk7dt,4,response,nomatch,2452.280000000028,2450,2452.280000000028,2452.280000000028,2450,2452.280000000028,0,2452.280000000028,0,0,,Keyboard Response,Keyboard Response,6,object-209,nomatch,Flower 2.jpg,81.mp4,same,different,foil,na,81,1,,,
469,1696596084163,06/10/2023 12:41:24,1696606884163,3,06/10/2023 18:41:24,142916,13,task-3k5q,,32071791,nk2u0tdp,9483878,,complete,,,computer,Desktop or Laptop,Windows 10,Firefox 118.0,1920x1080,1920x899,Accepted,,0,rsl experimental trials list1,26,rsl_list1,Not on phone,,Accepted,rsl_list1,47,match,Screen 1,nmofvp,1,continue,,500,500,500,500,500,500,1,500,0,0,,Fixation Timing,,1,object-167,match,Show 1.jpg,19.mp4,different,same,target,show,19,1,,,
470,1696596085162,06/10/2023 12:41:25,1696606885162,3,06/10/2023 18:41:25,142916,13,task-3k5q,,32071791,nk2u0tdp,9483878,,complete,,,computer,Desktop or Laptop,Windows 10,Firefox 118.0,1920x1080,1920x899,Accepted,,0,rsl experimental trials list1,26,rsl_list1,Not on phone,,Accepted,rsl_list1,47,match,Screen 2,pevo7u,2,timedOut,,1001.2800000000279,1000,1001.2800000000279,1001.2800000000279,1000,1001.2800000000279,0,1001.2800000000279,0,0,,Time Limit,screen,0,screen,match,Show 1.jpg,19.mp4,different,same,target,show,19,1,,,
471,1696596085463,06/10/2023 12:41:25,1696606885463,3,06/10/2023 18:41:25,142916,13,task-3k5q,,32071791,nk2u0tdp,9483878,,complete,,,computer,Desktop or Laptop,Windows 10,Firefox 118.0,1920x1080,1920x899,Accepted,,0,rsl experimental trials list1,26,rsl_list1,Not on phone,,Accepted,rsl_list1,47,match,Screen 3,z1irvt,3,timedOut,,302.28000000002794,300,302.28000000002794,302.28000000002794,300,302.28000000002794,1,302.28000000002794,0,0,,Time Limit,screen,0,screen,match,Show 1.jpg,19.mp4,different,same,target,show,19,1,,,
472,1696596085792,06/10/2023 12:41:25,1696606885792,3,06/10/2023 18:41:25,142916,13,task-3k5q,,32071791,nk2u0tdp,9483878,,complete,,,computer,Desktop or Laptop,Windows 10,Firefox 118.0,1920x1080,1920x899,Accepted,,0,rsl experimental trials list1,26,rsl_list1,Not on phone,,Accepted,rsl_list1,47,match,Screen 4,9wlxvm,4,info,Video start,232.05000000002792,216.69999999983702,232.05000000002792,232.05000000002792,216.69999999983702,232.05000000002792,1,232.05000000002792,0,0,,Video,video,1,object-178,match,Show 1.jpg,19.mp4,different,same,target,show,19,1,,,
473,1696596087855,06/10/2023 12:41:27,1696606887855,3,06/10/2023 18:41:27,142916,13,task-3k5q,,32071791,nk2u0tdp,9483878,,complete,,,computer,Desktop or Laptop,Windows 10,Firefox 118.0,1920x1080,1920x899,Accepted,,0,rsl experimental trials list1,26,rsl_list1,Not on phone,,Accepted,rsl_list1,47,match,Screen 4,9wlxvm,4,response,nomatch,2394.280000000028,2385.2200000000303,2394.280000000028,2394.280000000028,2385.2200000000303,2394.280000000028,1,2394.280000000028,0,0,,Keyboard Response,Keyboard Response,6,object-183,match,Show 1.jpg,19.mp4,different,same,target,show,19,1,,,
474,1696596088347,06/10/2023 12:41:28,1696606888347,3,06/10/2023 18:41:28,142916,13,task-3k5q,,32071791,nk2u0tdp,9483878,,complete,,,computer,Desktop or Laptop,Windows 10,Firefox 118.0,1920x1080,1920x899,Accepted,,0,rsl experimental trials list1,26,rsl_list1,Not on phone,,Accepted,rsl_list1,48,match,Screen 1,nmofvp,1,continue,,500,500,500,500,500,500,1,500,0,0,,Fixation Timing,,1,object-167,match,Lose 2.jpg,41.mp4,different,same,target,lose,41,1,,,
475,1696596089348,06/10/2023 12:41:29,1696606889348,3,06/10/2023 18:41:29,142916,13,task-3k5q,,32071791,nk2u0tdp,9483878,,complete,,,computer,Desktop or Laptop,Windows 10,Firefox 118.0,1920x1080,1920x899,Accepted,,0,rsl experimental trials list1,26,rsl_list1,Not on phone,,Accepted,rsl_list1,48,match,Screen 2,pevo7u,2,timedOut,,1001.0599999999977,1000,1001.0599999999977,1001.0599999999977,1000,1001.0599999999977,0,1001.0599999999977,0,0,,Time Limit,screen,0,screen,match,Lose 2.jpg,41.mp4,different,same,target,lose,41,1,,,
476,1696596089648,06/10/2023 12:41:29,1696606889648,3,06/10/2023 18:41:29,142916,13,task-3k5q,,32071791,nk2u0tdp,9483878,,complete,,,computer,Desktop or Laptop,Windows 10,Firefox 118.0,1920x1080,1920x899,Accepted,,0,rsl experimental trials list1,26,rsl_list1,Not on phone,,Accepted,rsl_list1,48,match,Screen 3,z1irvt,3,timedOut,,301.0599999999977,300,301.0599999999977,301.0599999999977,300,301.0599999999977,1,301.0599999999977,0,0,,Time Limit,screen,0,screen,match,Lose 2.jpg,41.mp4,different,same,target,lose,41,1,,,
477,1696596089976,06/10/2023 12:41:29,1696606889976,3,06/10/2023 18:41:29,142916,13,task-3k5q,,32071791,nk2u0tdp,9483878,,complete,,,computer,Desktop or Laptop,Windows 10,Firefox 118.0,1920x1080,1920x899,Accepted,,0,rsl experimental trials list1,26,rsl_list1,Not on phone,,Accepted,rsl_list1,48,match,Screen 4,9wlxvm,4,info,Video start,222.59499999999767,216.70000000012806,222.59499999999767,222.59499999999767,216.70000000012806,222.59499999999767,1,222.59499999999767,0,0,,Video,video,1,object-178,match,Lose 2.jpg,41.mp4,different,same,target,lose,41,1,,,
478,1696596091590,06/10/2023 12:41:31,1696606891590,3,06/10/2023 18:41:31,142916,13,task-3k5q,,32071791,nk2u0tdp,9483878,,complete,,,computer,Desktop or Laptop,Windows 10,Firefox 118.0,1920x1080,1920x899,Accepted,,0,rsl experimental trials list1,26,rsl_list1,Not on phone,,Accepted,rsl_list1,48,match,Screen 4,9wlxvm,4,response,nomatch,1944.0599999999977,1933.3400000000256,1944.0599999999977,1944.0599999999977,1933.3400000000256,1944.0599999999977,1,1944.0599999999977,0,0,,Keyboard Response,Keyboard Response,6,object-183,match,Lose 2.jpg,41.mp4,different,same,target,lose,41,1,,,
479,1696596092082,06/10/2023 12:41:32,1696606892082,3,06/10/2023 18:41:32,142916,13,task-3k5q,,32071791,nk2u0tdp,9483878,,complete,,,computer,Desktop or Laptop,Windows 10,Firefox 118.0,1920x1080,1920x899,Accepted,,0,rsl experimental trials list1,26,rsl_list1,Not on phone,,Accepted,rsl_list1,48,nomatch,Screen 1,8mz8sc,1,continue,,500,500,500,500,500,500,1,500,0,0,,Fixation Timing,,1,object-186,nomatch,Paint 1.jpg,90.mp4,different,different,foil,na,90,1,,,
480,1696596093082,06/10/2023 12:41:33,1696606893082,3,06/10/2023 18:41:33,142916,13,task-3k5q,,32071791,nk2u0tdp,9483878,,complete,,,computer,Desktop or Laptop,Windows 10,Firefox 118.0,1920x1080,1920x899,Accepted,,0,rsl experimental trials list1,26,rsl_list1,Not on phone,,Accepted,rsl_list1,48,nomatch,Screen 2,zhfxqk,2,timedOut,,1002.7199999999721,1002.0599999999977,1002.7199999999721,1002.7199999999721,1002.0599999999977,1002.7199999999721,0,1002.7199999999721,0,0,,Time Limit,screen,0,screen,nomatch,Paint 1.jpg,90.mp4,different,different,foil,na,90,1,,,
481,1696596093382,06/10/2023 12:41:33,1696606893382,3,06/10/2023 18:41:33,142916,13,task-3k5q,,32071791,nk2u0tdp,9483878,,complete,,,computer,Desktop or Laptop,Windows 10,Firefox 118.0,1920x1080,1920x899,Accepted,,0,rsl experimental trials list1,26,rsl_list1,Not on phone,,Accepted,rsl_list1,48,nomatch,Screen 3,d73ena,3,timedOut,,300.6599999999744,299.9199999999837,300.6599999999744,300.6599999999744,299.9199999999837,300.6599999999744,1,300.6599999999744,0,0,,Time Limit,screen,0,screen,nomatch,Paint 1.jpg,90.mp4,different,different,foil,na,90,1,,,
482,1696596093704,06/10/2023 12:41:33,1696606893704,3,06/10/2023 18:41:33,142916,13,task-3k5q,,32071791,nk2u0tdp,9483878,,complete,,,computer,Desktop or Laptop,Windows 10,Firefox 118.0,1920x1080,1920x899,Accepted,,0,rsl experimental trials list1,26,rsl_list1,Not on phone,,Accepted,rsl_list1,48,nomatch,Screen 4,kfk7dt,4,info,Video start,73.9749999999907,66.76000000035856,73.9749999999907,73.9749999999907,66.76000000035856,73.9749999999907,0,73.9749999999907,0,0,,Video,video,1,object-204,nomatch,Paint 1.jpg,90.mp4,different,different,foil,na,90,1,,,
483,1696596095351,06/10/2023 12:41:35,1696606895351,3,06/10/2023 18:41:35,142916,13,task-3k5q,,32071791,nk2u0tdp,9483878,,complete,,,computer,Desktop or Laptop,Windows 10,Firefox 118.0,1920x1080,1920x899,Accepted,,0,rsl experimental trials list1,26,rsl_list1,Not on phone,,Accepted,rsl_list1,48,nomatch,Screen 4,kfk7dt,4,response,nomatch,1968.7399999999907,1966.6599999999744,1968.7399999999907,1968.7399999999907,1966.6599999999744,1968.7399999999907,0,1968.7399999999907,0,0,,Keyboard Response,Keyboard Response,6,object-209,nomatch,Paint 1.jpg,90.mp4,different,different,foil,na,90,1,,,
484,1696596098442,06/10/2023 12:41:38,1696606898442,3,06/10/2023 18:41:38,142916,13,task-3k5q,,32071791,nk2u0tdp,9483878,,complete,,,computer,Desktop or Laptop,Windows 10,Firefox 118.0,1920x1080,1920x899,Accepted,,0,rsl experimental trials list1,26,rsl_list1,Not on phone,,Accepted,rsl_list1,1,end,Screen 1,na3nj2,1,continue,,3094.0800000000163,3083.3400000000256,3094.0800000000163,3094.0800000000163,3083.3400000000256,3094.0800000000163,1,3094.0800000000163,0,0,,Click To Continue,End button,2,object-122,end,,,,,,,,,,,
485,1696596098444,06/10/2023 12:41:38,1696606898444,3,06/10/2023 18:41:38,142916,13,task-3k5q,,32071791,nk2u0tdp,9483878,,complete,,,computer,Desktop or Laptop,Windows 10,Firefox 118.0,1920x1080,1920x899,Accepted,,0,rsl experimental trials list1,26,rsl_list1,Not on phone,,Accepted,rsl_list1,,,,,,5,END,,,,,,,0,,,,,,,,,,,,,,,,,,,,
END OF FILE
