Event Index,UTC Timestamp,UTC Date and Time,Local Timestamp,Local Timezone,Local Date and Time,Experiment ID,Experiment Version,Tree Node Key,Repeat Key,Schedule ID,Participant Public ID,Participant Private ID,Participant Starting Group,Participant Status,Participant Completion Code,Participant External Session ID,Participant Device Type,Participant Device,Participant OS,Participant Browser,Participant Monitor Size,Participant Viewport Size,Checkpoint,Room ID,Room Order,Task Name,Task Version,randomiser-j45v,branch-cyxv,checkpoint-t1lc,checkpoint-isbn,Spreadsheet,Trial Number,Display,Screen,Screen ID,Screen Counter,Response Type,Response,Onset Time,Clock Time,Reaction Time,Absolute Onset Time,Absolute Clock Time,Absolute Reaction Time,Correct,Response Onset,Response Duration,Proportion,Tag,Component Name,Object Name,Object Number,Object ID,Spreadsheet: display,Spreadsheet: picture,Spreadsheet: video,Spreadsheet: condition,Spreadsheet: correct,Spreadsheet: trial,Spreadsheet: item,Spreadsheet: index,Spreadsheet: randomise_trials,Manipulation: Spreadsheet,Store: correct,Store: total
1,1696433384798,04/10/2023 15:29:44,1696444184798,3,04/10/2023 21:29:44,142916,11,task-tfo5,,32033764,qkorrllg,9473775,,complete,,,computer,Desktop or Laptop,Windows 7,Firefox 115.0,1920x1080,1920x927,Accepted,,0,rsl experimental trials list2,17,rsl_list2,Not on phone,,Accepted,rsl_list2,,,,,,5,BEGIN,,,,,,,0,,,,,,,,,,,,,,,,,,,,
2,1696433391666,04/10/2023 15:29:51,1696444191666,3,04/10/2023 21:29:51,142916,11,task-tfo5,,32033764,qkorrllg,9473775,,complete,,,computer,Desktop or Laptop,Windows 7,Firefox 115.0,1920x1080,1920x927,Accepted,,0,rsl experimental trials list2,17,rsl_list2,Not on phone,,Accepted,rsl_list2,1,instructions,Screen 1,9upwou,1,info,Video start,5163.34,5149.82,5163.34,5163.34,5149.82,5163.34,1,5163.34,0,0,,Video,Experimental instructions,3,object-161,instructions,,,,,,,,,,,
3,1696433426691,04/10/2023 15:30:26,1696444226691,3,04/10/2023 21:30:26,142916,11,task-tfo5,,32033764,qkorrllg,9473775,,complete,,,computer,Desktop or Laptop,Windows 7,Firefox 115.0,1920x1080,1920x927,Accepted,,0,rsl experimental trials list2,17,rsl_list2,Not on phone,,Accepted,rsl_list2,1,instructions,Screen 1,9upwou,1,continue,,40189.36,40181.92,40189.36,40189.36,40181.92,40189.36,1,40189.36,0,0,,Space To Continue,Continue Button,2,object-48,instructions,,,,,,,,,,,
4,1696433426698,04/10/2023 15:30:26,1696444226698,3,04/10/2023 21:30:26,142916,11,task-tfo5,,32033764,qkorrllg,9473775,,complete,,,computer,Desktop or Laptop,Windows 7,Firefox 115.0,1920x1080,1920x927,Accepted,,0,rsl experimental trials list2,17,rsl_list2,Not on phone,,Accepted,rsl_list2,1,instructions,Screen 1,9upwou,1,continue,,40197.36,40181.92,40197.36,40197.36,40181.92,40197.36,1,40197.36,0,0,,Space To Continue,Continue Button,2,object-48,instructions,,,,,,,,,,,
5,1696433427183,04/10/2023 15:30:27,1696444227183,3,04/10/2023 21:30:27,142916,11,task-tfo5,,32033764,qkorrllg,9473775,,complete,,,computer,Desktop or Laptop,Windows 7,Firefox 115.0,1920x1080,1920x927,Accepted,,0,rsl experimental trials list2,17,rsl_list2,Not on phone,,Accepted,rsl_list2,1,nomatch,Screen 1,8mz8sc,1,continue,,499.6200000000026,499.6200000000026,499.6200000000026,499.6200000000026,499.6200000000026,499.6200000000026,1,499.6200000000026,0,0,,Fixation Timing,,1,object-186,nomatch,Take 1.jpg,93.mp4,different,different,foil,na,93,1,,,
6,1696433428183,04/10/2023 15:30:28,1696444228183,3,04/10/2023 21:30:28,142916,11,task-tfo5,,32033764,qkorrllg,9473775,,complete,,,computer,Desktop or Laptop,Windows 7,Firefox 115.0,1920x1080,1920x927,Accepted,,0,rsl experimental trials list2,17,rsl_list2,Not on phone,,Accepted,rsl_list2,1,nomatch,Screen 2,zhfxqk,2,timedOut,,1000.8199999999997,1000.2799999999988,1000.8199999999997,1000.8199999999997,1000.2799999999988,1000.8199999999997,0,1000.8199999999997,0,0,,Time Limit,screen,0,screen,nomatch,Take 1.jpg,93.mp4,different,different,foil,na,93,1,,,
7,1696433428482,04/10/2023 15:30:28,1696444228482,3,04/10/2023 21:30:28,142916,11,task-tfo5,,32033764,qkorrllg,9473775,,complete,,,computer,Desktop or Laptop,Windows 7,Firefox 115.0,1920x1080,1920x927,Accepted,,0,rsl experimental trials list2,17,rsl_list2,Not on phone,,Accepted,rsl_list2,1,nomatch,Screen 3,d73ena,3,timedOut,,300.5400000000009,300,300.5400000000009,300.5400000000009,300,300.5400000000009,1,300.5400000000009,0,0,,Time Limit,screen,0,screen,nomatch,Take 1.jpg,93.mp4,different,different,foil,na,93,1,,,
8,1696433428862,04/10/2023 15:30:28,1696444228862,3,04/10/2023 21:30:28,142916,11,task-tfo5,,32033764,qkorrllg,9473775,,complete,,,computer,Desktop or Laptop,Windows 7,Firefox 115.0,1920x1080,1920x927,Accepted,,0,rsl experimental trials list2,17,rsl_list2,Not on phone,,Accepted,rsl_list2,1,nomatch,Screen 4,kfk7dt,4,info,Video start,139.91500000000087,133.4199999999546,139.91500000000087,139.91500000000087,133.4199999999546,139.91500000000087,0,139.91500000000087,0,0,,Video,video,1,object-204,nomatch,Take 1.jpg,93.mp4,different,different,foil,na,93,1,,,
9,1696433436174,04/10/2023 15:30:36,1696444236174,3,04/10/2023 21:30:36,142916,11,task-tfo5,,32033764,qkorrllg,9473775,,complete,,,computer,Desktop or Laptop,Windows 7,Firefox 115.0,1920x1080,1920x927,Accepted,,0,rsl experimental trials list2,17,rsl_list2,Not on phone,,Accepted,rsl_list2,1,nomatch,Screen 4,kfk7dt,4,response,nomatch,7692.540000000001,7683.0999999999985,7692.540000000001,7692.540000000001,7683.0999999999985,7692.540000000001,0,7692.540000000001,0,0,,Keyboard Response,Keyboard Response,6,object-209,nomatch,Take 1.jpg,93.mp4,different,different,foil,na,93,1,,,
10,1696433436666,04/10/2023 15:30:36,1696444236666,3,04/10/2023 21:30:36,142916,11,task-tfo5,,32033764,qkorrllg,9473775,,complete,,,computer,Desktop or Laptop,Windows 7,Firefox 115.0,1920x1080,1920x927,Accepted,,0,rsl experimental trials list2,17,rsl_list2,Not on phone,,Accepted,rsl_list2,2,nomatch,Screen 1,8mz8sc,1,continue,,499.90000000000146,499.90000000000146,499.90000000000146,499.90000000000146,499.90000000000146,499.90000000000146,1,499.90000000000146,0,0,,Fixation Timing,,1,object-186,nomatch,Doll 2.jpg,52.mp4,different,different,foil,na,52,1,,,
11,1696433437666,04/10/2023 15:30:37,1696444237666,3,04/10/2023 21:30:37,142916,11,task-tfo5,,32033764,qkorrllg,9473775,,complete,,,computer,Desktop or Laptop,Windows 7,Firefox 115.0,1920x1080,1920x927,Accepted,,0,rsl experimental trials list2,17,rsl_list2,Not on phone,,Accepted,rsl_list2,2,nomatch,Screen 2,zhfxqk,2,timedOut,,1000.5400000000009,1000,1000.5400000000009,1000.5400000000009,1000,1000.5400000000009,0,1000.5400000000009,0,0,,Time Limit,screen,0,screen,nomatch,Doll 2.jpg,52.mp4,different,different,foil,na,52,1,,,
12,1696433437966,04/10/2023 15:30:37,1696444237966,3,04/10/2023 21:30:37,142916,11,task-tfo5,,32033764,qkorrllg,9473775,,complete,,,computer,Desktop or Laptop,Windows 7,Firefox 115.0,1920x1080,1920x927,Accepted,,0,rsl experimental trials list2,17,rsl_list2,Not on phone,,Accepted,rsl_list2,2,nomatch,Screen 3,d73ena,3,timedOut,,300.5400000000009,300,300.5400000000009,300.5400000000009,300,300.5400000000009,1,300.5400000000009,0,0,,Time Limit,screen,0,screen,nomatch,Doll 2.jpg,52.mp4,different,different,foil,na,52,1,,,
13,1696433438331,04/10/2023 15:30:38,1696444238331,3,04/10/2023 21:30:38,142916,11,task-tfo5,,32033764,qkorrllg,9473775,,complete,,,computer,Desktop or Laptop,Windows 7,Firefox 115.0,1920x1080,1920x927,Accepted,,0,rsl experimental trials list2,17,rsl_list2,Not on phone,,Accepted,rsl_list2,2,nomatch,Screen 4,kfk7dt,4,info,Video start,125.43300000000087,116.75999999995838,125.43300000000087,125.43300000000087,116.75999999995838,125.43300000000087,0,125.43300000000087,0,0,,Video,video,1,object-204,nomatch,Doll 2.jpg,52.mp4,different,different,foil,na,52,1,,,
14,1696433442358,04/10/2023 15:30:42,1696444242358,3,04/10/2023 21:30:42,142916,11,task-tfo5,,32033764,qkorrllg,9473775,,complete,,,computer,Desktop or Laptop,Windows 7,Firefox 115.0,1920x1080,1920x927,Accepted,,0,rsl experimental trials list2,17,rsl_list2,Not on phone,,Accepted,rsl_list2,2,nomatch,Screen 4,kfk7dt,4,response,nomatch,4393.540000000001,4383.200000000004,4393.540000000001,4393.540000000001,4383.200000000004,4393.540000000001,0,4393.540000000001,0,0,,Keyboard Response,Keyboard Response,6,object-209,nomatch,Doll 2.jpg,52.mp4,different,different,foil,na,52,1,,,
15,1696433442849,04/10/2023 15:30:42,1696444242849,3,04/10/2023 21:30:42,142916,11,task-tfo5,,32033764,qkorrllg,9473775,,complete,,,computer,Desktop or Laptop,Windows 7,Firefox 115.0,1920x1080,1920x927,Accepted,,0,rsl experimental trials list2,17,rsl_list2,Not on phone,,Accepted,rsl_list2,1,match,Screen 1,nmofvp,1,continue,,499.8999999999942,499.8999999999942,499.8999999999942,499.8999999999942,499.8999999999942,499.8999999999942,1,499.8999999999942,0,0,,Fixation Timing,,1,object-167,match,Show 2.jpg,19.mp4,different,same,target,show,19,1,,,
16,1696433443849,04/10/2023 15:30:43,1696444243849,3,04/10/2023 21:30:43,142916,11,task-tfo5,,32033764,qkorrllg,9473775,,complete,,,computer,Desktop or Laptop,Windows 7,Firefox 115.0,1920x1080,1920x927,Accepted,,0,rsl experimental trials list2,17,rsl_list2,Not on phone,,Accepted,rsl_list2,1,match,Screen 2,pevo7u,2,timedOut,,1000,1000,1000,1000,1000,1000,0,1000,0,0,,Time Limit,screen,0,screen,match,Show 2.jpg,19.mp4,different,same,target,show,19,1,,,
17,1696433444149,04/10/2023 15:30:44,1696444244149,3,04/10/2023 21:30:44,142916,11,task-tfo5,,32033764,qkorrllg,9473775,,complete,,,computer,Desktop or Laptop,Windows 7,Firefox 115.0,1920x1080,1920x927,Accepted,,0,rsl experimental trials list2,17,rsl_list2,Not on phone,,Accepted,rsl_list2,1,match,Screen 3,z1irvt,3,timedOut,,300.4400000000023,300,300.4400000000023,300.4400000000023,300,300.4400000000023,1,300.4400000000023,0,0,,Time Limit,screen,0,screen,match,Show 2.jpg,19.mp4,different,same,target,show,19,1,,,
18,1696433444512,04/10/2023 15:30:44,1696444244512,3,04/10/2023 21:30:44,142916,11,task-tfo5,,32033764,qkorrllg,9473775,,complete,,,computer,Desktop or Laptop,Windows 7,Firefox 115.0,1920x1080,1920x927,Accepted,,0,rsl experimental trials list2,17,rsl_list2,Not on phone,,Accepted,rsl_list2,1,match,Screen 4,9wlxvm,4,info,Video start,123.22600000000233,116.7599999999511,123.22600000000233,123.22600000000233,116.7599999999511,123.22600000000233,1,123.22600000000233,0,0,,Video,video,1,object-178,match,Show 2.jpg,19.mp4,different,same,target,show,19,1,,,
19,1696433449658,04/10/2023 15:30:49,1696444249658,3,04/10/2023 21:30:49,142916,11,task-tfo5,,32033764,qkorrllg,9473775,,complete,,,computer,Desktop or Laptop,Windows 7,Firefox 115.0,1920x1080,1920x927,Accepted,,0,rsl experimental trials list2,17,rsl_list2,Not on phone,,Accepted,rsl_list2,1,match,Screen 4,9wlxvm,4,response,match,5507.440000000002,5499.760000000009,5507.440000000002,5507.440000000002,5499.760000000009,5507.440000000002,1,5507.440000000002,0,0,,Keyboard Response,Keyboard Response,6,object-183,match,Show 2.jpg,19.mp4,different,same,target,show,19,1,,,
20,1696433450148,04/10/2023 15:30:50,1696444250148,3,04/10/2023 21:30:50,142916,11,task-tfo5,,32033764,qkorrllg,9473775,,complete,,,computer,Desktop or Laptop,Windows 7,Firefox 115.0,1920x1080,1920x927,Accepted,,0,rsl experimental trials list2,17,rsl_list2,Not on phone,,Accepted,rsl_list2,2,match,Screen 1,nmofvp,1,continue,,499.95999999999185,499.95999999999185,499.95999999999185,499.95999999999185,499.95999999999185,499.95999999999185,1,499.95999999999185,0,0,,Fixation Timing,,1,object-167,match,Choose 1.jpg,17.mp4,different,same,target,choose,17,1,,,
21,1696433451150,04/10/2023 15:30:51,1696444251150,3,04/10/2023 21:30:51,142916,11,task-tfo5,,32033764,qkorrllg,9473775,,complete,,,computer,Desktop or Laptop,Windows 7,Firefox 115.0,1920x1080,1920x927,Accepted,,0,rsl experimental trials list2,17,rsl_list2,Not on phone,,Accepted,rsl_list2,2,match,Screen 2,pevo7u,2,timedOut,,1001.7200000000012,999.9799999999959,1001.7200000000012,1001.7200000000012,999.9799999999959,1001.7200000000012,0,1001.7200000000012,0,0,,Time Limit,screen,0,screen,match,Choose 1.jpg,17.mp4,different,same,target,choose,17,1,,,
22,1696433451448,04/10/2023 15:30:51,1696444251448,3,04/10/2023 21:30:51,142916,11,task-tfo5,,32033764,qkorrllg,9473775,,complete,,,computer,Desktop or Laptop,Windows 7,Firefox 115.0,1920x1080,1920x927,Accepted,,0,rsl experimental trials list2,17,rsl_list2,Not on phone,,Accepted,rsl_list2,2,match,Screen 3,z1irvt,3,timedOut,,300.74000000000524,300,300.74000000000524,300.74000000000524,300,300.74000000000524,1,300.74000000000524,0,0,,Time Limit,screen,0,screen,match,Choose 1.jpg,17.mp4,different,same,target,choose,17,1,,,
23,1696433451804,04/10/2023 15:30:51,1696444251804,3,04/10/2023 21:30:51,142916,11,task-tfo5,,32033764,qkorrllg,9473775,,complete,,,computer,Desktop or Laptop,Windows 7,Firefox 115.0,1920x1080,1920x927,Accepted,,0,rsl experimental trials list2,17,rsl_list2,Not on phone,,Accepted,rsl_list2,2,match,Screen 4,9wlxvm,4,info,Video start,116.76000000015483,116.76000000015483,116.76000000015483,116.76000000015483,116.76000000015483,116.76000000015483,1,116.76000000015483,0,0,,Video,video,1,object-178,match,Choose 1.jpg,17.mp4,different,same,target,choose,17,1,,,
24,1696433454892,04/10/2023 15:30:54,1696444254892,3,04/10/2023 21:30:54,142916,11,task-tfo5,,32033764,qkorrllg,9473775,,complete,,,computer,Desktop or Laptop,Windows 7,Firefox 115.0,1920x1080,1920x927,Accepted,,0,rsl experimental trials list2,17,rsl_list2,Not on phone,,Accepted,rsl_list2,2,match,Screen 4,9wlxvm,4,response,match,3444.7400000000052,3433.220000000001,3444.7400000000052,3444.7400000000052,3433.220000000001,3444.7400000000052,1,3444.7400000000052,0,0,,Keyboard Response,Keyboard Response,6,object-183,match,Choose 1.jpg,17.mp4,different,same,target,choose,17,1,,,
25,1696433455382,04/10/2023 15:30:55,1696444255382,3,04/10/2023 21:30:55,142916,11,task-tfo5,,32033764,qkorrllg,9473775,,complete,,,computer,Desktop or Laptop,Windows 7,Firefox 115.0,1920x1080,1920x927,Accepted,,0,rsl experimental trials list2,17,rsl_list2,Not on phone,,Accepted,rsl_list2,3,match,Screen 1,nmofvp,1,continue,,499.9600000000064,499.9600000000064,499.9600000000064,499.9600000000064,499.9600000000064,499.9600000000064,1,499.9600000000064,0,0,,Fixation Timing,,1,object-167,match,Lose 1.jpg,41.mp4,different,same,target,lose,41,1,,,
26,1696433456381,04/10/2023 15:30:56,1696444256381,3,04/10/2023 21:30:56,142916,11,task-tfo5,,32033764,qkorrllg,9473775,,complete,,,computer,Desktop or Laptop,Windows 7,Firefox 115.0,1920x1080,1920x927,Accepted,,0,rsl experimental trials list2,17,rsl_list2,Not on phone,,Accepted,rsl_list2,3,match,Screen 2,pevo7u,2,timedOut,,1000.5599999999977,1000,1000.5599999999977,1000.5599999999977,1000,1000.5599999999977,0,1000.5599999999977,0,0,,Time Limit,screen,0,screen,match,Lose 1.jpg,41.mp4,different,same,target,lose,41,1,,,
27,1696433456682,04/10/2023 15:30:56,1696444256682,3,04/10/2023 21:30:56,142916,11,task-tfo5,,32033764,qkorrllg,9473775,,complete,,,computer,Desktop or Laptop,Windows 7,Firefox 115.0,1920x1080,1920x927,Accepted,,0,rsl experimental trials list2,17,rsl_list2,Not on phone,,Accepted,rsl_list2,3,match,Screen 3,z1irvt,3,timedOut,,300.5599999999977,300,300.5599999999977,300.5599999999977,300,300.5599999999977,1,300.5599999999977,0,0,,Time Limit,screen,0,screen,match,Lose 1.jpg,41.mp4,different,same,target,lose,41,1,,,
28,1696433457044,04/10/2023 15:30:57,1696444257044,3,04/10/2023 21:30:57,142916,11,task-tfo5,,32033764,qkorrllg,9473775,,complete,,,computer,Desktop or Laptop,Windows 7,Firefox 115.0,1920x1080,1920x927,Accepted,,0,rsl experimental trials list2,17,rsl_list2,Not on phone,,Accepted,rsl_list2,3,match,Screen 4,9wlxvm,4,info,Video start,122.53399999999769,116.47999999989406,122.53399999999769,122.53399999999769,116.47999999989406,122.53399999999769,1,122.53399999999769,0,0,,Video,video,1,object-178,match,Lose 1.jpg,41.mp4,different,same,target,lose,41,1,,,
29,1696433459854,04/10/2023 15:30:59,1696444259854,3,04/10/2023 21:30:59,142916,11,task-tfo5,,32033764,qkorrllg,9473775,,complete,,,computer,Desktop or Laptop,Windows 7,Firefox 115.0,1920x1080,1920x927,Accepted,,0,rsl experimental trials list2,17,rsl_list2,Not on phone,,Accepted,rsl_list2,3,match,Screen 4,9wlxvm,4,response,match,3171.5599999999977,3166.520000000004,3171.5599999999977,3171.5599999999977,3166.520000000004,3171.5599999999977,1,3171.5599999999977,0,0,,Keyboard Response,Keyboard Response,6,object-183,match,Lose 1.jpg,41.mp4,different,same,target,lose,41,1,,,
30,1696433460347,04/10/2023 15:31:00,1696444260347,3,04/10/2023 21:31:00,142916,11,task-tfo5,,32033764,qkorrllg,9473775,,complete,,,computer,Desktop or Laptop,Windows 7,Firefox 115.0,1920x1080,1920x927,Accepted,,0,rsl experimental trials list2,17,rsl_list2,Not on phone,,Accepted,rsl_list2,4,match,Screen 1,nmofvp,1,continue,,500,500,500,500,500,500,1,500,0,0,,Fixation Timing,,1,object-167,match,Paint 1.jpg,42.mp4,different,same,target,paint,42,1,,,
31,1696433461348,04/10/2023 15:31:01,1696444261348,3,04/10/2023 21:31:01,142916,11,task-tfo5,,32033764,qkorrllg,9473775,,complete,,,computer,Desktop or Laptop,Windows 7,Firefox 115.0,1920x1080,1920x927,Accepted,,0,rsl experimental trials list2,17,rsl_list2,Not on phone,,Accepted,rsl_list2,4,match,Screen 2,pevo7u,2,timedOut,,1001.0399999999936,1000,1001.0399999999936,1001.0399999999936,1000,1001.0399999999936,0,1001.0399999999936,0,0,,Time Limit,screen,0,screen,match,Paint 1.jpg,42.mp4,different,same,target,paint,42,1,,,
32,1696433461647,04/10/2023 15:31:01,1696444261647,3,04/10/2023 21:31:01,142916,11,task-tfo5,,32033764,qkorrllg,9473775,,complete,,,computer,Desktop or Laptop,Windows 7,Firefox 115.0,1920x1080,1920x927,Accepted,,0,rsl experimental trials list2,17,rsl_list2,Not on phone,,Accepted,rsl_list2,4,match,Screen 3,z1irvt,3,timedOut,,300.0399999999936,299.8999999999942,300.0399999999936,300.0399999999936,299.8999999999942,300.0399999999936,1,300.0399999999936,0,0,,Time Limit,screen,0,screen,match,Paint 1.jpg,42.mp4,different,same,target,paint,42,1,,,
33,1696433462035,04/10/2023 15:31:02,1696444262035,3,04/10/2023 21:31:02,142916,11,task-tfo5,,32033764,qkorrllg,9473775,,complete,,,computer,Desktop or Laptop,Windows 7,Firefox 115.0,1920x1080,1920x927,Accepted,,0,rsl experimental trials list2,17,rsl_list2,Not on phone,,Accepted,rsl_list2,4,match,Screen 4,9wlxvm,4,info,Video start,142.2159999999994,133.42000000015832,142.2159999999994,142.2159999999994,133.42000000015832,142.2159999999994,1,142.2159999999994,0,0,,Video,video,1,object-178,match,Paint 1.jpg,42.mp4,different,same,target,paint,42,1,,,
34,1696433466109,04/10/2023 15:31:06,1696444266109,3,04/10/2023 21:31:06,142916,11,task-tfo5,,32033764,qkorrllg,9473775,,complete,,,computer,Desktop or Laptop,Windows 7,Firefox 115.0,1920x1080,1920x927,Accepted,,0,rsl experimental trials list2,17,rsl_list2,Not on phone,,Accepted,rsl_list2,4,match,Screen 4,9wlxvm,4,response,nomatch,4461.139999999999,4449.860000000001,4461.139999999999,4461.139999999999,4449.860000000001,4461.139999999999,1,4461.139999999999,0,0,,Keyboard Response,Keyboard Response,6,object-183,match,Paint 1.jpg,42.mp4,different,same,target,paint,42,1,,,
35,1696433466599,04/10/2023 15:31:06,1696444266599,3,04/10/2023 21:31:06,142916,11,task-tfo5,,32033764,qkorrllg,9473775,,complete,,,computer,Desktop or Laptop,Windows 7,Firefox 115.0,1920x1080,1920x927,Accepted,,0,rsl experimental trials list2,17,rsl_list2,Not on phone,,Accepted,rsl_list2,5,match,Screen 1,nmofvp,1,continue,,500,500,500,500,500,500,1,500,0,0,,Fixation Timing,,1,object-167,match,Engagement 1.jpg,2.mp4,different,same,target,engagement,2,1,,,
36,1696433467599,04/10/2023 15:31:07,1696444267599,3,04/10/2023 21:31:07,142916,11,task-tfo5,,32033764,qkorrllg,9473775,,complete,,,computer,Desktop or Laptop,Windows 7,Firefox 115.0,1920x1080,1920x927,Accepted,,0,rsl experimental trials list2,17,rsl_list2,Not on phone,,Accepted,rsl_list2,5,match,Screen 2,pevo7u,2,timedOut,,1001.2799999999988,999.9199999999983,1001.2799999999988,1001.2799999999988,999.9199999999983,1001.2799999999988,0,1001.2799999999988,0,0,,Time Limit,screen,0,screen,match,Engagement 1.jpg,2.mp4,different,same,target,engagement,2,1,,,
37,1696433467899,04/10/2023 15:31:07,1696444267899,3,04/10/2023 21:31:07,142916,11,task-tfo5,,32033764,qkorrllg,9473775,,complete,,,computer,Desktop or Laptop,Windows 7,Firefox 115.0,1920x1080,1920x927,Accepted,,0,rsl experimental trials list2,17,rsl_list2,Not on phone,,Accepted,rsl_list2,5,match,Screen 3,z1irvt,3,timedOut,,301.3600000000006,300,301.3600000000006,301.3600000000006,300,301.3600000000006,1,301.3600000000006,0,0,,Time Limit,screen,0,screen,match,Engagement 1.jpg,2.mp4,different,same,target,engagement,2,1,,,
38,1696433468283,04/10/2023 15:31:08,1696444268283,3,04/10/2023 21:31:08,142916,11,task-tfo5,,32033764,qkorrllg,9473775,,complete,,,computer,Desktop or Laptop,Windows 7,Firefox 115.0,1920x1080,1920x927,Accepted,,0,rsl experimental trials list2,17,rsl_list2,Not on phone,,Accepted,rsl_list2,5,match,Screen 4,9wlxvm,4,info,Video start,150.0799999999581,150.0799999999581,150.0799999999581,150.0799999999581,150.0799999999581,150.0799999999581,1,150.0799999999581,0,0,,Video,video,1,object-178,match,Engagement 1.jpg,2.mp4,different,same,target,engagement,2,1,,,
39,1696433472884,04/10/2023 15:31:12,1696444272884,3,04/10/2023 21:31:12,142916,11,task-tfo5,,32033764,qkorrllg,9473775,,complete,,,computer,Desktop or Laptop,Windows 7,Firefox 115.0,1920x1080,1920x927,Accepted,,0,rsl experimental trials list2,17,rsl_list2,Not on phone,,Accepted,rsl_list2,5,match,Screen 4,9wlxvm,4,response,match,4986.360000000001,4983.180000000008,4986.360000000001,4986.360000000001,4983.180000000008,4986.360000000001,1,4986.360000000001,0,0,,Keyboard Response,Keyboard Response,6,object-183,match,Engagement 1.jpg,2.mp4,different,same,target,engagement,2,1,,,
40,1696433473381,04/10/2023 15:31:13,1696444273381,3,04/10/2023 21:31:13,142916,11,task-tfo5,,32033764,qkorrllg,9473775,,complete,,,computer,Desktop or Laptop,Windows 7,Firefox 115.0,1920x1080,1920x927,Accepted,,0,rsl experimental trials list2,17,rsl_list2,Not on phone,,Accepted,rsl_list2,6,match,Screen 1,nmofvp,1,continue,,500,500,500,500,500,500,1,500,0,0,,Fixation Timing,,1,object-167,match,Telephone 2.jpg,36.mp4,different,same,target,telephone,36,1,,,
41,1696433474380,04/10/2023 15:31:14,1696444274380,3,04/10/2023 21:31:14,142916,11,task-tfo5,,32033764,qkorrllg,9473775,,complete,,,computer,Desktop or Laptop,Windows 7,Firefox 115.0,1920x1080,1920x927,Accepted,,0,rsl experimental trials list2,17,rsl_list2,Not on phone,,Accepted,rsl_list2,6,match,Screen 2,pevo7u,2,timedOut,,1000.179999999993,999.8799999999901,1000.179999999993,1000.179999999993,999.8799999999901,1000.179999999993,0,1000.179999999993,0,0,,Time Limit,screen,0,screen,match,Telephone 2.jpg,36.mp4,different,same,target,telephone,36,1,,,
42,1696433474681,04/10/2023 15:31:14,1696444274681,3,04/10/2023 21:31:14,142916,11,task-tfo5,,32033764,qkorrllg,9473775,,complete,,,computer,Desktop or Laptop,Windows 7,Firefox 115.0,1920x1080,1920x927,Accepted,,0,rsl experimental trials list2,17,rsl_list2,Not on phone,,Accepted,rsl_list2,6,match,Screen 3,z1irvt,3,timedOut,,300.3000000000029,300,300.3000000000029,300.3000000000029,300,300.3000000000029,1,300.3000000000029,0,0,,Time Limit,screen,0,screen,match,Telephone 2.jpg,36.mp4,different,same,target,telephone,36,1,,,
43,1696433475041,04/10/2023 15:31:15,1696444275041,3,04/10/2023 21:31:15,142916,11,task-tfo5,,32033764,qkorrllg,9473775,,complete,,,computer,Desktop or Laptop,Windows 7,Firefox 115.0,1920x1080,1920x927,Accepted,,0,rsl experimental trials list2,17,rsl_list2,Not on phone,,Accepted,rsl_list2,6,match,Screen 4,9wlxvm,4,info,Video start,118.7870000000029,116.7599999999511,118.7870000000029,118.7870000000029,116.7599999999511,118.7870000000029,1,118.7870000000029,0,0,,Video,video,1,object-178,match,Telephone 2.jpg,36.mp4,different,same,target,telephone,36,1,,,
44,1696433480211,04/10/2023 15:31:20,1696444280211,3,04/10/2023 21:31:20,142916,11,task-tfo5,,32033764,qkorrllg,9473775,,complete,,,computer,Desktop or Laptop,Windows 7,Firefox 115.0,1920x1080,1920x927,Accepted,,0,rsl experimental trials list2,17,rsl_list2,Not on phone,,Accepted,rsl_list2,6,match,Screen 4,9wlxvm,4,response,match,5531.300000000003,5516.460000000006,5531.300000000003,5531.300000000003,5516.460000000006,5531.300000000003,1,5531.300000000003,0,0,,Keyboard Response,Keyboard Response,6,object-183,match,Telephone 2.jpg,36.mp4,different,same,target,telephone,36,1,,,
45,1696433480698,04/10/2023 15:31:20,1696444280698,3,04/10/2023 21:31:20,142916,11,task-tfo5,,32033764,qkorrllg,9473775,,complete,,,computer,Desktop or Laptop,Windows 7,Firefox 115.0,1920x1080,1920x927,Accepted,,0,rsl experimental trials list2,17,rsl_list2,Not on phone,,Accepted,rsl_list2,3,nomatch,Screen 1,8mz8sc,1,continue,,500,500,500,500,500,500,1,500,0,0,,Fixation Timing,,1,object-186,nomatch,Lose 2.jpg,89.mp4,different,different,foil,na,89,1,,,
46,1696433481697,04/10/2023 15:31:21,1696444281697,3,04/10/2023 21:31:21,142916,11,task-tfo5,,32033764,qkorrllg,9473775,,complete,,,computer,Desktop or Laptop,Windows 7,Firefox 115.0,1920x1080,1920x927,Accepted,,0,rsl experimental trials list2,17,rsl_list2,Not on phone,,Accepted,rsl_list2,3,nomatch,Screen 2,zhfxqk,2,timedOut,,1000.8399999999965,999.9599999999919,1000.8399999999965,1000.8399999999965,999.9599999999919,1000.8399999999965,0,1000.8399999999965,0,0,,Time Limit,screen,0,screen,nomatch,Lose 2.jpg,89.mp4,different,different,foil,na,89,1,,,
47,1696433481997,04/10/2023 15:31:21,1696444281997,3,04/10/2023 21:31:21,142916,11,task-tfo5,,32033764,qkorrllg,9473775,,complete,,,computer,Desktop or Laptop,Windows 7,Firefox 115.0,1920x1080,1920x927,Accepted,,0,rsl experimental trials list2,17,rsl_list2,Not on phone,,Accepted,rsl_list2,3,nomatch,Screen 3,d73ena,3,timedOut,,300.88000000000466,300,300.88000000000466,300.88000000000466,300,300.88000000000466,1,300.88000000000466,0,0,,Time Limit,screen,0,screen,nomatch,Lose 2.jpg,89.mp4,different,different,foil,na,89,1,,,
48,1696433482373,04/10/2023 15:31:22,1696444282373,3,04/10/2023 21:31:22,142916,11,task-tfo5,,32033764,qkorrllg,9473775,,complete,,,computer,Desktop or Laptop,Windows 7,Firefox 115.0,1920x1080,1920x927,Accepted,,0,rsl experimental trials list2,17,rsl_list2,Not on phone,,Accepted,rsl_list2,3,nomatch,Screen 4,kfk7dt,4,info,Video start,135.91400000000465,133.379999999961,135.91400000000465,135.91400000000465,133.379999999961,135.91400000000465,0,135.91400000000465,0,0,,Video,video,1,object-204,nomatch,Lose 2.jpg,89.mp4,different,different,foil,na,89,1,,,
49,1696433484580,04/10/2023 15:31:24,1696444284580,3,04/10/2023 21:31:24,142916,11,task-tfo5,,32033764,qkorrllg,9473775,,complete,,,computer,Desktop or Laptop,Windows 7,Firefox 115.0,1920x1080,1920x927,Accepted,,0,rsl experimental trials list2,17,rsl_list2,Not on phone,,Accepted,rsl_list2,3,nomatch,Screen 4,kfk7dt,4,response,nomatch,2582.8800000000047,2566.62000000001,2582.8800000000047,2582.8800000000047,2566.62000000001,2582.8800000000047,0,2582.8800000000047,0,0,,Keyboard Response,Keyboard Response,6,object-209,nomatch,Lose 2.jpg,89.mp4,different,different,foil,na,89,1,,,
50,1696433485064,04/10/2023 15:31:25,1696444285064,3,04/10/2023 21:31:25,142916,11,task-tfo5,,32033764,qkorrllg,9473775,,complete,,,computer,Desktop or Laptop,Windows 7,Firefox 115.0,1920x1080,1920x927,Accepted,,0,rsl experimental trials list2,17,rsl_list2,Not on phone,,Accepted,rsl_list2,7,match,Screen 1,nmofvp,1,continue,,500,500,500,500,500,500,1,500,0,0,,Fixation Timing,,1,object-167,match,Wait 2.jpg,23.mp4,different,same,target,wait,23,1,,,
51,1696433486065,04/10/2023 15:31:26,1696444286065,3,04/10/2023 21:31:26,142916,11,task-tfo5,,32033764,qkorrllg,9473775,,complete,,,computer,Desktop or Laptop,Windows 7,Firefox 115.0,1920x1080,1920x927,Accepted,,0,rsl experimental trials list2,17,rsl_list2,Not on phone,,Accepted,rsl_list2,7,match,Screen 2,pevo7u,2,timedOut,,1001.2599999999948,999.8600000000006,1001.2599999999948,1001.2599999999948,999.8600000000006,1001.2599999999948,0,1001.2599999999948,0,0,,Time Limit,screen,0,screen,match,Wait 2.jpg,23.mp4,different,same,target,wait,23,1,,,
52,1696433486364,04/10/2023 15:31:26,1696444286364,3,04/10/2023 21:31:26,142916,11,task-tfo5,,32033764,qkorrllg,9473775,,complete,,,computer,Desktop or Laptop,Windows 7,Firefox 115.0,1920x1080,1920x927,Accepted,,0,rsl experimental trials list2,17,rsl_list2,Not on phone,,Accepted,rsl_list2,7,match,Screen 3,z1irvt,3,timedOut,,301.3999999999942,300,301.3999999999942,301.3999999999942,300,301.3999999999942,1,301.3999999999942,0,0,,Time Limit,screen,0,screen,match,Wait 2.jpg,23.mp4,different,same,target,wait,23,1,,,
53,1696433486731,04/10/2023 15:31:26,1696444286731,3,04/10/2023 21:31:26,142916,11,task-tfo5,,32033764,qkorrllg,9473775,,complete,,,computer,Desktop or Laptop,Windows 7,Firefox 115.0,1920x1080,1920x927,Accepted,,0,rsl experimental trials list2,17,rsl_list2,Not on phone,,Accepted,rsl_list2,7,match,Screen 4,9wlxvm,4,info,Video start,133.37999999994645,133.37999999994645,133.37999999994645,133.37999999994645,133.37999999994645,133.37999999994645,1,133.37999999994645,0,0,,Video,video,1,object-178,match,Wait 2.jpg,23.mp4,different,same,target,wait,23,1,,,
54,1696433493580,04/10/2023 15:31:33,1696444293580,3,04/10/2023 21:31:33,142916,11,task-tfo5,,32033764,qkorrllg,9473775,,complete,,,computer,Desktop or Laptop,Windows 7,Firefox 115.0,1920x1080,1920x927,Accepted,,0,rsl experimental trials list2,17,rsl_list2,Not on phone,,Accepted,rsl_list2,7,match,Screen 4,9wlxvm,4,response,match,7216.399999999994,7199.739999999991,7216.399999999994,7216.399999999994,7199.739999999991,7216.399999999994,1,7216.399999999994,0,0,,Keyboard Response,Keyboard Response,6,object-183,match,Wait 2.jpg,23.mp4,different,same,target,wait,23,1,,,
55,1696433494063,04/10/2023 15:31:34,1696444294063,3,04/10/2023 21:31:34,142916,11,task-tfo5,,32033764,qkorrllg,9473775,,complete,,,computer,Desktop or Laptop,Windows 7,Firefox 115.0,1920x1080,1920x927,Accepted,,0,rsl experimental trials list2,17,rsl_list2,Not on phone,,Accepted,rsl_list2,4,nomatch,Screen 1,8mz8sc,1,continue,,500,500,500,500,500,500,1,500,0,0,,Fixation Timing,,1,object-186,nomatch,Play 2.jpg,64.mp4,different,different,foil,na,64,1,,,
56,1696433495064,04/10/2023 15:31:35,1696444295064,3,04/10/2023 21:31:35,142916,11,task-tfo5,,32033764,qkorrllg,9473775,,complete,,,computer,Desktop or Laptop,Windows 7,Firefox 115.0,1920x1080,1920x927,Accepted,,0,rsl experimental trials list2,17,rsl_list2,Not on phone,,Accepted,rsl_list2,4,nomatch,Screen 2,zhfxqk,2,timedOut,,1000.6600000000035,1000,1000.6600000000035,1000.6600000000035,1000,1000.6600000000035,0,1000.6600000000035,0,0,,Time Limit,screen,0,screen,nomatch,Play 2.jpg,64.mp4,different,different,foil,na,64,1,,,
57,1696433495363,04/10/2023 15:31:35,1696444295363,3,04/10/2023 21:31:35,142916,11,task-tfo5,,32033764,qkorrllg,9473775,,complete,,,computer,Desktop or Laptop,Windows 7,Firefox 115.0,1920x1080,1920x927,Accepted,,0,rsl experimental trials list2,17,rsl_list2,Not on phone,,Accepted,rsl_list2,4,nomatch,Screen 3,d73ena,3,timedOut,,300.6600000000035,300,300.6600000000035,300.6600000000035,300,300.6600000000035,1,300.6600000000035,0,0,,Time Limit,screen,0,screen,nomatch,Play 2.jpg,64.mp4,different,different,foil,na,64,1,,,
58,1696433495749,04/10/2023 15:31:35,1696444295749,3,04/10/2023 21:31:35,142916,11,task-tfo5,,32033764,qkorrllg,9473775,,complete,,,computer,Desktop or Laptop,Windows 7,Firefox 115.0,1920x1080,1920x927,Accepted,,0,rsl experimental trials list2,17,rsl_list2,Not on phone,,Accepted,rsl_list2,4,nomatch,Screen 4,kfk7dt,4,info,Video start,143.48400000000348,133.14000000010128,143.48400000000348,143.48400000000348,133.14000000010128,143.48400000000348,0,143.48400000000348,0,0,,Video,video,1,object-204,nomatch,Play 2.jpg,64.mp4,different,different,foil,na,64,1,,,
59,1696433498763,04/10/2023 15:31:38,1696444298763,3,04/10/2023 21:31:38,142916,11,task-tfo5,,32033764,qkorrllg,9473775,,complete,,,computer,Desktop or Laptop,Windows 7,Firefox 115.0,1920x1080,1920x927,Accepted,,0,rsl experimental trials list2,17,rsl_list2,Not on phone,,Accepted,rsl_list2,4,nomatch,Screen 4,kfk7dt,4,response,nomatch,3399.6600000000035,3383.220000000001,3399.6600000000035,3399.6600000000035,3383.220000000001,3399.6600000000035,0,3399.6600000000035,0,0,,Keyboard Response,Keyboard Response,6,object-209,nomatch,Play 2.jpg,64.mp4,different,different,foil,na,64,1,,,
60,1696433499247,04/10/2023 15:31:39,1696444299247,3,04/10/2023 21:31:39,142916,11,task-tfo5,,32033764,qkorrllg,9473775,,complete,,,computer,Desktop or Laptop,Windows 7,Firefox 115.0,1920x1080,1920x927,Accepted,,0,rsl experimental trials list2,17,rsl_list2,Not on phone,,Accepted,rsl_list2,5,nomatch,Screen 1,8mz8sc,1,continue,,500,500,500,500,500,500,1,500,0,0,,Fixation Timing,,1,object-186,nomatch,Doubt 2.jpg,63.mp4,different,different,foil,na,63,1,,,
61,1696433500247,04/10/2023 15:31:40,1696444300247,3,04/10/2023 21:31:40,142916,11,task-tfo5,,32033764,qkorrllg,9473775,,complete,,,computer,Desktop or Laptop,Windows 7,Firefox 115.0,1920x1080,1920x927,Accepted,,0,rsl experimental trials list2,17,rsl_list2,Not on phone,,Accepted,rsl_list2,5,nomatch,Screen 2,zhfxqk,2,timedOut,,999.8600000000006,999.8600000000006,999.8600000000006,999.8600000000006,999.8600000000006,999.8600000000006,0,999.8600000000006,0,0,,Time Limit,screen,0,screen,nomatch,Doubt 2.jpg,63.mp4,different,different,foil,na,63,1,,,
62,1696433500547,04/10/2023 15:31:40,1696444300547,3,04/10/2023 21:31:40,142916,11,task-tfo5,,32033764,qkorrllg,9473775,,complete,,,computer,Desktop or Laptop,Windows 7,Firefox 115.0,1920x1080,1920x927,Accepted,,0,rsl experimental trials list2,17,rsl_list2,Not on phone,,Accepted,rsl_list2,5,nomatch,Screen 3,d73ena,3,timedOut,,300.58000000000175,300,300.58000000000175,300.58000000000175,300,300.58000000000175,1,300.58000000000175,0,0,,Time Limit,screen,0,screen,nomatch,Doubt 2.jpg,63.mp4,different,different,foil,na,63,1,,,
63,1696433500929,04/10/2023 15:31:40,1696444300929,3,04/10/2023 21:31:40,142916,11,task-tfo5,,32033764,qkorrllg,9473775,,complete,,,computer,Desktop or Laptop,Windows 7,Firefox 115.0,1920x1080,1920x927,Accepted,,0,rsl experimental trials list2,17,rsl_list2,Not on phone,,Accepted,rsl_list2,5,nomatch,Screen 4,kfk7dt,4,info,Video start,142.54400000000174,133.15999999990163,142.54400000000174,142.54400000000174,133.15999999990163,142.54400000000174,0,142.54400000000174,0,0,,Video,video,1,object-204,nomatch,Doubt 2.jpg,63.mp4,different,different,foil,na,63,1,,,
64,1696433503525,04/10/2023 15:31:43,1696444303525,3,04/10/2023 21:31:43,142916,11,task-tfo5,,32033764,qkorrllg,9473775,,complete,,,computer,Desktop or Laptop,Windows 7,Firefox 115.0,1920x1080,1920x927,Accepted,,0,rsl experimental trials list2,17,rsl_list2,Not on phone,,Accepted,rsl_list2,5,nomatch,Screen 4,kfk7dt,4,response,nomatch,2977.5800000000017,2966.540000000008,2977.5800000000017,2977.5800000000017,2966.540000000008,2977.5800000000017,0,2977.5800000000017,0,0,,Keyboard Response,Keyboard Response,6,object-209,nomatch,Doubt 2.jpg,63.mp4,different,different,foil,na,63,1,,,
65,1696433504013,04/10/2023 15:31:44,1696444304013,3,04/10/2023 21:31:44,142916,11,task-tfo5,,32033764,qkorrllg,9473775,,complete,,,computer,Desktop or Laptop,Windows 7,Firefox 115.0,1920x1080,1920x927,Accepted,,0,rsl experimental trials list2,17,rsl_list2,Not on phone,,Accepted,rsl_list2,6,nomatch,Screen 1,8mz8sc,1,continue,,499.99999999998545,499.99999999998545,499.99999999998545,499.99999999998545,499.99999999998545,499.99999999998545,1,499.99999999998545,0,0,,Fixation Timing,,1,object-186,nomatch,Gorilla 1.jpg,55.mp4,different,different,foil,na,55,1,,,
66,1696433505014,04/10/2023 15:31:45,1696444305014,3,04/10/2023 21:31:45,142916,11,task-tfo5,,32033764,qkorrllg,9473775,,complete,,,computer,Desktop or Laptop,Windows 7,Firefox 115.0,1920x1080,1920x927,Accepted,,0,rsl experimental trials list2,17,rsl_list2,Not on phone,,Accepted,rsl_list2,6,nomatch,Screen 2,zhfxqk,2,timedOut,,1001.0400000000081,1000,1001.0400000000081,1001.0400000000081,1000,1001.0400000000081,0,1001.0400000000081,0,0,,Time Limit,screen,0,screen,nomatch,Gorilla 1.jpg,55.mp4,different,different,foil,na,55,1,,,
67,1696433505314,04/10/2023 15:31:45,1696444305314,3,04/10/2023 21:31:45,142916,11,task-tfo5,,32033764,qkorrllg,9473775,,complete,,,computer,Desktop or Laptop,Windows 7,Firefox 115.0,1920x1080,1920x927,Accepted,,0,rsl experimental trials list2,17,rsl_list2,Not on phone,,Accepted,rsl_list2,6,nomatch,Screen 3,d73ena,3,timedOut,,301.04000000000815,300,301.04000000000815,301.04000000000815,300,301.04000000000815,1,301.04000000000815,0,0,,Time Limit,screen,0,screen,nomatch,Gorilla 1.jpg,55.mp4,different,different,foil,na,55,1,,,
68,1696433505726,04/10/2023 15:31:45,1696444305726,3,04/10/2023 21:31:45,142916,11,task-tfo5,,32033764,qkorrllg,9473775,,complete,,,computer,Desktop or Laptop,Windows 7,Firefox 115.0,1920x1080,1920x927,Accepted,,0,rsl experimental trials list2,17,rsl_list2,Not on phone,,Accepted,rsl_list2,6,nomatch,Screen 4,kfk7dt,4,info,Video start,172.97900000000814,166.4800000000978,172.97900000000814,172.97900000000814,166.4800000000978,172.97900000000814,0,172.97900000000814,0,0,,Video,video,1,object-204,nomatch,Gorilla 1.jpg,55.mp4,different,different,foil,na,55,1,,,
69,1696433509803,04/10/2023 15:31:49,1696444309803,3,04/10/2023 21:31:49,142916,11,task-tfo5,,32033764,qkorrllg,9473775,,complete,,,computer,Desktop or Laptop,Windows 7,Firefox 115.0,1920x1080,1920x927,Accepted,,0,rsl experimental trials list2,17,rsl_list2,Not on phone,,Accepted,rsl_list2,6,nomatch,Screen 4,kfk7dt,4,response,nomatch,4489.040000000008,4483.080000000016,4489.040000000008,4489.040000000008,4483.080000000016,4489.040000000008,0,4489.040000000008,0,0,,Keyboard Response,Keyboard Response,6,object-209,nomatch,Gorilla 1.jpg,55.mp4,different,different,foil,na,55,1,,,
70,1696433510299,04/10/2023 15:31:50,1696444310299,3,04/10/2023 21:31:50,142916,11,task-tfo5,,32033764,qkorrllg,9473775,,complete,,,computer,Desktop or Laptop,Windows 7,Firefox 115.0,1920x1080,1920x927,Accepted,,0,rsl experimental trials list2,17,rsl_list2,Not on phone,,Accepted,rsl_list2,8,match,Screen 1,nmofvp,1,continue,,500,500,500,500,500,500,1,500,0,0,,Fixation Timing,,1,object-167,match,Sing 2.jpg,44.mp4,different,same,target,sing,44,1,,,
71,1696433511296,04/10/2023 15:31:51,1696444311296,3,04/10/2023 21:31:51,142916,11,task-tfo5,,32033764,qkorrllg,9473775,,complete,,,computer,Desktop or Laptop,Windows 7,Firefox 115.0,1920x1080,1920x927,Accepted,,0,rsl experimental trials list2,17,rsl_list2,Not on phone,,Accepted,rsl_list2,8,match,Screen 2,pevo7u,2,timedOut,,1000.9599999999919,999.9799999999814,1000.9599999999919,1000.9599999999919,999.9799999999814,1000.9599999999919,0,1000.9599999999919,0,0,,Time Limit,screen,0,screen,match,Sing 2.jpg,44.mp4,different,same,target,sing,44,1,,,
72,1696433511596,04/10/2023 15:31:51,1696444311596,3,04/10/2023 21:31:51,142916,11,task-tfo5,,32033764,qkorrllg,9473775,,complete,,,computer,Desktop or Laptop,Windows 7,Firefox 115.0,1920x1080,1920x927,Accepted,,0,rsl experimental trials list2,17,rsl_list2,Not on phone,,Accepted,rsl_list2,8,match,Screen 3,z1irvt,3,timedOut,,300,300,300,300,300,300,1,300,0,0,,Time Limit,screen,0,screen,match,Sing 2.jpg,44.mp4,different,same,target,sing,44,1,,,
73,1696433511998,04/10/2023 15:31:51,1696444311998,3,04/10/2023 21:31:51,142916,11,task-tfo5,,32033764,qkorrllg,9473775,,complete,,,computer,Desktop or Laptop,Windows 7,Firefox 115.0,1920x1080,1920x927,Accepted,,0,rsl experimental trials list2,17,rsl_list2,Not on phone,,Accepted,rsl_list2,8,match,Screen 4,9wlxvm,4,info,Video start,166.4399999997113,166.4399999997113,166.4399999997113,166.4399999997113,166.4399999997113,166.4399999997113,1,166.4399999997113,0,0,,Video,video,1,object-178,match,Sing 2.jpg,44.mp4,different,same,target,sing,44,1,,,
74,1696433514508,04/10/2023 15:31:54,1696444314508,3,04/10/2023 21:31:54,142916,11,task-tfo5,,32033764,qkorrllg,9473775,,complete,,,computer,Desktop or Laptop,Windows 7,Firefox 115.0,1920x1080,1920x927,Accepted,,0,rsl experimental trials list2,17,rsl_list2,Not on phone,,Accepted,rsl_list2,8,match,Screen 4,9wlxvm,4,response,match,2910.9800000000105,2899.960000000021,2910.9800000000105,2910.9800000000105,2899.960000000021,2910.9800000000105,1,2910.9800000000105,0,0,,Keyboard Response,Keyboard Response,6,object-183,match,Sing 2.jpg,44.mp4,different,same,target,sing,44,1,,,
75,1696433514996,04/10/2023 15:31:54,1696444314996,3,04/10/2023 21:31:54,142916,11,task-tfo5,,32033764,qkorrllg,9473775,,complete,,,computer,Desktop or Laptop,Windows 7,Firefox 115.0,1920x1080,1920x927,Accepted,,0,rsl experimental trials list2,17,rsl_list2,Not on phone,,Accepted,rsl_list2,7,nomatch,Screen 1,8mz8sc,1,continue,,499.85999999998603,499.85999999998603,499.85999999998603,499.85999999998603,499.85999999998603,499.85999999998603,1,499.85999999998603,0,0,,Fixation Timing,,1,object-186,nomatch,Frog 2.jpg,54.mp4,different,different,foil,na,54,1,,,
76,1696433515996,04/10/2023 15:31:55,1696444315996,3,04/10/2023 21:31:55,142916,11,task-tfo5,,32033764,qkorrllg,9473775,,complete,,,computer,Desktop or Laptop,Windows 7,Firefox 115.0,1920x1080,1920x927,Accepted,,0,rsl experimental trials list2,17,rsl_list2,Not on phone,,Accepted,rsl_list2,7,nomatch,Screen 2,zhfxqk,2,timedOut,,1000.1600000000035,1000,1000.1600000000035,1000.1600000000035,1000,1000.1600000000035,0,1000.1600000000035,0,0,,Time Limit,screen,0,screen,nomatch,Frog 2.jpg,54.mp4,different,different,foil,na,54,1,,,
77,1696433516296,04/10/2023 15:31:56,1696444316296,3,04/10/2023 21:31:56,142916,11,task-tfo5,,32033764,qkorrllg,9473775,,complete,,,computer,Desktop or Laptop,Windows 7,Firefox 115.0,1920x1080,1920x927,Accepted,,0,rsl experimental trials list2,17,rsl_list2,Not on phone,,Accepted,rsl_list2,7,nomatch,Screen 3,d73ena,3,timedOut,,300.1600000000035,299.95999999999185,300.1600000000035,300.1600000000035,299.95999999999185,300.1600000000035,1,300.1600000000035,0,0,,Time Limit,screen,0,screen,nomatch,Frog 2.jpg,54.mp4,different,different,foil,na,54,1,,,
78,1696433516679,04/10/2023 15:31:56,1696444316679,3,04/10/2023 21:31:56,142916,11,task-tfo5,,32033764,qkorrllg,9473775,,complete,,,computer,Desktop or Laptop,Windows 7,Firefox 115.0,1920x1080,1920x927,Accepted,,0,rsl experimental trials list2,17,rsl_list2,Not on phone,,Accepted,rsl_list2,7,nomatch,Screen 4,kfk7dt,4,info,Video start,142.56600000001166,133.4199999999546,142.56600000001166,142.56600000001166,133.4199999999546,142.56600000001166,0,142.56600000001166,0,0,,Video,video,1,object-204,nomatch,Frog 2.jpg,54.mp4,different,different,foil,na,54,1,,,
79,1696433519579,04/10/2023 15:31:59,1696444319579,3,04/10/2023 21:31:59,142916,11,task-tfo5,,32033764,qkorrllg,9473775,,complete,,,computer,Desktop or Laptop,Windows 7,Firefox 115.0,1920x1080,1920x927,Accepted,,0,rsl experimental trials list2,17,rsl_list2,Not on phone,,Accepted,rsl_list2,7,nomatch,Screen 4,kfk7dt,4,response,nomatch,3283.2000000000116,3266.6600000000035,3283.2000000000116,3283.2000000000116,3266.6600000000035,3283.2000000000116,0,3283.2000000000116,0,0,,Keyboard Response,Keyboard Response,6,object-209,nomatch,Frog 2.jpg,54.mp4,different,different,foil,na,54,1,,,
80,1696433520063,04/10/2023 15:32:00,1696444320063,3,04/10/2023 21:32:00,142916,11,task-tfo5,,32033764,qkorrllg,9473775,,complete,,,computer,Desktop or Laptop,Windows 7,Firefox 115.0,1920x1080,1920x927,Accepted,,0,rsl experimental trials list2,17,rsl_list2,Not on phone,,Accepted,rsl_list2,8,nomatch,Screen 1,8mz8sc,1,continue,,499.86000000001513,499.86000000001513,499.86000000001513,499.86000000001513,499.86000000001513,499.86000000001513,1,499.86000000001513,0,0,,Fixation Timing,,1,object-186,nomatch,Pain 1.jpg,60.mp4,different,different,foil,na,60,1,,,
81,1696433521064,04/10/2023 15:32:01,1696444321064,3,04/10/2023 21:32:01,142916,11,task-tfo5,,32033764,qkorrllg,9473775,,complete,,,computer,Desktop or Laptop,Windows 7,Firefox 115.0,1920x1080,1920x927,Accepted,,0,rsl experimental trials list2,17,rsl_list2,Not on phone,,Accepted,rsl_list2,8,nomatch,Screen 2,zhfxqk,2,timedOut,,1001.679999999993,1000,1001.679999999993,1001.679999999993,1000,1001.679999999993,0,1001.679999999993,0,0,,Time Limit,screen,0,screen,nomatch,Pain 1.jpg,60.mp4,different,different,foil,na,60,1,,,
82,1696433521363,04/10/2023 15:32:01,1696444321363,3,04/10/2023 21:32:01,142916,11,task-tfo5,,32033764,qkorrllg,9473775,,complete,,,computer,Desktop or Laptop,Windows 7,Firefox 115.0,1920x1080,1920x927,Accepted,,0,rsl experimental trials list2,17,rsl_list2,Not on phone,,Accepted,rsl_list2,8,nomatch,Screen 3,d73ena,3,timedOut,,300.679999999993,299.95999999999185,300.679999999993,300.679999999993,299.95999999999185,300.679999999993,1,300.679999999993,0,0,,Time Limit,screen,0,screen,nomatch,Pain 1.jpg,60.mp4,different,different,foil,na,60,1,,,
83,1696433521739,04/10/2023 15:32:01,1696444321739,3,04/10/2023 21:32:01,142916,11,task-tfo5,,32033764,qkorrllg,9473775,,complete,,,computer,Desktop or Laptop,Windows 7,Firefox 115.0,1920x1080,1920x927,Accepted,,0,rsl experimental trials list2,17,rsl_list2,Not on phone,,Accepted,rsl_list2,8,nomatch,Screen 4,kfk7dt,4,info,Video start,136.95500000000115,133.4199999999546,136.95500000000115,136.95500000000115,133.4199999999546,136.95500000000115,0,136.95500000000115,0,0,,Video,video,1,object-204,nomatch,Pain 1.jpg,60.mp4,different,different,foil,na,60,1,,,
84,1696433523834,04/10/2023 15:32:03,1696444323834,3,04/10/2023 21:32:03,142916,11,task-tfo5,,32033764,qkorrllg,9473775,,complete,,,computer,Desktop or Laptop,Windows 7,Firefox 115.0,1920x1080,1920x927,Accepted,,0,rsl experimental trials list2,17,rsl_list2,Not on phone,,Accepted,rsl_list2,8,nomatch,Screen 4,kfk7dt,4,response,nomatch,2472.720000000001,2466.600000000006,2472.720000000001,2472.720000000001,2466.600000000006,2472.720000000001,0,2472.720000000001,0,0,,Keyboard Response,Keyboard Response,6,object-209,nomatch,Pain 1.jpg,60.mp4,different,different,foil,na,60,1,,,
85,1696433524329,04/10/2023 15:32:04,1696444324329,3,04/10/2023 21:32:04,142916,11,task-tfo5,,32033764,qkorrllg,9473775,,complete,,,computer,Desktop or Laptop,Windows 7,Firefox 115.0,1920x1080,1920x927,Accepted,,0,rsl experimental trials list2,17,rsl_list2,Not on phone,,Accepted,rsl_list2,9,match,Screen 1,nmofvp,1,continue,,500,500,500,500,500,500,1,500,0,0,,Fixation Timing,,1,object-167,match,Pain 2.jpg,12.mp4,same,same,target,pain,12,1,,,
86,1696433525330,04/10/2023 15:32:05,1696444325330,3,04/10/2023 21:32:05,142916,11,task-tfo5,,32033764,qkorrllg,9473775,,complete,,,computer,Desktop or Laptop,Windows 7,Firefox 115.0,1920x1080,1920x927,Accepted,,0,rsl experimental trials list2,17,rsl_list2,Not on phone,,Accepted,rsl_list2,9,match,Screen 2,pevo7u,2,timedOut,,1001.1199999999953,1000,1001.1199999999953,1001.1199999999953,1000,1001.1199999999953,0,1001.1199999999953,0,0,,Time Limit,screen,0,screen,match,Pain 2.jpg,12.mp4,same,same,target,pain,12,1,,,
87,1696433525630,04/10/2023 15:32:05,1696444325630,3,04/10/2023 21:32:05,142916,11,task-tfo5,,32033764,qkorrllg,9473775,,complete,,,computer,Desktop or Laptop,Windows 7,Firefox 115.0,1920x1080,1920x927,Accepted,,0,rsl experimental trials list2,17,rsl_list2,Not on phone,,Accepted,rsl_list2,9,match,Screen 3,z1irvt,3,timedOut,,301.11999999999534,300,301.11999999999534,301.11999999999534,300,301.11999999999534,1,301.11999999999534,0,0,,Time Limit,screen,0,screen,match,Pain 2.jpg,12.mp4,same,same,target,pain,12,1,,,
88,1696433525979,04/10/2023 15:32:05,1696444325979,3,04/10/2023 21:32:05,142916,11,task-tfo5,,32033764,qkorrllg,9473775,,complete,,,computer,Desktop or Laptop,Windows 7,Firefox 115.0,1920x1080,1920x927,Accepted,,0,rsl experimental trials list2,17,rsl_list2,Not on phone,,Accepted,rsl_list2,9,match,Screen 4,9wlxvm,4,info,Video start,109.38699999999534,99.97999999995227,109.38699999999534,109.38699999999534,99.97999999995227,109.38699999999534,1,109.38699999999534,0,0,,Video,video,1,object-178,match,Pain 2.jpg,12.mp4,same,same,target,pain,12,1,,,
89,1696433528962,04/10/2023 15:32:08,1696444328962,3,04/10/2023 21:32:08,142916,11,task-tfo5,,32033764,qkorrllg,9473775,,complete,,,computer,Desktop or Laptop,Windows 7,Firefox 115.0,1920x1080,1920x927,Accepted,,0,rsl experimental trials list2,17,rsl_list2,Not on phone,,Accepted,rsl_list2,9,match,Screen 4,9wlxvm,4,response,match,3333.2399999999907,3316.5599999999977,3333.2399999999907,3333.2399999999907,3316.5599999999977,3333.2399999999907,1,3333.2399999999907,0,0,,Keyboard Response,Keyboard Response,6,object-183,match,Pain 2.jpg,12.mp4,same,same,target,pain,12,1,,,
90,1696433529446,04/10/2023 15:32:09,1696444329446,3,04/10/2023 21:32:09,142916,11,task-tfo5,,32033764,qkorrllg,9473775,,complete,,,computer,Desktop or Laptop,Windows 7,Firefox 115.0,1920x1080,1920x927,Accepted,,0,rsl experimental trials list2,17,rsl_list2,Not on phone,,Accepted,rsl_list2,9,nomatch,Screen 1,8mz8sc,1,continue,,499.85999999998603,499.85999999998603,499.85999999998603,499.85999999998603,499.85999999998603,499.85999999998603,1,499.85999999998603,0,0,,Fixation Timing,,1,object-186,nomatch,Watch 1.jpg,95.mp4,same,different,foil,na,95,1,,,
91,1696433530446,04/10/2023 15:32:10,1696444330446,3,04/10/2023 21:32:10,142916,11,task-tfo5,,32033764,qkorrllg,9473775,,complete,,,computer,Desktop or Laptop,Windows 7,Firefox 115.0,1920x1080,1920x927,Accepted,,0,rsl experimental trials list2,17,rsl_list2,Not on phone,,Accepted,rsl_list2,9,nomatch,Screen 2,zhfxqk,2,timedOut,,1000.7000000000116,999.9800000000105,1000.7000000000116,1000.7000000000116,999.9800000000105,1000.7000000000116,0,1000.7000000000116,0,0,,Time Limit,screen,0,screen,nomatch,Watch 1.jpg,95.mp4,same,different,foil,na,95,1,,,
92,1696433530746,04/10/2023 15:32:10,1696444330746,3,04/10/2023 21:32:10,142916,11,task-tfo5,,32033764,qkorrllg,9473775,,complete,,,computer,Desktop or Laptop,Windows 7,Firefox 115.0,1920x1080,1920x927,Accepted,,0,rsl experimental trials list2,17,rsl_list2,Not on phone,,Accepted,rsl_list2,9,nomatch,Screen 3,d73ena,3,timedOut,,300.72000000000116,300,300.72000000000116,300.72000000000116,300,300.72000000000116,1,300.72000000000116,0,0,,Time Limit,screen,0,screen,nomatch,Watch 1.jpg,95.mp4,same,different,foil,na,95,1,,,
93,1696433531135,04/10/2023 15:32:11,1696444331135,3,04/10/2023 21:32:11,142916,11,task-tfo5,,32033764,qkorrllg,9473775,,complete,,,computer,Desktop or Laptop,Windows 7,Firefox 115.0,1920x1080,1920x927,Accepted,,0,rsl experimental trials list2,17,rsl_list2,Not on phone,,Accepted,rsl_list2,9,nomatch,Screen 4,kfk7dt,4,info,Video start,149.78000000008615,149.78000000008615,149.78000000008615,149.78000000008615,149.78000000008615,149.78000000008615,0,149.78000000008615,0,0,,Video,video,1,object-204,nomatch,Watch 1.jpg,95.mp4,same,different,foil,na,95,1,,,
94,1696433533658,04/10/2023 15:32:13,1696444333658,3,04/10/2023 21:32:13,142916,11,task-tfo5,,32033764,qkorrllg,9473775,,complete,,,computer,Desktop or Laptop,Windows 7,Firefox 115.0,1920x1080,1920x927,Accepted,,0,rsl experimental trials list2,17,rsl_list2,Not on phone,,Accepted,rsl_list2,9,nomatch,Screen 4,kfk7dt,4,response,nomatch,2912.720000000001,2899.959999999992,2912.720000000001,2912.720000000001,2899.959999999992,2912.720000000001,0,2912.720000000001,0,0,,Keyboard Response,Keyboard Response,6,object-209,nomatch,Watch 1.jpg,95.mp4,same,different,foil,na,95,1,,,
95,1696433534146,04/10/2023 15:32:14,1696444334146,3,04/10/2023 21:32:14,142916,11,task-tfo5,,32033764,qkorrllg,9473775,,complete,,,computer,Desktop or Laptop,Windows 7,Firefox 115.0,1920x1080,1920x927,Accepted,,0,rsl experimental trials list2,17,rsl_list2,Not on phone,,Accepted,rsl_list2,10,nomatch,Screen 1,8mz8sc,1,continue,,499.88000000000466,499.88000000000466,499.88000000000466,499.88000000000466,499.88000000000466,499.88000000000466,1,499.88000000000466,0,0,,Fixation Timing,,1,object-186,nomatch,Color 2.jpg,51.mp4,different,different,foil,na,51,1,,,
96,1696433535147,04/10/2023 15:32:15,1696444335147,3,04/10/2023 21:32:15,142916,11,task-tfo5,,32033764,qkorrllg,9473775,,complete,,,computer,Desktop or Laptop,Windows 7,Firefox 115.0,1920x1080,1920x927,Accepted,,0,rsl experimental trials list2,17,rsl_list2,Not on phone,,Accepted,rsl_list2,10,nomatch,Screen 2,zhfxqk,2,timedOut,,1001.8800000000047,999.9800000000105,1001.8800000000047,1001.8800000000047,999.9800000000105,1001.8800000000047,0,1001.8800000000047,0,0,,Time Limit,screen,0,screen,nomatch,Color 2.jpg,51.mp4,different,different,foil,na,51,1,,,
97,1696433535446,04/10/2023 15:32:15,1696444335446,3,04/10/2023 21:32:15,142916,11,task-tfo5,,32033764,qkorrllg,9473775,,complete,,,computer,Desktop or Laptop,Windows 7,Firefox 115.0,1920x1080,1920x927,Accepted,,0,rsl experimental trials list2,17,rsl_list2,Not on phone,,Accepted,rsl_list2,10,nomatch,Screen 3,d73ena,3,timedOut,,300.8999999999942,299.9799999999814,300.8999999999942,300.8999999999942,299.9799999999814,300.8999999999942,1,300.8999999999942,0,0,,Time Limit,screen,0,screen,nomatch,Color 2.jpg,51.mp4,different,different,foil,na,51,1,,,
98,1696433535797,04/10/2023 15:32:15,1696444335797,3,04/10/2023 21:32:15,142916,11,task-tfo5,,32033764,qkorrllg,9473775,,complete,,,computer,Desktop or Laptop,Windows 7,Firefox 115.0,1920x1080,1920x927,Accepted,,0,rsl experimental trials list2,17,rsl_list2,Not on phone,,Accepted,rsl_list2,10,nomatch,Screen 4,kfk7dt,4,info,Video start,116.76000000035856,116.76000000035856,116.76000000035856,116.76000000035856,116.76000000035856,116.76000000035856,0,116.76000000035856,0,0,,Video,video,1,object-204,nomatch,Color 2.jpg,51.mp4,different,different,foil,na,51,1,,,
99,1696433538714,04/10/2023 15:32:18,1696444338714,3,04/10/2023 21:32:18,142916,11,task-tfo5,,32033764,qkorrllg,9473775,,complete,,,computer,Desktop or Laptop,Windows 7,Firefox 115.0,1920x1080,1920x927,Accepted,,0,rsl experimental trials list2,17,rsl_list2,Not on phone,,Accepted,rsl_list2,10,nomatch,Screen 4,kfk7dt,4,response,nomatch,3269.920000000013,3266.560000000027,3269.920000000013,3269.920000000013,3266.560000000027,3269.920000000013,0,3269.920000000013,0,0,,Keyboard Response,Keyboard Response,6,object-209,nomatch,Color 2.jpg,51.mp4,different,different,foil,na,51,1,,,
100,1696433539211,04/10/2023 15:32:19,1696444339211,3,04/10/2023 21:32:19,142916,11,task-tfo5,,32033764,qkorrllg,9473775,,complete,,,computer,Desktop or Laptop,Windows 7,Firefox 115.0,1920x1080,1920x927,Accepted,,0,rsl experimental trials list2,17,rsl_list2,Not on phone,,Accepted,rsl_list2,11,nomatch,Screen 1,8mz8sc,1,continue,,499.9799999999814,499.9799999999814,499.9799999999814,499.9799999999814,499.9799999999814,499.9799999999814,1,499.9799999999814,0,0,,Fixation Timing,,1,object-186,nomatch,Win 1.jpg,72.mp4,different,different,foil,na,72,1,,,
101,1696433540212,04/10/2023 15:32:20,1696444340212,3,04/10/2023 21:32:20,142916,11,task-tfo5,,32033764,qkorrllg,9473775,,complete,,,computer,Desktop or Laptop,Windows 7,Firefox 115.0,1920x1080,1920x927,Accepted,,0,rsl experimental trials list2,17,rsl_list2,Not on phone,,Accepted,rsl_list2,11,nomatch,Screen 2,zhfxqk,2,timedOut,,1000.3800000000047,999.9400000000023,1000.3800000000047,1000.3800000000047,999.9400000000023,1000.3800000000047,0,1000.3800000000047,0,0,,Time Limit,screen,0,screen,nomatch,Win 1.jpg,72.mp4,different,different,foil,na,72,1,,,
102,1696433540511,04/10/2023 15:32:20,1696444340511,3,04/10/2023 21:32:20,142916,11,task-tfo5,,32033764,qkorrllg,9473775,,complete,,,computer,Desktop or Laptop,Windows 7,Firefox 115.0,1920x1080,1920x927,Accepted,,0,rsl experimental trials list2,17,rsl_list2,Not on phone,,Accepted,rsl_list2,11,nomatch,Screen 3,d73ena,3,timedOut,,300.4400000000023,300,300.4400000000023,300.4400000000023,300,300.4400000000023,1,300.4400000000023,0,0,,Time Limit,screen,0,screen,nomatch,Win 1.jpg,72.mp4,different,different,foil,na,72,1,,,
103,1696433540882,04/10/2023 15:32:20,1696444340882,3,04/10/2023 21:32:20,142916,11,task-tfo5,,32033764,qkorrllg,9473775,,complete,,,computer,Desktop or Laptop,Windows 7,Firefox 115.0,1920x1080,1920x927,Accepted,,0,rsl experimental trials list2,17,rsl_list2,Not on phone,,Accepted,rsl_list2,11,nomatch,Screen 4,kfk7dt,4,info,Video start,129.82700000000233,116.7599999999511,129.82700000000233,129.82700000000233,116.7599999999511,129.82700000000233,0,129.82700000000233,0,0,,Video,video,1,object-204,nomatch,Win 1.jpg,72.mp4,different,different,foil,na,72,1,,,
104,1696433542865,04/10/2023 15:32:22,1696444342865,3,04/10/2023 21:32:22,142916,11,task-tfo5,,32033764,qkorrllg,9473775,,complete,,,computer,Desktop or Laptop,Windows 7,Firefox 115.0,1920x1080,1920x927,Accepted,,0,rsl experimental trials list2,17,rsl_list2,Not on phone,,Accepted,rsl_list2,11,nomatch,Screen 4,kfk7dt,4,response,nomatch,2354.4400000000023,2349.920000000013,2354.4400000000023,2354.4400000000023,2349.920000000013,2354.4400000000023,0,2354.4400000000023,0,0,,Keyboard Response,Keyboard Response,6,object-209,nomatch,Win 1.jpg,72.mp4,different,different,foil,na,72,1,,,
105,1696433543363,04/10/2023 15:32:23,1696444343363,3,04/10/2023 21:32:23,142916,11,task-tfo5,,32033764,qkorrllg,9473775,,complete,,,computer,Desktop or Laptop,Windows 7,Firefox 115.0,1920x1080,1920x927,Accepted,,0,rsl experimental trials list2,17,rsl_list2,Not on phone,,Accepted,rsl_list2,10,match,Screen 1,nmofvp,1,continue,,499.95999999999185,499.95999999999185,499.95999999999185,499.95999999999185,499.95999999999185,499.95999999999185,1,499.95999999999185,0,0,,Fixation Timing,,1,object-167,match,Think 2.jpg,46.mp4,different,same,target,think,46,1,,,
106,1696433544363,04/10/2023 15:32:24,1696444344363,3,04/10/2023 21:32:24,142916,11,task-tfo5,,32033764,qkorrllg,9473775,,complete,,,computer,Desktop or Laptop,Windows 7,Firefox 115.0,1920x1080,1920x927,Accepted,,0,rsl experimental trials list2,17,rsl_list2,Not on phone,,Accepted,rsl_list2,10,match,Screen 2,pevo7u,2,timedOut,,1001.5599999999977,999.9599999999919,1001.5599999999977,1001.5599999999977,999.9599999999919,1001.5599999999977,0,1001.5599999999977,0,0,,Time Limit,screen,0,screen,match,Think 2.jpg,46.mp4,different,same,target,think,46,1,,,
107,1696433544663,04/10/2023 15:32:24,1696444344663,3,04/10/2023 21:32:24,142916,11,task-tfo5,,32033764,qkorrllg,9473775,,complete,,,computer,Desktop or Laptop,Windows 7,Firefox 115.0,1920x1080,1920x927,Accepted,,0,rsl experimental trials list2,17,rsl_list2,Not on phone,,Accepted,rsl_list2,10,match,Screen 3,z1irvt,3,timedOut,,301.6000000000058,300.0200000000186,301.6000000000058,301.6000000000058,300.0200000000186,301.6000000000058,1,301.6000000000058,0,0,,Time Limit,screen,0,screen,match,Think 2.jpg,46.mp4,different,same,target,think,46,1,,,
108,1696433545081,04/10/2023 15:32:25,1696444345081,3,04/10/2023 21:32:25,142916,11,task-tfo5,,32033764,qkorrllg,9473775,,complete,,,computer,Desktop or Laptop,Windows 7,Firefox 115.0,1920x1080,1920x927,Accepted,,0,rsl experimental trials list2,17,rsl_list2,Not on phone,,Accepted,rsl_list2,10,match,Screen 4,9wlxvm,4,info,Video start,183.14000000007218,183.14000000007218,183.14000000007218,183.14000000007218,183.14000000007218,183.14000000007218,1,183.14000000007218,0,0,,Video,video,1,object-178,match,Think 2.jpg,46.mp4,different,same,target,think,46,1,,,
109,1696433547331,04/10/2023 15:32:27,1696444347331,3,04/10/2023 21:32:27,142916,11,task-tfo5,,32033764,qkorrllg,9473775,,complete,,,computer,Desktop or Laptop,Windows 7,Firefox 115.0,1920x1080,1920x927,Accepted,,0,rsl experimental trials list2,17,rsl_list2,Not on phone,,Accepted,rsl_list2,10,match,Screen 4,9wlxvm,4,response,match,2666.53999999995,2649.8799999999756,2666.53999999995,2666.53999999995,2649.8799999999756,2666.53999999995,1,2666.53999999995,0,0,,Keyboard Response,Keyboard Response,6,object-183,match,Think 2.jpg,46.mp4,different,same,target,think,46,1,,,
110,1696433547813,04/10/2023 15:32:27,1696444347813,3,04/10/2023 21:32:27,142916,11,task-tfo5,,32033764,qkorrllg,9473775,,complete,,,computer,Desktop or Laptop,Windows 7,Firefox 115.0,1920x1080,1920x927,Accepted,,0,rsl experimental trials list2,17,rsl_list2,Not on phone,,Accepted,rsl_list2,12,nomatch,Screen 1,8mz8sc,1,continue,,500,500,500,500,500,500,1,500,0,0,,Fixation Timing,,1,object-186,nomatch,Coffee 2.jpg,77.mp4,different,different,foil,na,77,1,,,
111,1696433548812,04/10/2023 15:32:28,1696444348812,3,04/10/2023 21:32:28,142916,11,task-tfo5,,32033764,qkorrllg,9473775,,complete,,,computer,Desktop or Laptop,Windows 7,Firefox 115.0,1920x1080,1920x927,Accepted,,0,rsl experimental trials list2,17,rsl_list2,Not on phone,,Accepted,rsl_list2,12,nomatch,Screen 2,zhfxqk,2,timedOut,,1000.7000000000116,999.9800000000105,1000.7000000000116,1000.7000000000116,999.9800000000105,1000.7000000000116,0,1000.7000000000116,0,0,,Time Limit,screen,0,screen,nomatch,Coffee 2.jpg,77.mp4,different,different,foil,na,77,1,,,
112,1696433549111,04/10/2023 15:32:29,1696444349111,3,04/10/2023 21:32:29,142916,11,task-tfo5,,32033764,qkorrllg,9473775,,complete,,,computer,Desktop or Laptop,Windows 7,Firefox 115.0,1920x1080,1920x927,Accepted,,0,rsl experimental trials list2,17,rsl_list2,Not on phone,,Accepted,rsl_list2,12,nomatch,Screen 3,d73ena,3,timedOut,,299.95999999999185,299.95999999999185,299.95999999999185,299.95999999999185,299.95999999999185,299.95999999999185,1,299.95999999999185,0,0,,Time Limit,screen,0,screen,nomatch,Coffee 2.jpg,77.mp4,different,different,foil,na,77,1,,,
113,1696433549522,04/10/2023 15:32:29,1696444349522,3,04/10/2023 21:32:29,142916,11,task-tfo5,,32033764,qkorrllg,9473775,,complete,,,computer,Desktop or Laptop,Windows 7,Firefox 115.0,1920x1080,1920x927,Accepted,,0,rsl experimental trials list2,17,rsl_list2,Not on phone,,Accepted,rsl_list2,12,nomatch,Screen 4,kfk7dt,4,info,Video start,169.2480000000093,166.4800000000978,169.2480000000093,169.2480000000093,166.4800000000978,169.2480000000093,0,169.2480000000093,0,0,,Video,video,1,object-204,nomatch,Coffee 2.jpg,77.mp4,different,different,foil,na,77,1,,,
114,1696433552497,04/10/2023 15:32:32,1696444352497,3,04/10/2023 21:32:32,142916,11,task-tfo5,,32033764,qkorrllg,9473775,,complete,,,computer,Desktop or Laptop,Windows 7,Firefox 115.0,1920x1080,1920x927,Accepted,,0,rsl experimental trials list2,17,rsl_list2,Not on phone,,Accepted,rsl_list2,12,nomatch,Screen 4,kfk7dt,4,response,nomatch,3386.7600000000093,3383.2000000000116,3386.7600000000093,3386.7600000000093,3383.2000000000116,3386.7600000000093,0,3386.7600000000093,0,0,,Keyboard Response,Keyboard Response,6,object-209,nomatch,Coffee 2.jpg,77.mp4,different,different,foil,na,77,1,,,
115,1696433552994,04/10/2023 15:32:32,1696444352994,3,04/10/2023 21:32:32,142916,11,task-tfo5,,32033764,qkorrllg,9473775,,complete,,,computer,Desktop or Laptop,Windows 7,Firefox 115.0,1920x1080,1920x927,Accepted,,0,rsl experimental trials list2,17,rsl_list2,Not on phone,,Accepted,rsl_list2,13,nomatch,Screen 1,8mz8sc,1,continue,,500,500,500,500,500,500,1,500,0,0,,Fixation Timing,,1,object-186,nomatch,Children 2.jpg,76.mp4,same,different,foil,na,76,1,,,
116,1696433553994,04/10/2023 15:32:33,1696444353994,3,04/10/2023 21:32:33,142916,11,task-tfo5,,32033764,qkorrllg,9473775,,complete,,,computer,Desktop or Laptop,Windows 7,Firefox 115.0,1920x1080,1920x927,Accepted,,0,rsl experimental trials list2,17,rsl_list2,Not on phone,,Accepted,rsl_list2,13,nomatch,Screen 2,zhfxqk,2,timedOut,,1000.5599999999977,999.9599999999919,1000.5599999999977,1000.5599999999977,999.9599999999919,1000.5599999999977,0,1000.5599999999977,0,0,,Time Limit,screen,0,screen,nomatch,Children 2.jpg,76.mp4,same,different,foil,na,76,1,,,
117,1696433554295,04/10/2023 15:32:34,1696444354295,3,04/10/2023 21:32:34,142916,11,task-tfo5,,32033764,qkorrllg,9473775,,complete,,,computer,Desktop or Laptop,Windows 7,Firefox 115.0,1920x1080,1920x927,Accepted,,0,rsl experimental trials list2,17,rsl_list2,Not on phone,,Accepted,rsl_list2,13,nomatch,Screen 3,d73ena,3,timedOut,,300.6000000000058,299.9800000000105,300.6000000000058,300.6000000000058,299.9800000000105,300.6000000000058,1,300.6000000000058,0,0,,Time Limit,screen,0,screen,nomatch,Children 2.jpg,76.mp4,same,different,foil,na,76,1,,,
118,1696433554720,04/10/2023 15:32:34,1696444354720,3,04/10/2023 21:32:34,142916,11,task-tfo5,,32033764,qkorrllg,9473775,,complete,,,computer,Desktop or Laptop,Windows 7,Firefox 115.0,1920x1080,1920x927,Accepted,,0,rsl experimental trials list2,17,rsl_list2,Not on phone,,Accepted,rsl_list2,13,nomatch,Screen 4,kfk7dt,4,info,Video start,182.67799999999536,166.7599999999511,182.67799999999536,182.67799999999536,166.7599999999511,182.67799999999536,0,182.67799999999536,0,0,,Video,video,1,object-204,nomatch,Children 2.jpg,76.mp4,same,different,foil,na,76,1,,,
119,1696433557531,04/10/2023 15:32:37,1696444357531,3,04/10/2023 21:32:37,142916,11,task-tfo5,,32033764,qkorrllg,9473775,,complete,,,computer,Desktop or Laptop,Windows 7,Firefox 115.0,1920x1080,1920x927,Accepted,,0,rsl experimental trials list2,17,rsl_list2,Not on phone,,Accepted,rsl_list2,13,nomatch,Screen 4,kfk7dt,4,response,nomatch,3236.6199999999953,3233.220000000001,3236.6199999999953,3236.6199999999953,3233.220000000001,3236.6199999999953,0,3236.6199999999953,0,0,,Keyboard Response,Keyboard Response,6,object-209,nomatch,Children 2.jpg,76.mp4,same,different,foil,na,76,1,,,
120,1696433558028,04/10/2023 15:32:38,1696444358028,3,04/10/2023 21:32:38,142916,11,task-tfo5,,32033764,qkorrllg,9473775,,complete,,,computer,Desktop or Laptop,Windows 7,Firefox 115.0,1920x1080,1920x927,Accepted,,0,rsl experimental trials list2,17,rsl_list2,Not on phone,,Accepted,rsl_list2,14,nomatch,Screen 1,8mz8sc,1,continue,,500,500,500,500,500,500,1,500,0,0,,Fixation Timing,,1,object-186,nomatch,Travel 1.jpg,69.mp4,different,different,foil,na,69,1,,,
121,1696433559028,04/10/2023 15:32:39,1696444359028,3,04/10/2023 21:32:39,142916,11,task-tfo5,,32033764,qkorrllg,9473775,,complete,,,computer,Desktop or Laptop,Windows 7,Firefox 115.0,1920x1080,1920x927,Accepted,,0,rsl experimental trials list2,17,rsl_list2,Not on phone,,Accepted,rsl_list2,14,nomatch,Screen 2,zhfxqk,2,timedOut,,999.9599999999919,999.9599999999919,999.9599999999919,999.9599999999919,999.9599999999919,999.9599999999919,0,999.9599999999919,0,0,,Time Limit,screen,0,screen,nomatch,Travel 1.jpg,69.mp4,different,different,foil,na,69,1,,,
122,1696433559332,04/10/2023 15:32:39,1696444359332,3,04/10/2023 21:32:39,142916,11,task-tfo5,,32033764,qkorrllg,9473775,,complete,,,computer,Desktop or Laptop,Windows 7,Firefox 115.0,1920x1080,1920x927,Accepted,,0,rsl experimental trials list2,17,rsl_list2,Not on phone,,Accepted,rsl_list2,14,nomatch,Screen 3,d73ena,3,timedOut,,304.4400000000023,304.0800000000163,304.4400000000023,304.4400000000023,304.0800000000163,304.4400000000023,1,304.4400000000023,0,0,,Time Limit,screen,0,screen,nomatch,Travel 1.jpg,69.mp4,different,different,foil,na,69,1,,,
123,1696433559776,04/10/2023 15:32:39,1696444359776,3,04/10/2023 21:32:39,142916,11,task-tfo5,,32033764,qkorrllg,9473775,,complete,,,computer,Desktop or Laptop,Windows 7,Firefox 115.0,1920x1080,1920x927,Accepted,,0,rsl experimental trials list2,17,rsl_list2,Not on phone,,Accepted,rsl_list2,14,nomatch,Screen 4,kfk7dt,4,info,Video start,205.23399999998603,195.95999999993364,205.23399999998603,205.23399999998603,195.95999999993364,205.23399999998603,0,205.23399999998603,0,0,,Video,video,1,object-204,nomatch,Travel 1.jpg,69.mp4,different,different,foil,na,69,1,,,
124,1696433564930,04/10/2023 15:32:44,1696444364930,3,04/10/2023 21:32:44,142916,11,task-tfo5,,32033764,qkorrllg,9473775,,complete,,,computer,Desktop or Laptop,Windows 7,Firefox 115.0,1920x1080,1920x927,Accepted,,0,rsl experimental trials list2,17,rsl_list2,Not on phone,,Accepted,rsl_list2,14,nomatch,Screen 4,kfk7dt,4,response,nomatch,5597.359999999986,5595.679999999993,5597.359999999986,5597.359999999986,5595.679999999993,5597.359999999986,0,5597.359999999986,0,0,,Keyboard Response,Keyboard Response,6,object-209,nomatch,Travel 1.jpg,69.mp4,different,different,foil,na,69,1,,,
125,1696433565432,04/10/2023 15:32:45,1696444365432,3,04/10/2023 21:32:45,142916,11,task-tfo5,,32033764,qkorrllg,9473775,,complete,,,computer,Desktop or Laptop,Windows 7,Firefox 115.0,1920x1080,1920x927,Accepted,,0,rsl experimental trials list2,17,rsl_list2,Not on phone,,Accepted,rsl_list2,11,match,Screen 1,nmofvp,1,continue,,505.179999999993,505.179999999993,505.179999999993,505.179999999993,505.179999999993,505.179999999993,1,505.179999999993,0,0,,Fixation Timing,,1,object-167,match,Write 2.jpg,48.mp4,different,same,target,write,48,1,,,
126,1696433566428,04/10/2023 15:32:46,1696444366428,3,04/10/2023 21:32:46,142916,11,task-tfo5,,32033764,qkorrllg,9473775,,complete,,,computer,Desktop or Laptop,Windows 7,Firefox 115.0,1920x1080,1920x927,Accepted,,0,rsl experimental trials list2,17,rsl_list2,Not on phone,,Accepted,rsl_list2,11,match,Screen 2,pevo7u,2,timedOut,,996.5,994.7799999999988,996.5,996.5,994.7799999999988,996.5,0,996.5,0,0,,Time Limit,screen,0,screen,match,Write 2.jpg,48.mp4,different,same,target,write,48,1,,,
127,1696433566728,04/10/2023 15:32:46,1696444366728,3,04/10/2023 21:32:46,142916,11,task-tfo5,,32033764,qkorrllg,9473775,,complete,,,computer,Desktop or Laptop,Windows 7,Firefox 115.0,1920x1080,1920x927,Accepted,,0,rsl experimental trials list2,17,rsl_list2,Not on phone,,Accepted,rsl_list2,11,match,Screen 3,z1irvt,3,timedOut,,300.72000000000116,299.9800000000105,300.72000000000116,300.72000000000116,299.9800000000105,300.72000000000116,1,300.72000000000116,0,0,,Time Limit,screen,0,screen,match,Write 2.jpg,48.mp4,different,same,target,write,48,1,,,
128,1696433567141,04/10/2023 15:32:47,1696444367141,3,04/10/2023 21:32:47,142916,11,task-tfo5,,32033764,qkorrllg,9473775,,complete,,,computer,Desktop or Laptop,Windows 7,Firefox 115.0,1920x1080,1920x927,Accepted,,0,rsl experimental trials list2,17,rsl_list2,Not on phone,,Accepted,rsl_list2,11,match,Screen 4,9wlxvm,4,info,Video start,213.93999999999068,200.05999999993946,213.93999999999068,213.93999999999068,200.05999999993946,213.93999999999068,1,213.93999999999068,0,0,,Video,video,1,object-178,match,Write 2.jpg,48.mp4,different,same,target,write,48,1,,,
129,1696433569849,04/10/2023 15:32:49,1696444369849,3,04/10/2023 21:32:49,142916,11,task-tfo5,,32033764,qkorrllg,9473775,,complete,,,computer,Desktop or Laptop,Windows 7,Firefox 115.0,1920x1080,1920x927,Accepted,,0,rsl experimental trials list2,17,rsl_list2,Not on phone,,Accepted,rsl_list2,11,match,Screen 4,9wlxvm,4,response,match,3121.7399999999907,3116.539999999979,3121.7399999999907,3121.7399999999907,3116.539999999979,3121.7399999999907,1,3121.7399999999907,0,0,,Keyboard Response,Keyboard Response,6,object-183,match,Write 2.jpg,48.mp4,different,same,target,write,48,1,,,
130,1696433570344,04/10/2023 15:32:50,1696444370344,3,04/10/2023 21:32:50,142916,11,task-tfo5,,32033764,qkorrllg,9473775,,complete,,,computer,Desktop or Laptop,Windows 7,Firefox 115.0,1920x1080,1920x927,Accepted,,0,rsl experimental trials list2,17,rsl_list2,Not on phone,,Accepted,rsl_list2,15,nomatch,Screen 1,8mz8sc,1,continue,,499.9800000000105,499.9800000000105,499.9800000000105,499.9800000000105,499.9800000000105,499.9800000000105,1,499.9800000000105,0,0,,Fixation Timing,,1,object-186,nomatch,Flower 1.jpg,81.mp4,same,different,foil,na,81,1,,,
131,1696433571343,04/10/2023 15:32:51,1696444371343,3,04/10/2023 21:32:51,142916,11,task-tfo5,,32033764,qkorrllg,9473775,,complete,,,computer,Desktop or Laptop,Windows 7,Firefox 115.0,1920x1080,1920x927,Accepted,,0,rsl experimental trials list2,17,rsl_list2,Not on phone,,Accepted,rsl_list2,15,nomatch,Screen 2,zhfxqk,2,timedOut,,1000.2200000000012,999.9800000000105,1000.2200000000012,1000.2200000000012,999.9800000000105,1000.2200000000012,0,1000.2200000000012,0,0,,Time Limit,screen,0,screen,nomatch,Flower 1.jpg,81.mp4,same,different,foil,na,81,1,,,
132,1696433571644,04/10/2023 15:32:51,1696444371644,3,04/10/2023 21:32:51,142916,11,task-tfo5,,32033764,qkorrllg,9473775,,complete,,,computer,Desktop or Laptop,Windows 7,Firefox 115.0,1920x1080,1920x927,Accepted,,0,rsl experimental trials list2,17,rsl_list2,Not on phone,,Accepted,rsl_list2,15,nomatch,Screen 3,d73ena,3,timedOut,,300.2399999999907,299.9799999999814,300.2399999999907,300.2399999999907,299.9799999999814,300.2399999999907,1,300.2399999999907,0,0,,Time Limit,screen,0,screen,nomatch,Flower 1.jpg,81.mp4,same,different,foil,na,81,1,,,
133,1696433572060,04/10/2023 15:32:52,1696444372060,3,04/10/2023 21:32:52,142916,11,task-tfo5,,32033764,qkorrllg,9473775,,complete,,,computer,Desktop or Laptop,Windows 7,Firefox 115.0,1920x1080,1920x927,Accepted,,0,rsl experimental trials list2,17,rsl_list2,Not on phone,,Accepted,rsl_list2,15,nomatch,Screen 4,kfk7dt,4,info,Video start,178.22600000000932,166.73999999996158,178.22600000000932,178.22600000000932,166.73999999996158,178.22600000000932,0,178.22600000000932,0,0,,Video,video,1,object-204,nomatch,Flower 1.jpg,81.mp4,same,different,foil,na,81,1,,,
134,1696433574480,04/10/2023 15:32:54,1696444374480,3,04/10/2023 21:32:54,142916,11,task-tfo5,,32033764,qkorrllg,9473775,,complete,,,computer,Desktop or Laptop,Windows 7,Firefox 115.0,1920x1080,1920x927,Accepted,,0,rsl experimental trials list2,17,rsl_list2,Not on phone,,Accepted,rsl_list2,15,nomatch,Screen 4,kfk7dt,4,response,nomatch,2833.219999999972,2816.5599999999977,2833.219999999972,2833.219999999972,2816.5599999999977,2833.219999999972,0,2833.219999999972,0,0,,Keyboard Response,Keyboard Response,6,object-209,nomatch,Flower 1.jpg,81.mp4,same,different,foil,na,81,1,,,
135,1696433574961,04/10/2023 15:32:54,1696444374961,3,04/10/2023 21:32:54,142916,11,task-tfo5,,32033764,qkorrllg,9473775,,complete,,,computer,Desktop or Laptop,Windows 7,Firefox 115.0,1920x1080,1920x927,Accepted,,0,rsl experimental trials list2,17,rsl_list2,Not on phone,,Accepted,rsl_list2,12,match,Screen 1,nmofvp,1,continue,,499.9800000000105,499.9800000000105,499.9800000000105,499.9800000000105,499.9800000000105,499.9800000000105,1,499.9800000000105,0,0,,Fixation Timing,,1,object-167,match,Sail 1.jpg,18.mp4,same,same,target,sail,18,1,,,
136,1696433575961,04/10/2023 15:32:55,1696444375961,3,04/10/2023 21:32:55,142916,11,task-tfo5,,32033764,qkorrllg,9473775,,complete,,,computer,Desktop or Laptop,Windows 7,Firefox 115.0,1920x1080,1920x927,Accepted,,0,rsl experimental trials list2,17,rsl_list2,Not on phone,,Accepted,rsl_list2,12,match,Screen 2,pevo7u,2,timedOut,,999.9599999999919,999.9599999999919,999.9599999999919,999.9599999999919,999.9599999999919,999.9599999999919,0,999.9599999999919,0,0,,Time Limit,screen,0,screen,match,Sail 1.jpg,18.mp4,same,same,target,sail,18,1,,,
137,1696433576260,04/10/2023 15:32:56,1696444376260,3,04/10/2023 21:32:56,142916,11,task-tfo5,,32033764,qkorrllg,9473775,,complete,,,computer,Desktop or Laptop,Windows 7,Firefox 115.0,1920x1080,1920x927,Accepted,,0,rsl experimental trials list2,17,rsl_list2,Not on phone,,Accepted,rsl_list2,12,match,Screen 3,z1irvt,3,timedOut,,300.7600000000093,300,300.7600000000093,300.7600000000093,300,300.7600000000093,1,300.7600000000093,0,0,,Time Limit,screen,0,screen,match,Sail 1.jpg,18.mp4,same,same,target,sail,18,1,,,
138,1696433576636,04/10/2023 15:32:56,1696444376636,3,04/10/2023 21:32:56,142916,11,task-tfo5,,32033764,qkorrllg,9473775,,complete,,,computer,Desktop or Laptop,Windows 7,Firefox 115.0,1920x1080,1920x927,Accepted,,0,rsl experimental trials list2,17,rsl_list2,Not on phone,,Accepted,rsl_list2,12,match,Screen 4,9wlxvm,4,info,Video start,135.3530000000093,133.39999999996508,135.3530000000093,135.3530000000093,133.39999999996508,135.3530000000093,1,135.3530000000093,0,0,,Video,video,1,object-178,match,Sail 1.jpg,18.mp4,same,same,target,sail,18,1,,,
139,1696433579145,04/10/2023 15:32:59,1696444379145,3,04/10/2023 21:32:59,142916,11,task-tfo5,,32033764,qkorrllg,9473775,,complete,,,computer,Desktop or Laptop,Windows 7,Firefox 115.0,1920x1080,1920x927,Accepted,,0,rsl experimental trials list2,17,rsl_list2,Not on phone,,Accepted,rsl_list2,12,match,Screen 4,9wlxvm,4,response,match,2884.7600000000093,2883.3000000000175,2884.7600000000093,2884.7600000000093,2883.3000000000175,2884.7600000000093,1,2884.7600000000093,0,0,,Keyboard Response,Keyboard Response,6,object-183,match,Sail 1.jpg,18.mp4,same,same,target,sail,18,1,,,
140,1696433579643,04/10/2023 15:32:59,1696444379643,3,04/10/2023 21:32:59,142916,11,task-tfo5,,32033764,qkorrllg,9473775,,complete,,,computer,Desktop or Laptop,Windows 7,Firefox 115.0,1920x1080,1920x927,Accepted,,0,rsl experimental trials list2,17,rsl_list2,Not on phone,,Accepted,rsl_list2,16,nomatch,Screen 1,8mz8sc,1,continue,,499.8999999999942,499.8999999999942,499.8999999999942,499.8999999999942,499.8999999999942,499.8999999999942,1,499.8999999999942,0,0,,Fixation Timing,,1,object-186,nomatch,Book 2.jpg,74.mp4,same,different,foil,na,74,1,,,
141,1696433580645,04/10/2023 15:33:00,1696444380645,3,04/10/2023 21:33:00,142916,11,task-tfo5,,32033764,qkorrllg,9473775,,complete,,,computer,Desktop or Laptop,Windows 7,Firefox 115.0,1920x1080,1920x927,Accepted,,0,rsl experimental trials list2,17,rsl_list2,Not on phone,,Accepted,rsl_list2,16,nomatch,Screen 2,zhfxqk,2,timedOut,,1001.5599999999977,1000,1001.5599999999977,1001.5599999999977,1000,1001.5599999999977,0,1001.5599999999977,0,0,,Time Limit,screen,0,screen,nomatch,Book 2.jpg,74.mp4,same,different,foil,na,74,1,,,
142,1696433580945,04/10/2023 15:33:00,1696444380945,3,04/10/2023 21:33:00,142916,11,task-tfo5,,32033764,qkorrllg,9473775,,complete,,,computer,Desktop or Laptop,Windows 7,Firefox 115.0,1920x1080,1920x927,Accepted,,0,rsl experimental trials list2,17,rsl_list2,Not on phone,,Accepted,rsl_list2,16,nomatch,Screen 3,d73ena,3,timedOut,,301.5599999999977,300,301.5599999999977,301.5599999999977,300,301.5599999999977,1,301.5599999999977,0,0,,Time Limit,screen,0,screen,nomatch,Book 2.jpg,74.mp4,same,different,foil,na,74,1,,,
143,1696433581306,04/10/2023 15:33:01,1696444381306,3,04/10/2023 21:33:01,142916,11,task-tfo5,,32033764,qkorrllg,9473775,,complete,,,computer,Desktop or Laptop,Windows 7,Firefox 115.0,1920x1080,1920x927,Accepted,,0,rsl experimental trials list2,17,rsl_list2,Not on phone,,Accepted,rsl_list2,16,nomatch,Screen 4,kfk7dt,4,info,Video start,121.75099999999767,116.48000000009779,121.75099999999767,121.75099999999767,116.48000000009779,121.75099999999767,0,121.75099999999767,0,0,,Video,video,1,object-204,nomatch,Book 2.jpg,74.mp4,same,different,foil,na,74,1,,,
144,1696433583017,04/10/2023 15:33:03,1696444383017,3,04/10/2023 21:33:03,142916,11,task-tfo5,,32033764,qkorrllg,9473775,,complete,,,computer,Desktop or Laptop,Windows 7,Firefox 115.0,1920x1080,1920x927,Accepted,,0,rsl experimental trials list2,17,rsl_list2,Not on phone,,Accepted,rsl_list2,16,nomatch,Screen 4,kfk7dt,4,response,nomatch,2073.5599999999977,2066.6600000000035,2073.5599999999977,2073.5599999999977,2066.6600000000035,2073.5599999999977,0,2073.5599999999977,0,0,,Keyboard Response,Keyboard Response,6,object-209,nomatch,Book 2.jpg,74.mp4,same,different,foil,na,74,1,,,
145,1696433583510,04/10/2023 15:33:03,1696444383510,3,04/10/2023 21:33:03,142916,11,task-tfo5,,32033764,qkorrllg,9473775,,complete,,,computer,Desktop or Laptop,Windows 7,Firefox 115.0,1920x1080,1920x927,Accepted,,0,rsl experimental trials list2,17,rsl_list2,Not on phone,,Accepted,rsl_list2,13,match,Screen 1,nmofvp,1,continue,,499.85999999998603,499.85999999998603,499.85999999998603,499.85999999998603,499.85999999998603,499.85999999998603,1,499.85999999998603,0,0,,Fixation Timing,,1,object-167,match,Color 1.jpg,3.mp4,same,same,target,color,3,1,,,
146,1696433584510,04/10/2023 15:33:04,1696444384510,3,04/10/2023 21:33:04,142916,11,task-tfo5,,32033764,qkorrllg,9473775,,complete,,,computer,Desktop or Laptop,Windows 7,Firefox 115.0,1920x1080,1920x927,Accepted,,0,rsl experimental trials list2,17,rsl_list2,Not on phone,,Accepted,rsl_list2,13,match,Screen 2,pevo7u,2,timedOut,,1000.0400000000081,1000,1000.0400000000081,1000.0400000000081,1000,1000.0400000000081,0,1000.0400000000081,0,0,,Time Limit,screen,0,screen,match,Color 1.jpg,3.mp4,same,same,target,color,3,1,,,
147,1696433584810,04/10/2023 15:33:04,1696444384810,3,04/10/2023 21:33:04,142916,11,task-tfo5,,32033764,qkorrllg,9473775,,complete,,,computer,Desktop or Laptop,Windows 7,Firefox 115.0,1920x1080,1920x927,Accepted,,0,rsl experimental trials list2,17,rsl_list2,Not on phone,,Accepted,rsl_list2,13,match,Screen 3,z1irvt,3,timedOut,,300.04000000000815,300,300.04000000000815,300.04000000000815,300,300.04000000000815,1,300.04000000000815,0,0,,Time Limit,screen,0,screen,match,Color 1.jpg,3.mp4,same,same,target,color,3,1,,,
148,1696433585202,04/10/2023 15:33:05,1696444385202,3,04/10/2023 21:33:05,142916,11,task-tfo5,,32033764,qkorrllg,9473775,,complete,,,computer,Desktop or Laptop,Windows 7,Firefox 115.0,1920x1080,1920x927,Accepted,,0,rsl experimental trials list2,17,rsl_list2,Not on phone,,Accepted,rsl_list2,13,match,Screen 4,9wlxvm,4,info,Video start,150.0799999999581,133.4199999999546,150.0799999999581,150.0799999999581,133.4199999999546,150.0799999999581,1,150.0799999999581,0,0,,Video,video,1,object-178,match,Color 1.jpg,3.mp4,same,same,target,color,3,1,,,
149,1696433599135,04/10/2023 15:33:19,1696444399135,3,04/10/2023 21:33:19,142916,11,task-tfo5,,32033764,qkorrllg,9473775,,complete,,,computer,Desktop or Laptop,Windows 7,Firefox 115.0,1920x1080,1920x927,Accepted,,0,rsl experimental trials list2,17,rsl_list2,Not on phone,,Accepted,rsl_list2,13,match,Screen 4,9wlxvm,4,response,match,14325.040000000008,14316.100000000006,14325.040000000008,14325.040000000008,14316.100000000006,14325.040000000008,1,14325.040000000008,0,0,,Keyboard Response,Keyboard Response,6,object-183,match,Color 1.jpg,3.mp4,same,same,target,color,3,1,,,
150,1696433599626,04/10/2023 15:33:19,1696444399626,3,04/10/2023 21:33:19,142916,11,task-tfo5,,32033764,qkorrllg,9473775,,complete,,,computer,Desktop or Laptop,Windows 7,Firefox 115.0,1920x1080,1920x927,Accepted,,0,rsl experimental trials list2,17,rsl_list2,Not on phone,,Accepted,rsl_list2,14,match,Screen 1,nmofvp,1,continue,,500,500,500,500,500,500,1,500,0,0,,Fixation Timing,,1,object-167,match,Watch 2.jpg,47.mp4,same,same,target,watch,47,1,,,
151,1696433600626,04/10/2023 15:33:20,1696444400626,3,04/10/2023 21:33:20,142916,11,task-tfo5,,32033764,qkorrllg,9473775,,complete,,,computer,Desktop or Laptop,Windows 7,Firefox 115.0,1920x1080,1920x927,Accepted,,0,rsl experimental trials list2,17,rsl_list2,Not on phone,,Accepted,rsl_list2,14,match,Screen 2,pevo7u,2,timedOut,,1000.9400000000023,1000,1000.9400000000023,1000.9400000000023,1000,1000.9400000000023,0,1000.9400000000023,0,0,,Time Limit,screen,0,screen,match,Watch 2.jpg,47.mp4,same,same,target,watch,47,1,,,
152,1696433600926,04/10/2023 15:33:20,1696444400926,3,04/10/2023 21:33:20,142916,11,task-tfo5,,32033764,qkorrllg,9473775,,complete,,,computer,Desktop or Laptop,Windows 7,Firefox 115.0,1920x1080,1920x927,Accepted,,0,rsl experimental trials list2,17,rsl_list2,Not on phone,,Accepted,rsl_list2,14,match,Screen 3,z1irvt,3,timedOut,,299.9400000000023,299.88000000000466,299.9400000000023,299.9400000000023,299.88000000000466,299.9400000000023,1,299.9400000000023,0,0,,Time Limit,screen,0,screen,match,Watch 2.jpg,47.mp4,same,same,target,watch,47,1,,,
153,1696433601242,04/10/2023 15:33:21,1696444401242,3,04/10/2023 21:33:21,142916,11,task-tfo5,,32033764,qkorrllg,9473775,,complete,,,computer,Desktop or Laptop,Windows 7,Firefox 115.0,1920x1080,1920x927,Accepted,,0,rsl experimental trials list2,17,rsl_list2,Not on phone,,Accepted,rsl_list2,14,match,Screen 4,9wlxvm,4,info,Video start,66.7599999999511,50.09999999994761,66.7599999999511,66.7599999999511,50.09999999994761,66.7599999999511,1,66.7599999999511,0,0,,Video,video,1,object-178,match,Watch 2.jpg,47.mp4,same,same,target,watch,47,1,,,
154,1696433604582,04/10/2023 15:33:24,1696444404582,3,04/10/2023 21:33:24,142916,11,task-tfo5,,32033764,qkorrllg,9473775,,complete,,,computer,Desktop or Laptop,Windows 7,Firefox 115.0,1920x1080,1920x927,Accepted,,0,rsl experimental trials list2,17,rsl_list2,Not on phone,,Accepted,rsl_list2,14,match,Screen 4,9wlxvm,4,response,match,3657.0599999999977,3649.9199999999837,3657.0599999999977,3657.0599999999977,3649.9199999999837,3657.0599999999977,1,3657.0599999999977,0,0,,Keyboard Response,Keyboard Response,6,object-183,match,Watch 2.jpg,47.mp4,same,same,target,watch,47,1,,,
155,1696433605076,04/10/2023 15:33:25,1696444405076,3,04/10/2023 21:33:25,142916,11,task-tfo5,,32033764,qkorrllg,9473775,,complete,,,computer,Desktop or Laptop,Windows 7,Firefox 115.0,1920x1080,1920x927,Accepted,,0,rsl experimental trials list2,17,rsl_list2,Not on phone,,Accepted,rsl_list2,17,nomatch,Screen 1,8mz8sc,1,continue,,500,500,500,500,500,500,1,500,0,0,,Fixation Timing,,1,object-186,nomatch,Metal 1.jpg,83.mp4,different,different,foil,na,83,1,,,
156,1696433606076,04/10/2023 15:33:26,1696444406076,3,04/10/2023 21:33:26,142916,11,task-tfo5,,32033764,qkorrllg,9473775,,complete,,,computer,Desktop or Laptop,Windows 7,Firefox 115.0,1920x1080,1920x927,Accepted,,0,rsl experimental trials list2,17,rsl_list2,Not on phone,,Accepted,rsl_list2,17,nomatch,Screen 2,zhfxqk,2,timedOut,,1000.140000000014,999.9400000000023,1000.140000000014,1000.140000000014,999.9400000000023,1000.140000000014,0,1000.140000000014,0,0,,Time Limit,screen,0,screen,nomatch,Metal 1.jpg,83.mp4,different,different,foil,na,83,1,,,
157,1696433606376,04/10/2023 15:33:26,1696444406376,3,04/10/2023 21:33:26,142916,11,task-tfo5,,32033764,qkorrllg,9473775,,complete,,,computer,Desktop or Laptop,Windows 7,Firefox 115.0,1920x1080,1920x927,Accepted,,0,rsl experimental trials list2,17,rsl_list2,Not on phone,,Accepted,rsl_list2,17,nomatch,Screen 3,d73ena,3,timedOut,,300.20000000001164,300,300.20000000001164,300.20000000001164,300,300.20000000001164,1,300.20000000001164,0,0,,Time Limit,screen,0,screen,nomatch,Metal 1.jpg,83.mp4,different,different,foil,na,83,1,,,
158,1696433606708,04/10/2023 15:33:26,1696444406708,3,04/10/2023 21:33:26,142916,11,task-tfo5,,32033764,qkorrllg,9473775,,complete,,,computer,Desktop or Laptop,Windows 7,Firefox 115.0,1920x1080,1920x927,Accepted,,0,rsl experimental trials list2,17,rsl_list2,Not on phone,,Accepted,rsl_list2,17,nomatch,Screen 4,kfk7dt,4,info,Video start,92.98400000001163,83.4199999999546,92.98400000001163,92.98400000001163,83.4199999999546,92.98400000001163,0,92.98400000001163,0,0,,Video,video,1,object-204,nomatch,Metal 1.jpg,83.mp4,different,different,foil,na,83,1,,,
159,1696433609567,04/10/2023 15:33:29,1696444409567,3,04/10/2023 21:33:29,142916,11,task-tfo5,,32033764,qkorrllg,9473775,,complete,,,computer,Desktop or Laptop,Windows 7,Firefox 115.0,1920x1080,1920x927,Accepted,,0,rsl experimental trials list2,17,rsl_list2,Not on phone,,Accepted,rsl_list2,17,nomatch,Screen 4,kfk7dt,4,response,nomatch,3191.2000000000116,3183.220000000001,3191.2000000000116,3191.2000000000116,3183.220000000001,3191.2000000000116,0,3191.2000000000116,0,0,,Keyboard Response,Keyboard Response,6,object-209,nomatch,Metal 1.jpg,83.mp4,different,different,foil,na,83,1,,,
160,1696433610059,04/10/2023 15:33:30,1696444410059,3,04/10/2023 21:33:30,142916,11,task-tfo5,,32033764,qkorrllg,9473775,,complete,,,computer,Desktop or Laptop,Windows 7,Firefox 115.0,1920x1080,1920x927,Accepted,,0,rsl experimental trials list2,17,rsl_list2,Not on phone,,Accepted,rsl_list2,18,nomatch,Screen 1,8mz8sc,1,continue,,500,500,500,500,500,500,1,500,0,0,,Fixation Timing,,1,object-186,nomatch,Cry 2.jpg,86.mp4,different,different,foil,na,86,1,,,
161,1696433611060,04/10/2023 15:33:31,1696444411060,3,04/10/2023 21:33:31,142916,11,task-tfo5,,32033764,qkorrllg,9473775,,complete,,,computer,Desktop or Laptop,Windows 7,Firefox 115.0,1920x1080,1920x927,Accepted,,0,rsl experimental trials list2,17,rsl_list2,Not on phone,,Accepted,rsl_list2,18,nomatch,Screen 2,zhfxqk,2,timedOut,,1000.9800000000105,999.9200000000128,1000.9800000000105,1000.9800000000105,999.9200000000128,1000.9800000000105,0,1000.9800000000105,0,0,,Time Limit,screen,0,screen,nomatch,Cry 2.jpg,86.mp4,different,different,foil,na,86,1,,,
162,1696433611360,04/10/2023 15:33:31,1696444411360,3,04/10/2023 21:33:31,142916,11,task-tfo5,,32033764,qkorrllg,9473775,,complete,,,computer,Desktop or Laptop,Windows 7,Firefox 115.0,1920x1080,1920x927,Accepted,,0,rsl experimental trials list2,17,rsl_list2,Not on phone,,Accepted,rsl_list2,18,nomatch,Screen 3,d73ena,3,timedOut,,301.0599999999977,300,301.0599999999977,301.0599999999977,300,301.0599999999977,1,301.0599999999977,0,0,,Time Limit,screen,0,screen,nomatch,Cry 2.jpg,86.mp4,different,different,foil,na,86,1,,,
163,1696433611700,04/10/2023 15:33:31,1696444411700,3,04/10/2023 21:33:31,142916,11,task-tfo5,,32033764,qkorrllg,9473775,,complete,,,computer,Desktop or Laptop,Windows 7,Firefox 115.0,1920x1080,1920x927,Accepted,,0,rsl experimental trials list2,17,rsl_list2,Not on phone,,Accepted,rsl_list2,18,nomatch,Screen 4,kfk7dt,4,info,Video start,100.25299999999768,100.09999999994761,100.25299999999768,100.25299999999768,100.09999999994761,100.25299999999768,0,100.25299999999768,0,0,,Video,video,1,object-204,nomatch,Cry 2.jpg,86.mp4,different,different,foil,na,86,1,,,
164,1696433613759,04/10/2023 15:33:33,1696444413759,3,04/10/2023 21:33:33,142916,11,task-tfo5,,32033764,qkorrllg,9473775,,complete,,,computer,Desktop or Laptop,Windows 7,Firefox 115.0,1920x1080,1920x927,Accepted,,0,rsl experimental trials list2,17,rsl_list2,Not on phone,,Accepted,rsl_list2,18,nomatch,Screen 4,kfk7dt,4,response,nomatch,2399.899999999994,2383.2399999999907,2399.899999999994,2399.899999999994,2383.2399999999907,2399.899999999994,0,2399.899999999994,0,0,,Keyboard Response,Keyboard Response,6,object-209,nomatch,Cry 2.jpg,86.mp4,different,different,foil,na,86,1,,,
165,1696433614242,04/10/2023 15:33:34,1696444414242,3,04/10/2023 21:33:34,142916,11,task-tfo5,,32033764,qkorrllg,9473775,,complete,,,computer,Desktop or Laptop,Windows 7,Firefox 115.0,1920x1080,1920x927,Accepted,,0,rsl experimental trials list2,17,rsl_list2,Not on phone,,Accepted,rsl_list2,15,match,Screen 1,nmofvp,1,continue,,500,500,500,500,500,500,1,500,0,0,,Fixation Timing,,1,object-167,match,Play 1.jpg,16.mp4,different,same,target,play,16,1,,,
166,1696433615243,04/10/2023 15:33:35,1696444415243,3,04/10/2023 21:33:35,142916,11,task-tfo5,,32033764,qkorrllg,9473775,,complete,,,computer,Desktop or Laptop,Windows 7,Firefox 115.0,1920x1080,1920x927,Accepted,,0,rsl experimental trials list2,17,rsl_list2,Not on phone,,Accepted,rsl_list2,15,match,Screen 2,pevo7u,2,timedOut,,1000.820000000007,999.9400000000023,1000.820000000007,1000.820000000007,999.9400000000023,1000.820000000007,0,1000.820000000007,0,0,,Time Limit,screen,0,screen,match,Play 1.jpg,16.mp4,different,same,target,play,16,1,,,
167,1696433615543,04/10/2023 15:33:35,1696444415543,3,04/10/2023 21:33:35,142916,11,task-tfo5,,32033764,qkorrllg,9473775,,complete,,,computer,Desktop or Laptop,Windows 7,Firefox 115.0,1920x1080,1920x927,Accepted,,0,rsl experimental trials list2,17,rsl_list2,Not on phone,,Accepted,rsl_list2,15,match,Screen 3,z1irvt,3,timedOut,,301.88000000000466,300,301.88000000000466,301.88000000000466,300,301.88000000000466,1,301.88000000000466,0,0,,Time Limit,screen,0,screen,match,Play 1.jpg,16.mp4,different,same,target,play,16,1,,,
168,1696433615863,04/10/2023 15:33:35,1696444415863,3,04/10/2023 21:33:35,142916,11,task-tfo5,,32033764,qkorrllg,9473775,,complete,,,computer,Desktop or Laptop,Windows 7,Firefox 115.0,1920x1080,1920x927,Accepted,,0,rsl experimental trials list2,17,rsl_list2,Not on phone,,Accepted,rsl_list2,15,match,Screen 4,9wlxvm,4,info,Video start,83.1600000000908,83.1600000000908,83.1600000000908,83.1600000000908,83.1600000000908,83.1600000000908,1,83.1600000000908,0,0,,Video,video,1,object-178,match,Play 1.jpg,16.mp4,different,same,target,play,16,1,,,
169,1696433618527,04/10/2023 15:33:38,1696444418527,3,04/10/2023 21:33:38,142916,11,task-tfo5,,32033764,qkorrllg,9473775,,complete,,,computer,Desktop or Laptop,Windows 7,Firefox 115.0,1920x1080,1920x927,Accepted,,0,rsl experimental trials list2,17,rsl_list2,Not on phone,,Accepted,rsl_list2,15,match,Screen 4,9wlxvm,4,response,nomatch,2985.8800000000047,2983.2399999999907,2985.8800000000047,2985.8800000000047,2983.2399999999907,2985.8800000000047,1,2985.8800000000047,0,0,,Keyboard Response,Keyboard Response,6,object-183,match,Play 1.jpg,16.mp4,different,same,target,play,16,1,,,
170,1696433619025,04/10/2023 15:33:39,1696444419025,3,04/10/2023 21:33:39,142916,11,task-tfo5,,32033764,qkorrllg,9473775,,complete,,,computer,Desktop or Laptop,Windows 7,Firefox 115.0,1920x1080,1920x927,Accepted,,0,rsl experimental trials list2,17,rsl_list2,Not on phone,,Accepted,rsl_list2,19,nomatch,Screen 1,8mz8sc,1,continue,,499.9200000000128,499.9200000000128,499.9200000000128,499.9200000000128,499.9200000000128,499.9200000000128,1,499.9200000000128,0,0,,Fixation Timing,,1,object-186,nomatch,Sing 1.jpg,92.mp4,different,different,foil,na,92,1,,,
171,1696433620025,04/10/2023 15:33:40,1696444420025,3,04/10/2023 21:33:40,142916,11,task-tfo5,,32033764,qkorrllg,9473775,,complete,,,computer,Desktop or Laptop,Windows 7,Firefox 115.0,1920x1080,1920x927,Accepted,,0,rsl experimental trials list2,17,rsl_list2,Not on phone,,Accepted,rsl_list2,19,nomatch,Screen 2,zhfxqk,2,timedOut,,1000,1000,1000,1000,1000,1000,0,1000,0,0,,Time Limit,screen,0,screen,nomatch,Sing 1.jpg,92.mp4,different,different,foil,na,92,1,,,
172,1696433620325,04/10/2023 15:33:40,1696444420325,3,04/10/2023 21:33:40,142916,11,task-tfo5,,32033764,qkorrllg,9473775,,complete,,,computer,Desktop or Laptop,Windows 7,Firefox 115.0,1920x1080,1920x927,Accepted,,0,rsl experimental trials list2,17,rsl_list2,Not on phone,,Accepted,rsl_list2,19,nomatch,Screen 3,d73ena,3,timedOut,,300,300,300,300,300,300,1,300,0,0,,Time Limit,screen,0,screen,nomatch,Sing 1.jpg,92.mp4,different,different,foil,na,92,1,,,
173,1696433620690,04/10/2023 15:33:40,1696444420690,3,04/10/2023 21:33:40,142916,11,task-tfo5,,32033764,qkorrllg,9473775,,complete,,,computer,Desktop or Laptop,Windows 7,Firefox 115.0,1920x1080,1920x927,Accepted,,0,rsl experimental trials list2,17,rsl_list2,Not on phone,,Accepted,rsl_list2,19,nomatch,Screen 4,kfk7dt,4,info,Video start,125.79800000000117,116.7599999999511,125.79800000000117,125.79800000000117,116.7599999999511,125.79800000000117,0,125.79800000000117,0,0,,Video,video,1,object-204,nomatch,Sing 1.jpg,92.mp4,different,different,foil,na,92,1,,,
174,1696433623086,04/10/2023 15:33:43,1696444423086,3,04/10/2023 21:33:43,142916,11,task-tfo5,,32033764,qkorrllg,9473775,,complete,,,computer,Desktop or Laptop,Windows 7,Firefox 115.0,1920x1080,1920x927,Accepted,,0,rsl experimental trials list2,17,rsl_list2,Not on phone,,Accepted,rsl_list2,19,nomatch,Screen 4,kfk7dt,4,response,nomatch,2760.720000000001,2749.899999999994,2760.720000000001,2760.720000000001,2749.899999999994,2760.720000000001,0,2760.720000000001,0,0,,Keyboard Response,Keyboard Response,6,object-209,nomatch,Sing 1.jpg,92.mp4,different,different,foil,na,92,1,,,
175,1696433623575,04/10/2023 15:33:43,1696444423575,3,04/10/2023 21:33:43,142916,11,task-tfo5,,32033764,qkorrllg,9473775,,complete,,,computer,Desktop or Laptop,Windows 7,Firefox 115.0,1920x1080,1920x927,Accepted,,0,rsl experimental trials list2,17,rsl_list2,Not on phone,,Accepted,rsl_list2,20,nomatch,Screen 1,8mz8sc,1,continue,,499.9400000000023,499.9400000000023,499.9400000000023,499.9400000000023,499.9400000000023,499.9400000000023,1,499.9400000000023,0,0,,Fixation Timing,,1,object-186,nomatch,Wait 1.jpg,71.mp4,different,different,foil,na,71,1,,,
176,1696433624576,04/10/2023 15:33:44,1696444424576,3,04/10/2023 21:33:44,142916,11,task-tfo5,,32033764,qkorrllg,9473775,,complete,,,computer,Desktop or Laptop,Windows 7,Firefox 115.0,1920x1080,1920x927,Accepted,,0,rsl experimental trials list2,17,rsl_list2,Not on phone,,Accepted,rsl_list2,20,nomatch,Screen 2,zhfxqk,2,timedOut,,1000.8800000000047,1000,1000.8800000000047,1000.8800000000047,1000,1000.8800000000047,0,1000.8800000000047,0,0,,Time Limit,screen,0,screen,nomatch,Wait 1.jpg,71.mp4,different,different,foil,na,71,1,,,
177,1696433624875,04/10/2023 15:33:44,1696444424875,3,04/10/2023 21:33:44,142916,11,task-tfo5,,32033764,qkorrllg,9473775,,complete,,,computer,Desktop or Laptop,Windows 7,Firefox 115.0,1920x1080,1920x927,Accepted,,0,rsl experimental trials list2,17,rsl_list2,Not on phone,,Accepted,rsl_list2,20,nomatch,Screen 3,d73ena,3,timedOut,,300.88000000000466,300,300.88000000000466,300.88000000000466,300,300.88000000000466,1,300.88000000000466,0,0,,Time Limit,screen,0,screen,nomatch,Wait 1.jpg,71.mp4,different,different,foil,na,71,1,,,
178,1696433625193,04/10/2023 15:33:45,1696444425193,3,04/10/2023 21:33:45,142916,11,task-tfo5,,32033764,qkorrllg,9473775,,complete,,,computer,Desktop or Laptop,Windows 7,Firefox 115.0,1920x1080,1920x927,Accepted,,0,rsl experimental trials list2,17,rsl_list2,Not on phone,,Accepted,rsl_list2,20,nomatch,Screen 4,kfk7dt,4,info,Video start,83.1600000000908,83.1600000000908,83.1600000000908,83.1600000000908,83.1600000000908,83.1600000000908,0,83.1600000000908,0,0,,Video,video,1,object-204,nomatch,Wait 1.jpg,71.mp4,different,different,foil,na,71,1,,,
179,1696433627581,04/10/2023 15:33:47,1696444427581,3,04/10/2023 21:33:47,142916,11,task-tfo5,,32033764,qkorrllg,9473775,,complete,,,computer,Desktop or Laptop,Windows 7,Firefox 115.0,1920x1080,1920x927,Accepted,,0,rsl experimental trials list2,17,rsl_list2,Not on phone,,Accepted,rsl_list2,20,nomatch,Screen 4,kfk7dt,4,response,nomatch,2706.8800000000047,2699.899999999994,2706.8800000000047,2706.8800000000047,2699.899999999994,2706.8800000000047,0,2706.8800000000047,0,0,,Keyboard Response,Keyboard Response,6,object-209,nomatch,Wait 1.jpg,71.mp4,different,different,foil,na,71,1,,,
180,1696433628075,04/10/2023 15:33:48,1696444428075,3,04/10/2023 21:33:48,142916,11,task-tfo5,,32033764,qkorrllg,9473775,,complete,,,computer,Desktop or Laptop,Windows 7,Firefox 115.0,1920x1080,1920x927,Accepted,,0,rsl experimental trials list2,17,rsl_list2,Not on phone,,Accepted,rsl_list2,16,match,Screen 1,nmofvp,1,continue,,500,500,500,500,500,500,1,500,0,0,,Fixation Timing,,1,object-167,match,Win 2.jpg,24.mp4,different,same,target,win,24,1,,,
181,1696433629075,04/10/2023 15:33:49,1696444429075,3,04/10/2023 21:33:49,142916,11,task-tfo5,,32033764,qkorrllg,9473775,,complete,,,computer,Desktop or Laptop,Windows 7,Firefox 115.0,1920x1080,1920x927,Accepted,,0,rsl experimental trials list2,17,rsl_list2,Not on phone,,Accepted,rsl_list2,16,match,Screen 2,pevo7u,2,timedOut,,1000,1000,1000,1000,1000,1000,0,1000,0,0,,Time Limit,screen,0,screen,match,Win 2.jpg,24.mp4,different,same,target,win,24,1,,,
182,1696433629375,04/10/2023 15:33:49,1696444429375,3,04/10/2023 21:33:49,142916,11,task-tfo5,,32033764,qkorrllg,9473775,,complete,,,computer,Desktop or Laptop,Windows 7,Firefox 115.0,1920x1080,1920x927,Accepted,,0,rsl experimental trials list2,17,rsl_list2,Not on phone,,Accepted,rsl_list2,16,match,Screen 3,z1irvt,3,timedOut,,299.9800000000105,299.88000000000466,299.9800000000105,299.9800000000105,299.88000000000466,299.9800000000105,1,299.9800000000105,0,0,,Time Limit,screen,0,screen,match,Win 2.jpg,24.mp4,different,same,target,win,24,1,,,
183,1696433629755,04/10/2023 15:33:49,1696444429755,3,04/10/2023 21:33:49,142916,11,task-tfo5,,32033764,qkorrllg,9473775,,complete,,,computer,Desktop or Laptop,Windows 7,Firefox 115.0,1920x1080,1920x927,Accepted,,0,rsl experimental trials list2,17,rsl_list2,Not on phone,,Accepted,rsl_list2,16,match,Screen 4,9wlxvm,4,info,Video start,138.85600000000582,133.14000000010128,138.85600000000582,138.85600000000582,133.14000000010128,138.85600000000582,1,138.85600000000582,0,0,,Video,video,1,object-178,match,Win 2.jpg,24.mp4,different,same,target,win,24,1,,,
184,1696433631830,04/10/2023 15:33:51,1696444431830,3,04/10/2023 21:33:51,142916,11,task-tfo5,,32033764,qkorrllg,9473775,,complete,,,computer,Desktop or Laptop,Windows 7,Firefox 115.0,1920x1080,1920x927,Accepted,,0,rsl experimental trials list2,17,rsl_list2,Not on phone,,Accepted,rsl_list2,16,match,Screen 4,9wlxvm,4,response,match,2456.100000000006,2449.9800000000105,2456.100000000006,2456.100000000006,2449.9800000000105,2456.100000000006,1,2456.100000000006,0,0,,Keyboard Response,Keyboard Response,6,object-183,match,Win 2.jpg,24.mp4,different,same,target,win,24,1,,,
185,1696433632326,04/10/2023 15:33:52,1696444432326,3,04/10/2023 21:33:52,142916,11,task-tfo5,,32033764,qkorrllg,9473775,,complete,,,computer,Desktop or Laptop,Windows 7,Firefox 115.0,1920x1080,1920x927,Accepted,,0,rsl experimental trials list2,17,rsl_list2,Not on phone,,Accepted,rsl_list2,17,match,Screen 1,nmofvp,1,continue,,499.9199999999837,499.9199999999837,499.9199999999837,499.9199999999837,499.9199999999837,499.9199999999837,1,499.9199999999837,0,0,,Fixation Timing,,1,object-167,match,Cigar 1.jpg,30.mp4,different,same,target,cigar,30,1,,,
186,1696433633325,04/10/2023 15:33:53,1696444433325,3,04/10/2023 21:33:53,142916,11,task-tfo5,,32033764,qkorrllg,9473775,,complete,,,computer,Desktop or Laptop,Windows 7,Firefox 115.0,1920x1080,1920x927,Accepted,,0,rsl experimental trials list2,17,rsl_list2,Not on phone,,Accepted,rsl_list2,17,match,Screen 2,pevo7u,2,timedOut,,1000.2000000000116,1000,1000.2000000000116,1000.2000000000116,1000,1000.2000000000116,0,1000.2000000000116,0,0,,Time Limit,screen,0,screen,match,Cigar 1.jpg,30.mp4,different,same,target,cigar,30,1,,,
187,1696433633625,04/10/2023 15:33:53,1696444433625,3,04/10/2023 21:33:53,142916,11,task-tfo5,,32033764,qkorrllg,9473775,,complete,,,computer,Desktop or Laptop,Windows 7,Firefox 115.0,1920x1080,1920x927,Accepted,,0,rsl experimental trials list2,17,rsl_list2,Not on phone,,Accepted,rsl_list2,17,match,Screen 3,z1irvt,3,timedOut,,300.20000000001164,300,300.20000000001164,300.20000000001164,300,300.20000000001164,1,300.20000000001164,0,0,,Time Limit,screen,0,screen,match,Cigar 1.jpg,30.mp4,different,same,target,cigar,30,1,,,
188,1696433634011,04/10/2023 15:33:54,1696444434011,3,04/10/2023 21:33:54,142916,11,task-tfo5,,32033764,qkorrllg,9473775,,complete,,,computer,Desktop or Laptop,Windows 7,Firefox 115.0,1920x1080,1920x927,Accepted,,0,rsl experimental trials list2,17,rsl_list2,Not on phone,,Accepted,rsl_list2,17,match,Screen 4,9wlxvm,4,info,Video start,150.01999999996042,150.01999999996042,150.01999999996042,150.01999999996042,150.01999999996042,150.01999999996042,1,150.01999999996042,0,0,,Video,video,1,object-178,match,Cigar 1.jpg,30.mp4,different,same,target,cigar,30,1,,,
189,1696433636164,04/10/2023 15:33:56,1696444436164,3,04/10/2023 21:33:56,142916,11,task-tfo5,,32033764,qkorrllg,9473775,,complete,,,computer,Desktop or Laptop,Windows 7,Firefox 115.0,1920x1080,1920x927,Accepted,,0,rsl experimental trials list2,17,rsl_list2,Not on phone,,Accepted,rsl_list2,17,match,Screen 4,9wlxvm,4,response,match,2533.2200000000885,2516.5400000000373,2533.2200000000885,2533.2200000000885,2516.5400000000373,2533.2200000000885,1,2533.2200000000885,0,0,,Keyboard Response,Keyboard Response,6,object-183,match,Cigar 1.jpg,30.mp4,different,same,target,cigar,30,1,,,
190,1696433636642,04/10/2023 15:33:56,1696444436642,3,04/10/2023 21:33:56,142916,11,task-tfo5,,32033764,qkorrllg,9473775,,complete,,,computer,Desktop or Laptop,Windows 7,Firefox 115.0,1920x1080,1920x927,Accepted,,0,rsl experimental trials list2,17,rsl_list2,Not on phone,,Accepted,rsl_list2,21,nomatch,Screen 1,8mz8sc,1,continue,,500,500,500,500,500,500,1,500,0,0,,Fixation Timing,,1,object-186,nomatch,Try 1.jpg,70.mp4,different,different,foil,na,70,1,,,
191,1696433637643,04/10/2023 15:33:57,1696444437643,3,04/10/2023 21:33:57,142916,11,task-tfo5,,32033764,qkorrllg,9473775,,complete,,,computer,Desktop or Laptop,Windows 7,Firefox 115.0,1920x1080,1920x927,Accepted,,0,rsl experimental trials list2,17,rsl_list2,Not on phone,,Accepted,rsl_list2,21,nomatch,Screen 2,zhfxqk,2,timedOut,,1001.6599999999744,1000,1001.6599999999744,1001.6599999999744,1000,1001.6599999999744,0,1001.6599999999744,0,0,,Time Limit,screen,0,screen,nomatch,Try 1.jpg,70.mp4,different,different,foil,na,70,1,,,
192,1696433637942,04/10/2023 15:33:57,1696444437942,3,04/10/2023 21:33:57,142916,11,task-tfo5,,32033764,qkorrllg,9473775,,complete,,,computer,Desktop or Laptop,Windows 7,Firefox 115.0,1920x1080,1920x927,Accepted,,0,rsl experimental trials list2,17,rsl_list2,Not on phone,,Accepted,rsl_list2,21,nomatch,Screen 3,d73ena,3,timedOut,,300.6599999999744,300,300.6599999999744,300.6599999999744,300,300.6599999999744,1,300.6599999999744,0,0,,Time Limit,screen,0,screen,nomatch,Try 1.jpg,70.mp4,different,different,foil,na,70,1,,,
193,1696433638298,04/10/2023 15:33:58,1696444438298,3,04/10/2023 21:33:58,142916,11,task-tfo5,,32033764,qkorrllg,9473775,,complete,,,computer,Desktop or Laptop,Windows 7,Firefox 115.0,1920x1080,1920x927,Accepted,,0,rsl experimental trials list2,17,rsl_list2,Not on phone,,Accepted,rsl_list2,21,nomatch,Screen 4,kfk7dt,4,info,Video start,116.7739999999744,116.36000000004424,116.7739999999744,116.7739999999744,116.36000000004424,116.7739999999744,0,116.7739999999744,0,0,,Video,video,1,object-204,nomatch,Try 1.jpg,70.mp4,different,different,foil,na,70,1,,,
194,1696433641240,04/10/2023 15:34:01,1696444441240,3,04/10/2023 21:34:01,142916,11,task-tfo5,,32033764,qkorrllg,9473775,,complete,,,computer,Desktop or Laptop,Windows 7,Firefox 115.0,1920x1080,1920x927,Accepted,,0,rsl experimental trials list2,17,rsl_list2,Not on phone,,Accepted,rsl_list2,21,nomatch,Screen 4,kfk7dt,4,response,nomatch,3298.6599999999744,3283.1999999999534,3298.6599999999744,3298.6599999999744,3283.1999999999534,3298.6599999999744,0,3298.6599999999744,0,0,,Keyboard Response,Keyboard Response,6,object-209,nomatch,Try 1.jpg,70.mp4,different,different,foil,na,70,1,,,
195,1696433641725,04/10/2023 15:34:01,1696444441725,3,04/10/2023 21:34:01,142916,11,task-tfo5,,32033764,qkorrllg,9473775,,complete,,,computer,Desktop or Laptop,Windows 7,Firefox 115.0,1920x1080,1920x927,Accepted,,0,rsl experimental trials list2,17,rsl_list2,Not on phone,,Accepted,rsl_list2,18,match,Screen 1,nmofvp,1,continue,,499.9000000000233,499.9000000000233,499.9000000000233,499.9000000000233,499.9000000000233,499.9000000000233,1,499.9000000000233,0,0,,Fixation Timing,,1,object-167,match,Ring 2.jpg,9.mp4,different,same,target,ring,9,1,,,
196,1696433642725,04/10/2023 15:34:02,1696444442725,3,04/10/2023 21:34:02,142916,11,task-tfo5,,32033764,qkorrllg,9473775,,complete,,,computer,Desktop or Laptop,Windows 7,Firefox 115.0,1920x1080,1920x927,Accepted,,0,rsl experimental trials list2,17,rsl_list2,Not on phone,,Accepted,rsl_list2,18,match,Screen 2,pevo7u,2,timedOut,,1000.5599999999977,1000,1000.5599999999977,1000.5599999999977,1000,1000.5599999999977,0,1000.5599999999977,0,0,,Time Limit,screen,0,screen,match,Ring 2.jpg,9.mp4,different,same,target,ring,9,1,,,
197,1696433643024,04/10/2023 15:34:03,1696444443024,3,04/10/2023 21:34:03,142916,11,task-tfo5,,32033764,qkorrllg,9473775,,complete,,,computer,Desktop or Laptop,Windows 7,Firefox 115.0,1920x1080,1920x927,Accepted,,0,rsl experimental trials list2,17,rsl_list2,Not on phone,,Accepted,rsl_list2,18,match,Screen 3,z1irvt,3,timedOut,,300.5599999999977,300,300.5599999999977,300.5599999999977,300,300.5599999999977,1,300.5599999999977,0,0,,Time Limit,screen,0,screen,match,Ring 2.jpg,9.mp4,different,same,target,ring,9,1,,,
198,1696433643404,04/10/2023 15:34:03,1696444443404,3,04/10/2023 21:34:03,142916,11,task-tfo5,,32033764,qkorrllg,9473775,,complete,,,computer,Desktop or Laptop,Windows 7,Firefox 115.0,1920x1080,1920x927,Accepted,,0,rsl experimental trials list2,17,rsl_list2,Not on phone,,Accepted,rsl_list2,18,match,Screen 4,9wlxvm,4,info,Video start,138.33899999999767,133.42000000033295,138.33899999999767,138.33899999999767,133.42000000033295,138.33899999999767,1,138.33899999999767,0,0,,Video,video,1,object-178,match,Ring 2.jpg,9.mp4,different,same,target,ring,9,1,,,
199,1696433646005,04/10/2023 15:34:06,1696444446005,3,04/10/2023 21:34:06,142916,11,task-tfo5,,32033764,qkorrllg,9473775,,complete,,,computer,Desktop or Laptop,Windows 7,Firefox 115.0,1920x1080,1920x927,Accepted,,0,rsl experimental trials list2,17,rsl_list2,Not on phone,,Accepted,rsl_list2,18,match,Screen 4,9wlxvm,4,response,match,2981.5599999999977,2966.539999999979,2981.5599999999977,2981.5599999999977,2966.539999999979,2981.5599999999977,1,2981.5599999999977,0,0,,Keyboard Response,Keyboard Response,6,object-183,match,Ring 2.jpg,9.mp4,different,same,target,ring,9,1,,,
200,1696433646492,04/10/2023 15:34:06,1696444446492,3,04/10/2023 21:34:06,142916,11,task-tfo5,,32033764,qkorrllg,9473775,,complete,,,computer,Desktop or Laptop,Windows 7,Firefox 115.0,1920x1080,1920x927,Accepted,,0,rsl experimental trials list2,17,rsl_list2,Not on phone,,Accepted,rsl_list2,22,nomatch,Screen 1,8mz8sc,1,continue,,500,500,500,500,500,500,1,500,0,0,,Fixation Timing,,1,object-186,nomatch,Breathe 2.jpg,85.mp4,different,different,foil,na,85,1,,,
201,1696433647492,04/10/2023 15:34:07,1696444447492,3,04/10/2023 21:34:07,142916,11,task-tfo5,,32033764,qkorrllg,9473775,,complete,,,computer,Desktop or Laptop,Windows 7,Firefox 115.0,1920x1080,1920x927,Accepted,,0,rsl experimental trials list2,17,rsl_list2,Not on phone,,Accepted,rsl_list2,22,nomatch,Screen 2,zhfxqk,2,timedOut,,1001.0200000000186,999.9200000000419,1001.0200000000186,1001.0200000000186,999.9200000000419,1001.0200000000186,0,1001.0200000000186,0,0,,Time Limit,screen,0,screen,nomatch,Breathe 2.jpg,85.mp4,different,different,foil,na,85,1,,,
202,1696433647792,04/10/2023 15:34:07,1696444447792,3,04/10/2023 21:34:07,142916,11,task-tfo5,,32033764,qkorrllg,9473775,,complete,,,computer,Desktop or Laptop,Windows 7,Firefox 115.0,1920x1080,1920x927,Accepted,,0,rsl experimental trials list2,17,rsl_list2,Not on phone,,Accepted,rsl_list2,22,nomatch,Screen 3,d73ena,3,timedOut,,302.0999999999767,300,302.0999999999767,302.0999999999767,300,302.0999999999767,1,302.0999999999767,0,0,,Time Limit,screen,0,screen,nomatch,Breathe 2.jpg,85.mp4,different,different,foil,na,85,1,,,
203,1696433648156,04/10/2023 15:34:08,1696444448156,3,04/10/2023 21:34:08,142916,11,task-tfo5,,32033764,qkorrllg,9473775,,complete,,,computer,Desktop or Laptop,Windows 7,Firefox 115.0,1920x1080,1920x927,Accepted,,0,rsl experimental trials list2,17,rsl_list2,Not on phone,,Accepted,rsl_list2,22,nomatch,Screen 4,kfk7dt,4,info,Video start,125.12399999997672,116.73999999952503,125.12399999997672,125.12399999997672,116.73999999952503,125.12399999997672,0,125.12399999997672,0,0,,Video,video,1,object-204,nomatch,Breathe 2.jpg,85.mp4,different,different,foil,na,85,1,,,
204,1696433650686,04/10/2023 15:34:10,1696444450686,3,04/10/2023 21:34:10,142916,11,task-tfo5,,32033764,qkorrllg,9473775,,complete,,,computer,Desktop or Laptop,Windows 7,Firefox 115.0,1920x1080,1920x927,Accepted,,0,rsl experimental trials list2,17,rsl_list2,Not on phone,,Accepted,rsl_list2,22,nomatch,Screen 4,kfk7dt,4,response,nomatch,2895.0999999999767,2883.319999999949,2895.0999999999767,2895.0999999999767,2883.319999999949,2895.0999999999767,0,2895.0999999999767,0,0,,Keyboard Response,Keyboard Response,6,object-209,nomatch,Breathe 2.jpg,85.mp4,different,different,foil,na,85,1,,,
205,1696433651174,04/10/2023 15:34:11,1696444451174,3,04/10/2023 21:34:11,142916,11,task-tfo5,,32033764,qkorrllg,9473775,,complete,,,computer,Desktop or Laptop,Windows 7,Firefox 115.0,1920x1080,1920x927,Accepted,,0,rsl experimental trials list2,17,rsl_list2,Not on phone,,Accepted,rsl_list2,19,match,Screen 1,nmofvp,1,continue,,499.88000000000466,499.88000000000466,499.88000000000466,499.88000000000466,499.88000000000466,499.88000000000466,1,499.88000000000466,0,0,,Fixation Timing,,1,object-167,match,Frog 1.jpg,6.mp4,different,same,target,frog,6,1,,,
206,1696433652174,04/10/2023 15:34:12,1696444452174,3,04/10/2023 21:34:12,142916,11,task-tfo5,,32033764,qkorrllg,9473775,,complete,,,computer,Desktop or Laptop,Windows 7,Firefox 115.0,1920x1080,1920x927,Accepted,,0,rsl experimental trials list2,17,rsl_list2,Not on phone,,Accepted,rsl_list2,19,match,Screen 2,pevo7u,2,timedOut,,1000.9000000000233,1000,1000.9000000000233,1000.9000000000233,1000,1000.9000000000233,0,1000.9000000000233,0,0,,Time Limit,screen,0,screen,match,Frog 1.jpg,6.mp4,different,same,target,frog,6,1,,,
207,1696433652474,04/10/2023 15:34:12,1696444452474,3,04/10/2023 21:34:12,142916,11,task-tfo5,,32033764,qkorrllg,9473775,,complete,,,computer,Desktop or Laptop,Windows 7,Firefox 115.0,1920x1080,1920x927,Accepted,,0,rsl experimental trials list2,17,rsl_list2,Not on phone,,Accepted,rsl_list2,19,match,Screen 3,z1irvt,3,timedOut,,300,300,300,300,300,300,1,300,0,0,,Time Limit,screen,0,screen,match,Frog 1.jpg,6.mp4,different,same,target,frog,6,1,,,
208,1696433652840,04/10/2023 15:34:12,1696444452840,3,04/10/2023 21:34:12,142916,11,task-tfo5,,32033764,qkorrllg,9473775,,complete,,,computer,Desktop or Laptop,Windows 7,Firefox 115.0,1920x1080,1920x927,Accepted,,0,rsl experimental trials list2,17,rsl_list2,Not on phone,,Accepted,rsl_list2,19,match,Screen 4,9wlxvm,4,info,Video start,126.90000000002328,116.4000000001397,126.90000000002328,126.90000000002328,116.4000000001397,126.90000000002328,1,126.90000000002328,0,0,,Video,video,1,object-178,match,Frog 1.jpg,6.mp4,different,same,target,frog,6,1,,,
209,1696433655653,04/10/2023 15:34:15,1696444455653,3,04/10/2023 21:34:15,142916,11,task-tfo5,,32033764,qkorrllg,9473775,,complete,,,computer,Desktop or Laptop,Windows 7,Firefox 115.0,1920x1080,1920x927,Accepted,,0,rsl experimental trials list2,17,rsl_list2,Not on phone,,Accepted,rsl_list2,19,match,Screen 4,9wlxvm,4,response,match,3179.9000000000233,3166.5800000000163,3179.9000000000233,3179.9000000000233,3166.5800000000163,3179.9000000000233,1,3179.9000000000233,0,0,,Keyboard Response,Keyboard Response,6,object-183,match,Frog 1.jpg,6.mp4,different,same,target,frog,6,1,,,
210,1696433656141,04/10/2023 15:34:16,1696444456141,3,04/10/2023 21:34:16,142916,11,task-tfo5,,32033764,qkorrllg,9473775,,complete,,,computer,Desktop or Laptop,Windows 7,Firefox 115.0,1920x1080,1920x927,Accepted,,0,rsl experimental trials list2,17,rsl_list2,Not on phone,,Accepted,rsl_list2,20,match,Screen 1,nmofvp,1,continue,,499.88000000000466,499.88000000000466,499.88000000000466,499.88000000000466,499.88000000000466,499.88000000000466,1,499.88000000000466,0,0,,Fixation Timing,,1,object-167,match,Gorilla 2.jpg,7.mp4,same,same,target,gorilla,7,1,,,
211,1696433657141,04/10/2023 15:34:17,1696444457141,3,04/10/2023 21:34:17,142916,11,task-tfo5,,32033764,qkorrllg,9473775,,complete,,,computer,Desktop or Laptop,Windows 7,Firefox 115.0,1920x1080,1920x927,Accepted,,0,rsl experimental trials list2,17,rsl_list2,Not on phone,,Accepted,rsl_list2,20,match,Screen 2,pevo7u,2,timedOut,,1000.4400000000023,1000,1000.4400000000023,1000.4400000000023,1000,1000.4400000000023,0,1000.4400000000023,0,0,,Time Limit,screen,0,screen,match,Gorilla 2.jpg,7.mp4,same,same,target,gorilla,7,1,,,
212,1696433657441,04/10/2023 15:34:17,1696444457441,3,04/10/2023 21:34:17,142916,11,task-tfo5,,32033764,qkorrllg,9473775,,complete,,,computer,Desktop or Laptop,Windows 7,Firefox 115.0,1920x1080,1920x927,Accepted,,0,rsl experimental trials list2,17,rsl_list2,Not on phone,,Accepted,rsl_list2,20,match,Screen 3,z1irvt,3,timedOut,,300.4400000000023,300,300.4400000000023,300.4400000000023,300,300.4400000000023,1,300.4400000000023,0,0,,Time Limit,screen,0,screen,match,Gorilla 2.jpg,7.mp4,same,same,target,gorilla,7,1,,,
213,1696433657844,04/10/2023 15:34:17,1696444457844,3,04/10/2023 21:34:17,142916,11,task-tfo5,,32033764,qkorrllg,9473775,,complete,,,computer,Desktop or Laptop,Windows 7,Firefox 115.0,1920x1080,1920x927,Accepted,,0,rsl experimental trials list2,17,rsl_list2,Not on phone,,Accepted,rsl_list2,20,match,Screen 4,9wlxvm,4,info,Video start,166.42000000010012,166.42000000010012,166.42000000010012,166.42000000010012,166.42000000010012,166.42000000010012,1,166.42000000010012,0,0,,Video,video,1,object-178,match,Gorilla 2.jpg,7.mp4,same,same,target,gorilla,7,1,,,
214,1696433662389,04/10/2023 15:34:22,1696444462389,3,04/10/2023 21:34:22,142916,11,task-tfo5,,32033764,qkorrllg,9473775,,complete,,,computer,Desktop or Laptop,Windows 7,Firefox 115.0,1920x1080,1920x927,Accepted,,0,rsl experimental trials list2,17,rsl_list2,Not on phone,,Accepted,rsl_list2,20,match,Screen 4,9wlxvm,4,response,match,4948.440000000002,4933.200000000012,4948.440000000002,4948.440000000002,4933.200000000012,4948.440000000002,1,4948.440000000002,0,0,,Keyboard Response,Keyboard Response,6,object-183,match,Gorilla 2.jpg,7.mp4,same,same,target,gorilla,7,1,,,
215,1696433662874,04/10/2023 15:34:22,1696444462874,3,04/10/2023 21:34:22,142916,11,task-tfo5,,32033764,qkorrllg,9473775,,complete,,,computer,Desktop or Laptop,Windows 7,Firefox 115.0,1920x1080,1920x927,Accepted,,0,rsl experimental trials list2,17,rsl_list2,Not on phone,,Accepted,rsl_list2,21,match,Screen 1,nmofvp,1,continue,,499.88000000000466,499.88000000000466,499.88000000000466,499.88000000000466,499.88000000000466,499.88000000000466,1,499.88000000000466,0,0,,Fixation Timing,,1,object-167,match,Change 2.jpg,34.mp4,different,same,target,change,34,1,,,
216,1696433663874,04/10/2023 15:34:23,1696444463874,3,04/10/2023 21:34:23,142916,11,task-tfo5,,32033764,qkorrllg,9473775,,complete,,,computer,Desktop or Laptop,Windows 7,Firefox 115.0,1920x1080,1920x927,Accepted,,0,rsl experimental trials list2,17,rsl_list2,Not on phone,,Accepted,rsl_list2,21,match,Screen 2,pevo7u,2,timedOut,,1000.359999999986,1000,1000.359999999986,1000.359999999986,1000,1000.359999999986,0,1000.359999999986,0,0,,Time Limit,screen,0,screen,match,Change 2.jpg,34.mp4,different,same,target,change,34,1,,,
217,1696433664174,04/10/2023 15:34:24,1696444464174,3,04/10/2023 21:34:24,142916,11,task-tfo5,,32033764,qkorrllg,9473775,,complete,,,computer,Desktop or Laptop,Windows 7,Firefox 115.0,1920x1080,1920x927,Accepted,,0,rsl experimental trials list2,17,rsl_list2,Not on phone,,Accepted,rsl_list2,21,match,Screen 3,z1irvt,3,timedOut,,300.35999999998603,300,300.35999999998603,300.35999999998603,300,300.35999999998603,1,300.35999999998603,0,0,,Time Limit,screen,0,screen,match,Change 2.jpg,34.mp4,different,same,target,change,34,1,,,
218,1696433664534,04/10/2023 15:34:24,1696444464534,3,04/10/2023 21:34:24,142916,11,task-tfo5,,32033764,qkorrllg,9473775,,complete,,,computer,Desktop or Laptop,Windows 7,Firefox 115.0,1920x1080,1920x927,Accepted,,0,rsl experimental trials list2,17,rsl_list2,Not on phone,,Accepted,rsl_list2,21,match,Screen 4,9wlxvm,4,info,Video start,120.15099999998603,116.44000000006054,120.15099999998603,120.15099999998603,116.44000000006054,120.15099999998603,1,120.15099999998603,0,0,,Video,video,1,object-178,match,Change 2.jpg,34.mp4,different,same,target,change,34,1,,,
219,1696433667021,04/10/2023 15:34:27,1696444467021,3,04/10/2023 21:34:27,142916,11,task-tfo5,,32033764,qkorrllg,9473775,,complete,,,computer,Desktop or Laptop,Windows 7,Firefox 115.0,1920x1080,1920x927,Accepted,,0,rsl experimental trials list2,17,rsl_list2,Not on phone,,Accepted,rsl_list2,21,match,Screen 4,9wlxvm,4,response,match,2847.359999999986,2833.2799999999697,2847.359999999986,2847.359999999986,2833.2799999999697,2847.359999999986,1,2847.359999999986,0,0,,Keyboard Response,Keyboard Response,6,object-183,match,Change 2.jpg,34.mp4,different,same,target,change,34,1,,,
220,1696433667507,04/10/2023 15:34:27,1696444467507,3,04/10/2023 21:34:27,142916,11,task-tfo5,,32033764,qkorrllg,9473775,,complete,,,computer,Desktop or Laptop,Windows 7,Firefox 115.0,1920x1080,1920x927,Accepted,,0,rsl experimental trials list2,17,rsl_list2,Not on phone,,Accepted,rsl_list2,23,nomatch,Screen 1,8mz8sc,1,continue,,499.9000000000233,499.9000000000233,499.9000000000233,499.9000000000233,499.9000000000233,499.9000000000233,1,499.9000000000233,0,0,,Fixation Timing,,1,object-186,nomatch,Leave 2.jpg,88.mp4,different,different,foil,na,88,1,,,
221,1696433668507,04/10/2023 15:34:28,1696444468507,3,04/10/2023 21:34:28,142916,11,task-tfo5,,32033764,qkorrllg,9473775,,complete,,,computer,Desktop or Laptop,Windows 7,Firefox 115.0,1920x1080,1920x927,Accepted,,0,rsl experimental trials list2,17,rsl_list2,Not on phone,,Accepted,rsl_list2,23,nomatch,Screen 2,zhfxqk,2,timedOut,,1000.179999999993,1000,1000.179999999993,1000.179999999993,1000,1000.179999999993,0,1000.179999999993,0,0,,Time Limit,screen,0,screen,nomatch,Leave 2.jpg,88.mp4,different,different,foil,na,88,1,,,
222,1696433668807,04/10/2023 15:34:28,1696444468807,3,04/10/2023 21:34:28,142916,11,task-tfo5,,32033764,qkorrllg,9473775,,complete,,,computer,Desktop or Laptop,Windows 7,Firefox 115.0,1920x1080,1920x927,Accepted,,0,rsl experimental trials list2,17,rsl_list2,Not on phone,,Accepted,rsl_list2,23,nomatch,Screen 3,d73ena,3,timedOut,,300.179999999993,300,300.179999999993,300.179999999993,300,300.179999999993,1,300.179999999993,0,0,,Time Limit,screen,0,screen,nomatch,Leave 2.jpg,88.mp4,different,different,foil,na,88,1,,,
223,1696433669169,04/10/2023 15:34:29,1696444469169,3,04/10/2023 21:34:29,142916,11,task-tfo5,,32033764,qkorrllg,9473775,,complete,,,computer,Desktop or Laptop,Windows 7,Firefox 115.0,1920x1080,1920x927,Accepted,,0,rsl experimental trials list2,17,rsl_list2,Not on phone,,Accepted,rsl_list2,23,nomatch,Screen 4,kfk7dt,4,info,Video start,121.91699999999301,116.48000000009779,121.91699999999301,121.91699999999301,116.48000000009779,121.91699999999301,0,121.91699999999301,0,0,,Video,video,1,object-204,nomatch,Leave 2.jpg,88.mp4,different,different,foil,na,88,1,,,
224,1696433671429,04/10/2023 15:34:31,1696444471429,3,04/10/2023 21:34:31,142916,11,task-tfo5,,32033764,qkorrllg,9473775,,complete,,,computer,Desktop or Laptop,Windows 7,Firefox 115.0,1920x1080,1920x927,Accepted,,0,rsl experimental trials list2,17,rsl_list2,Not on phone,,Accepted,rsl_list2,23,nomatch,Screen 4,kfk7dt,4,response,nomatch,2622.179999999993,2616.5200000000186,2622.179999999993,2622.179999999993,2616.5200000000186,2622.179999999993,0,2622.179999999993,0,0,,Keyboard Response,Keyboard Response,6,object-209,nomatch,Leave 2.jpg,88.mp4,different,different,foil,na,88,1,,,
225,1696433671924,04/10/2023 15:34:31,1696444471924,3,04/10/2023 21:34:31,142916,11,task-tfo5,,32033764,qkorrllg,9473775,,complete,,,computer,Desktop or Laptop,Windows 7,Firefox 115.0,1920x1080,1920x927,Accepted,,0,rsl experimental trials list2,17,rsl_list2,Not on phone,,Accepted,rsl_list2,22,match,Screen 1,nmofvp,1,continue,,500,500,500,500,500,500,1,500,0,0,,Fixation Timing,,1,object-167,match,Breathe 1.jpg,37.mp4,same,same,target,breathe,37,1,,,
226,1696433672924,04/10/2023 15:34:32,1696444472924,3,04/10/2023 21:34:32,142916,11,task-tfo5,,32033764,qkorrllg,9473775,,complete,,,computer,Desktop or Laptop,Windows 7,Firefox 115.0,1920x1080,1920x927,Accepted,,0,rsl experimental trials list2,17,rsl_list2,Not on phone,,Accepted,rsl_list2,22,match,Screen 2,pevo7u,2,timedOut,,1000.6599999999744,1000,1000.6599999999744,1000.6599999999744,1000,1000.6599999999744,0,1000.6599999999744,0,0,,Time Limit,screen,0,screen,match,Breathe 1.jpg,37.mp4,same,same,target,breathe,37,1,,,
227,1696433673224,04/10/2023 15:34:33,1696444473224,3,04/10/2023 21:34:33,142916,11,task-tfo5,,32033764,qkorrllg,9473775,,complete,,,computer,Desktop or Laptop,Windows 7,Firefox 115.0,1920x1080,1920x927,Accepted,,0,rsl experimental trials list2,17,rsl_list2,Not on phone,,Accepted,rsl_list2,22,match,Screen 3,z1irvt,3,timedOut,,300,300,300,300,300,300,1,300,0,0,,Time Limit,screen,0,screen,match,Breathe 1.jpg,37.mp4,same,same,target,breathe,37,1,,,
228,1696433673600,04/10/2023 15:34:33,1696444473600,3,04/10/2023 21:34:33,142916,11,task-tfo5,,32033764,qkorrllg,9473775,,complete,,,computer,Desktop or Laptop,Windows 7,Firefox 115.0,1920x1080,1920x927,Accepted,,0,rsl experimental trials list2,17,rsl_list2,Not on phone,,Accepted,rsl_list2,22,match,Screen 4,9wlxvm,4,info,Video start,136.9589999999744,133.42000000033295,136.9589999999744,136.9589999999744,133.42000000033295,136.9589999999744,1,136.9589999999744,0,0,,Video,video,1,object-178,match,Breathe 1.jpg,37.mp4,same,same,target,breathe,37,1,,,
229,1696433675421,04/10/2023 15:34:35,1696444475421,3,04/10/2023 21:34:35,142916,11,task-tfo5,,32033764,qkorrllg,9473775,,complete,,,computer,Desktop or Laptop,Windows 7,Firefox 115.0,1920x1080,1920x927,Accepted,,0,rsl experimental trials list2,17,rsl_list2,Not on phone,,Accepted,rsl_list2,22,match,Screen 4,9wlxvm,4,response,match,2197.6599999999744,2183.1999999999534,2197.6599999999744,2197.6599999999744,2183.1999999999534,2197.6599999999744,1,2197.6599999999744,0,0,,Keyboard Response,Keyboard Response,6,object-183,match,Breathe 1.jpg,37.mp4,same,same,target,breathe,37,1,,,
230,1696433675907,04/10/2023 15:34:35,1696444475907,3,04/10/2023 21:34:35,142916,11,task-tfo5,,32033764,qkorrllg,9473775,,complete,,,computer,Desktop or Laptop,Windows 7,Firefox 115.0,1920x1080,1920x927,Accepted,,0,rsl experimental trials list2,17,rsl_list2,Not on phone,,Accepted,rsl_list2,24,nomatch,Screen 1,8mz8sc,1,continue,,500,500,500,500,500,500,1,500,0,0,,Fixation Timing,,1,object-186,nomatch,Eagle 1.jpg,79.mp4,same,different,foil,na,79,1,,,
231,1696433676907,04/10/2023 15:34:36,1696444476907,3,04/10/2023 21:34:36,142916,11,task-tfo5,,32033764,qkorrllg,9473775,,complete,,,computer,Desktop or Laptop,Windows 7,Firefox 115.0,1920x1080,1920x927,Accepted,,0,rsl experimental trials list2,17,rsl_list2,Not on phone,,Accepted,rsl_list2,24,nomatch,Screen 2,zhfxqk,2,timedOut,,1000.460000000021,1000,1000.460000000021,1000.460000000021,1000,1000.460000000021,0,1000.460000000021,0,0,,Time Limit,screen,0,screen,nomatch,Eagle 1.jpg,79.mp4,same,different,foil,na,79,1,,,
232,1696433677207,04/10/2023 15:34:37,1696444477207,3,04/10/2023 21:34:37,142916,11,task-tfo5,,32033764,qkorrllg,9473775,,complete,,,computer,Desktop or Laptop,Windows 7,Firefox 115.0,1920x1080,1920x927,Accepted,,0,rsl experimental trials list2,17,rsl_list2,Not on phone,,Accepted,rsl_list2,24,nomatch,Screen 3,d73ena,3,timedOut,,300.46000000002095,299.9000000000233,300.46000000002095,300.46000000002095,299.9000000000233,300.46000000002095,1,300.46000000002095,0,0,,Time Limit,screen,0,screen,nomatch,Eagle 1.jpg,79.mp4,same,different,foil,na,79,1,,,
233,1696433677603,04/10/2023 15:34:37,1696444477603,3,04/10/2023 21:34:37,142916,11,task-tfo5,,32033764,qkorrllg,9473775,,complete,,,computer,Desktop or Laptop,Windows 7,Firefox 115.0,1920x1080,1920x927,Accepted,,0,rsl experimental trials list2,17,rsl_list2,Not on phone,,Accepted,rsl_list2,24,nomatch,Screen 4,kfk7dt,4,info,Video start,156.32399999999765,149.80000000010477,156.32399999999765,156.32399999999765,149.80000000010477,156.32399999999765,0,156.32399999999765,0,0,,Video,video,1,object-204,nomatch,Eagle 1.jpg,79.mp4,same,different,foil,na,79,1,,,
234,1696433679388,04/10/2023 15:34:39,1696444479388,3,04/10/2023 21:34:39,142916,11,task-tfo5,,32033764,qkorrllg,9473775,,complete,,,computer,Desktop or Laptop,Windows 7,Firefox 115.0,1920x1080,1920x927,Accepted,,0,rsl experimental trials list2,17,rsl_list2,Not on phone,,Accepted,rsl_list2,24,nomatch,Screen 4,kfk7dt,4,response,nomatch,2181.5599999999977,2166.640000000014,2181.5599999999977,2181.5599999999977,2166.640000000014,2181.5599999999977,0,2181.5599999999977,0,0,,Keyboard Response,Keyboard Response,6,object-209,nomatch,Eagle 1.jpg,79.mp4,same,different,foil,na,79,1,,,
235,1696433679873,04/10/2023 15:34:39,1696444479873,3,04/10/2023 21:34:39,142916,11,task-tfo5,,32033764,qkorrllg,9473775,,complete,,,computer,Desktop or Laptop,Windows 7,Firefox 115.0,1920x1080,1920x927,Accepted,,0,rsl experimental trials list2,17,rsl_list2,Not on phone,,Accepted,rsl_list2,25,nomatch,Screen 1,8mz8sc,1,continue,,499.9400000000023,499.9400000000023,499.9400000000023,499.9400000000023,499.9400000000023,499.9400000000023,1,499.9400000000023,0,0,,Fixation Timing,,1,object-186,nomatch,Write 1.jpg,96.mp4,different,different,foil,na,96,1,,,
236,1696433680873,04/10/2023 15:34:40,1696444480873,3,04/10/2023 21:34:40,142916,11,task-tfo5,,32033764,qkorrllg,9473775,,complete,,,computer,Desktop or Laptop,Windows 7,Firefox 115.0,1920x1080,1920x927,Accepted,,0,rsl experimental trials list2,17,rsl_list2,Not on phone,,Accepted,rsl_list2,25,nomatch,Screen 2,zhfxqk,2,timedOut,,1000,1000,1000,1000,1000,1000,0,1000,0,0,,Time Limit,screen,0,screen,nomatch,Write 1.jpg,96.mp4,different,different,foil,na,96,1,,,
237,1696433681173,04/10/2023 15:34:41,1696444481173,3,04/10/2023 21:34:41,142916,11,task-tfo5,,32033764,qkorrllg,9473775,,complete,,,computer,Desktop or Laptop,Windows 7,Firefox 115.0,1920x1080,1920x927,Accepted,,0,rsl experimental trials list2,17,rsl_list2,Not on phone,,Accepted,rsl_list2,25,nomatch,Screen 3,d73ena,3,timedOut,,300,300,300,300,300,300,1,300,0,0,,Time Limit,screen,0,screen,nomatch,Write 1.jpg,96.mp4,different,different,foil,na,96,1,,,
238,1696433681535,04/10/2023 15:34:41,1696444481535,3,04/10/2023 21:34:41,142916,11,task-tfo5,,32033764,qkorrllg,9473775,,complete,,,computer,Desktop or Laptop,Windows 7,Firefox 115.0,1920x1080,1920x927,Accepted,,0,rsl experimental trials list2,17,rsl_list2,Not on phone,,Accepted,rsl_list2,25,nomatch,Screen 4,kfk7dt,4,info,Video start,116.48000000009779,99.80000000010477,116.48000000009779,116.48000000009779,99.80000000010477,116.48000000009779,0,116.48000000009779,0,0,,Video,video,1,object-204,nomatch,Write 1.jpg,96.mp4,different,different,foil,na,96,1,,,
239,1696433684604,04/10/2023 15:34:44,1696444484604,3,04/10/2023 21:34:44,142916,11,task-tfo5,,32033764,qkorrllg,9473775,,complete,,,computer,Desktop or Laptop,Windows 7,Firefox 115.0,1920x1080,1920x927,Accepted,,0,rsl experimental trials list2,17,rsl_list2,Not on phone,,Accepted,rsl_list2,25,nomatch,Screen 4,kfk7dt,4,response,nomatch,3430.9799999999814,3416.5199999999604,3430.9799999999814,3430.9799999999814,3416.5199999999604,3430.9799999999814,0,3430.9799999999814,0,0,,Keyboard Response,Keyboard Response,6,object-209,nomatch,Write 1.jpg,96.mp4,different,different,foil,na,96,1,,,
240,1696433685091,04/10/2023 15:34:45,1696444485091,3,04/10/2023 21:34:45,142916,11,task-tfo5,,32033764,qkorrllg,9473775,,complete,,,computer,Desktop or Laptop,Windows 7,Firefox 115.0,1920x1080,1920x927,Accepted,,0,rsl experimental trials list2,17,rsl_list2,Not on phone,,Accepted,rsl_list2,23,match,Screen 1,nmofvp,1,continue,,499.9200000000419,499.9200000000419,499.9200000000419,499.9200000000419,499.9200000000419,499.9200000000419,1,499.9200000000419,0,0,,Fixation Timing,,1,object-167,match,Doll 1.jpg,4.mp4,same,same,target,doll,4,1,,,
241,1696433686090,04/10/2023 15:34:46,1696444486090,3,04/10/2023 21:34:46,142916,11,task-tfo5,,32033764,qkorrllg,9473775,,complete,,,computer,Desktop or Laptop,Windows 7,Firefox 115.0,1920x1080,1920x927,Accepted,,0,rsl experimental trials list2,17,rsl_list2,Not on phone,,Accepted,rsl_list2,23,match,Screen 2,pevo7u,2,timedOut,,1000.539999999979,1000,1000.539999999979,1000.539999999979,1000,1000.539999999979,0,1000.539999999979,0,0,,Time Limit,screen,0,screen,match,Doll 1.jpg,4.mp4,same,same,target,doll,4,1,,,
242,1696433686391,04/10/2023 15:34:46,1696444486391,3,04/10/2023 21:34:46,142916,11,task-tfo5,,32033764,qkorrllg,9473775,,complete,,,computer,Desktop or Laptop,Windows 7,Firefox 115.0,1920x1080,1920x927,Accepted,,0,rsl experimental trials list2,17,rsl_list2,Not on phone,,Accepted,rsl_list2,23,match,Screen 3,z1irvt,3,timedOut,,300.53999999997905,300,300.53999999997905,300.53999999997905,300,300.53999999997905,1,300.53999999997905,0,0,,Time Limit,screen,0,screen,match,Doll 1.jpg,4.mp4,same,same,target,doll,4,1,,,
243,1696433686792,04/10/2023 15:34:46,1696444486792,3,04/10/2023 21:34:46,142916,11,task-tfo5,,32033764,qkorrllg,9473775,,complete,,,computer,Desktop or Laptop,Windows 7,Firefox 115.0,1920x1080,1920x927,Accepted,,0,rsl experimental trials list2,17,rsl_list2,Not on phone,,Accepted,rsl_list2,23,match,Screen 4,9wlxvm,4,info,Video start,160.78299999997904,150.03999999951338,160.78299999997904,160.78299999997904,150.03999999951338,160.78299999997904,1,160.78299999997904,0,0,,Video,video,1,object-178,match,Doll 1.jpg,4.mp4,same,same,target,doll,4,1,,,
244,1696433689484,04/10/2023 15:34:49,1696444489484,3,04/10/2023 21:34:49,142916,11,task-tfo5,,32033764,qkorrllg,9473775,,complete,,,computer,Desktop or Laptop,Windows 7,Firefox 115.0,1920x1080,1920x927,Accepted,,0,rsl experimental trials list2,17,rsl_list2,Not on phone,,Accepted,rsl_list2,23,match,Screen 4,9wlxvm,4,response,match,3095.539999999979,3083.2799999999697,3095.539999999979,3095.539999999979,3083.2799999999697,3095.539999999979,1,3095.539999999979,0,0,,Keyboard Response,Keyboard Response,6,object-183,match,Doll 1.jpg,4.mp4,same,same,target,doll,4,1,,,
245,1696433689973,04/10/2023 15:34:49,1696444489973,3,04/10/2023 21:34:49,142916,11,task-tfo5,,32033764,qkorrllg,9473775,,complete,,,computer,Desktop or Laptop,Windows 7,Firefox 115.0,1920x1080,1920x927,Accepted,,0,rsl experimental trials list2,17,rsl_list2,Not on phone,,Accepted,rsl_list2,26,nomatch,Screen 1,8mz8sc,1,continue,,499.9000000000233,499.9000000000233,499.9000000000233,499.9000000000233,499.9000000000233,499.9000000000233,1,499.9000000000233,0,0,,Fixation Timing,,1,object-186,nomatch,Telephone 1.jpg,84.mp4,different,different,foil,na,84,1,,,
246,1696433690972,04/10/2023 15:34:50,1696444490972,3,04/10/2023 21:34:50,142916,11,task-tfo5,,32033764,qkorrllg,9473775,,complete,,,computer,Desktop or Laptop,Windows 7,Firefox 115.0,1920x1080,1920x927,Accepted,,0,rsl experimental trials list2,17,rsl_list2,Not on phone,,Accepted,rsl_list2,26,nomatch,Screen 2,zhfxqk,2,timedOut,,1000.359999999986,1000,1000.359999999986,1000.359999999986,1000,1000.359999999986,0,1000.359999999986,0,0,,Time Limit,screen,0,screen,nomatch,Telephone 1.jpg,84.mp4,different,different,foil,na,84,1,,,
247,1696433691272,04/10/2023 15:34:51,1696444491272,3,04/10/2023 21:34:51,142916,11,task-tfo5,,32033764,qkorrllg,9473775,,complete,,,computer,Desktop or Laptop,Windows 7,Firefox 115.0,1920x1080,1920x927,Accepted,,0,rsl experimental trials list2,17,rsl_list2,Not on phone,,Accepted,rsl_list2,26,nomatch,Screen 3,d73ena,3,timedOut,,300.35999999998603,300,300.35999999998603,300.35999999998603,300,300.35999999998603,1,300.35999999998603,0,0,,Time Limit,screen,0,screen,nomatch,Telephone 1.jpg,84.mp4,different,different,foil,na,84,1,,,
248,1696433691625,04/10/2023 15:34:51,1696444491625,3,04/10/2023 21:34:51,142916,11,task-tfo5,,32033764,qkorrllg,9473775,,complete,,,computer,Desktop or Laptop,Windows 7,Firefox 115.0,1920x1080,1920x927,Accepted,,0,rsl experimental trials list2,17,rsl_list2,Not on phone,,Accepted,rsl_list2,26,nomatch,Screen 4,kfk7dt,4,info,Video start,149.78000000008615,149.78000000008615,149.78000000008615,149.78000000008615,149.78000000008615,149.78000000008615,0,149.78000000008615,0,0,,Video,video,1,object-204,nomatch,Telephone 1.jpg,84.mp4,different,different,foil,na,84,1,,,
249,1696433694028,04/10/2023 15:34:54,1696444494028,3,04/10/2023 21:34:54,142916,11,task-tfo5,,32033764,qkorrllg,9473775,,complete,,,computer,Desktop or Laptop,Windows 7,Firefox 115.0,1920x1080,1920x927,Accepted,,0,rsl experimental trials list2,17,rsl_list2,Not on phone,,Accepted,rsl_list2,26,nomatch,Screen 4,kfk7dt,4,response,nomatch,2755.359999999986,2749.9400000000023,2755.359999999986,2755.359999999986,2749.9400000000023,2755.359999999986,0,2755.359999999986,0,0,,Keyboard Response,Keyboard Response,6,object-209,nomatch,Telephone 1.jpg,84.mp4,different,different,foil,na,84,1,,,
250,1696433694523,04/10/2023 15:34:54,1696444494523,3,04/10/2023 21:34:54,142916,11,task-tfo5,,32033764,qkorrllg,9473775,,complete,,,computer,Desktop or Laptop,Windows 7,Firefox 115.0,1920x1080,1920x927,Accepted,,0,rsl experimental trials list2,17,rsl_list2,Not on phone,,Accepted,rsl_list2,24,match,Screen 1,nmofvp,1,continue,,500,500,500,500,500,500,1,500,0,0,,Fixation Timing,,1,object-167,match,Coffee 1.jpg,29.mp4,same,same,target,coffee,29,1,,,
251,1696433695523,04/10/2023 15:34:55,1696444495523,3,04/10/2023 21:34:55,142916,11,task-tfo5,,32033764,qkorrllg,9473775,,complete,,,computer,Desktop or Laptop,Windows 7,Firefox 115.0,1920x1080,1920x927,Accepted,,0,rsl experimental trials list2,17,rsl_list2,Not on phone,,Accepted,rsl_list2,24,match,Screen 2,pevo7u,2,timedOut,,1001.4199999999837,999.859999999986,1001.4199999999837,1001.4199999999837,999.859999999986,1001.4199999999837,0,1001.4199999999837,0,0,,Time Limit,screen,0,screen,match,Coffee 1.jpg,29.mp4,same,same,target,coffee,29,1,,,
252,1696433695823,04/10/2023 15:34:55,1696444495823,3,04/10/2023 21:34:55,142916,11,task-tfo5,,32033764,qkorrllg,9473775,,complete,,,computer,Desktop or Laptop,Windows 7,Firefox 115.0,1920x1080,1920x927,Accepted,,0,rsl experimental trials list2,17,rsl_list2,Not on phone,,Accepted,rsl_list2,24,match,Screen 3,z1irvt,3,timedOut,,301.5599999999977,299.85999999998603,301.5599999999977,301.5599999999977,299.85999999998603,301.5599999999977,1,301.5599999999977,0,0,,Time Limit,screen,0,screen,match,Coffee 1.jpg,29.mp4,same,same,target,coffee,29,1,,,
253,1696433696198,04/10/2023 15:34:56,1696444496198,3,04/10/2023 21:34:56,142916,11,task-tfo5,,32033764,qkorrllg,9473775,,complete,,,computer,Desktop or Laptop,Windows 7,Firefox 115.0,1920x1080,1920x927,Accepted,,0,rsl experimental trials list2,17,rsl_list2,Not on phone,,Accepted,rsl_list2,24,match,Screen 4,9wlxvm,4,info,Video start,135.92600000001164,133.47999999957392,135.92600000001164,135.92600000001164,133.47999999957392,135.92600000001164,1,135.92600000001164,0,0,,Video,video,1,object-178,match,Coffee 1.jpg,29.mp4,same,same,target,coffee,29,1,,,
254,1696433700211,04/10/2023 15:35:00,1696444500211,3,04/10/2023 21:35:00,142916,11,task-tfo5,,32033764,qkorrllg,9473775,,complete,,,computer,Desktop or Laptop,Windows 7,Firefox 115.0,1920x1080,1920x927,Accepted,,0,rsl experimental trials list2,17,rsl_list2,Not on phone,,Accepted,rsl_list2,24,match,Screen 4,9wlxvm,4,response,match,4383.380000000063,4366.72000000003,4383.380000000063,4383.380000000063,4366.72000000003,4383.380000000063,1,4383.380000000063,0,0,,Keyboard Response,Keyboard Response,6,object-183,match,Coffee 1.jpg,29.mp4,same,same,target,coffee,29,1,,,
255,1696433700690,04/10/2023 15:35:00,1696444500690,3,04/10/2023 21:35:00,142916,11,task-tfo5,,32033764,qkorrllg,9473775,,complete,,,computer,Desktop or Laptop,Windows 7,Firefox 115.0,1920x1080,1920x927,Accepted,,0,rsl experimental trials list2,17,rsl_list2,Not on phone,,Accepted,rsl_list2,25,match,Screen 1,nmofvp,1,continue,,499.88000000000466,499.88000000000466,499.88000000000466,499.88000000000466,499.88000000000466,499.88000000000466,1,499.88000000000466,0,0,,Fixation Timing,,1,object-167,match,Come 1.jpg,14.mp4,different,same,target,come,14,1,,,
256,1696433701689,04/10/2023 15:35:01,1696444501689,3,04/10/2023 21:35:01,142916,11,task-tfo5,,32033764,qkorrllg,9473775,,complete,,,computer,Desktop or Laptop,Windows 7,Firefox 115.0,1920x1080,1920x927,Accepted,,0,rsl experimental trials list2,17,rsl_list2,Not on phone,,Accepted,rsl_list2,25,match,Screen 2,pevo7u,2,timedOut,,1000.0999999999767,1000,1000.0999999999767,1000.0999999999767,1000,1000.0999999999767,0,1000.0999999999767,0,0,,Time Limit,screen,0,screen,match,Come 1.jpg,14.mp4,different,same,target,come,14,1,,,
257,1696433701989,04/10/2023 15:35:01,1696444501989,3,04/10/2023 21:35:01,142916,11,task-tfo5,,32033764,qkorrllg,9473775,,complete,,,computer,Desktop or Laptop,Windows 7,Firefox 115.0,1920x1080,1920x927,Accepted,,0,rsl experimental trials list2,17,rsl_list2,Not on phone,,Accepted,rsl_list2,25,match,Screen 3,z1irvt,3,timedOut,,300.0999999999767,300,300.0999999999767,300.0999999999767,300,300.0999999999767,1,300.0999999999767,0,0,,Time Limit,screen,0,screen,match,Come 1.jpg,14.mp4,different,same,target,come,14,1,,,
258,1696433702341,04/10/2023 15:35:02,1696444502341,3,04/10/2023 21:35:02,142916,11,task-tfo5,,32033764,qkorrllg,9473775,,complete,,,computer,Desktop or Laptop,Windows 7,Firefox 115.0,1920x1080,1920x927,Accepted,,0,rsl experimental trials list2,17,rsl_list2,Not on phone,,Accepted,rsl_list2,25,match,Screen 4,9wlxvm,4,info,Video start,116.75999999954365,116.75999999954365,116.75999999954365,116.75999999954365,116.75999999954365,116.75999999954365,1,116.75999999954365,0,0,,Video,video,1,object-178,match,Come 1.jpg,14.mp4,different,same,target,come,14,1,,,
259,1696433705084,04/10/2023 15:35:05,1696444505084,3,04/10/2023 21:35:05,142916,11,task-tfo5,,32033764,qkorrllg,9473775,,complete,,,computer,Desktop or Laptop,Windows 7,Firefox 115.0,1920x1080,1920x927,Accepted,,0,rsl experimental trials list2,17,rsl_list2,Not on phone,,Accepted,rsl_list2,25,match,Screen 4,9wlxvm,4,response,nomatch,3095.0999999999767,3083.1999999999534,3095.0999999999767,3095.0999999999767,3083.1999999999534,3095.0999999999767,1,3095.0999999999767,0,0,,Keyboard Response,Keyboard Response,6,object-183,match,Come 1.jpg,14.mp4,different,same,target,come,14,1,,,
260,1696433705572,04/10/2023 15:35:05,1696444505572,3,04/10/2023 21:35:05,142916,11,task-tfo5,,32033764,qkorrllg,9473775,,complete,,,computer,Desktop or Laptop,Windows 7,Firefox 115.0,1920x1080,1920x927,Accepted,,0,rsl experimental trials list2,17,rsl_list2,Not on phone,,Accepted,rsl_list2,26,match,Screen 1,nmofvp,1,continue,,500,500,500,500,500,500,1,500,0,0,,Fixation Timing,,1,object-167,match,Flower 2.jpg,33.mp4,same,same,target,flower,33,1,,,
261,1696433706575,04/10/2023 15:35:06,1696444506575,3,04/10/2023 21:35:06,142916,11,task-tfo5,,32033764,qkorrllg,9473775,,complete,,,computer,Desktop or Laptop,Windows 7,Firefox 115.0,1920x1080,1920x927,Accepted,,0,rsl experimental trials list2,17,rsl_list2,Not on phone,,Accepted,rsl_list2,26,match,Screen 2,pevo7u,2,timedOut,,1002.9000000000233,1000,1002.9000000000233,1002.9000000000233,1000,1002.9000000000233,0,1002.9000000000233,0,0,,Time Limit,screen,0,screen,match,Flower 2.jpg,33.mp4,same,same,target,flower,33,1,,,
262,1696433706873,04/10/2023 15:35:06,1696444506873,3,04/10/2023 21:35:06,142916,11,task-tfo5,,32033764,qkorrllg,9473775,,complete,,,computer,Desktop or Laptop,Windows 7,Firefox 115.0,1920x1080,1920x927,Accepted,,0,rsl experimental trials list2,17,rsl_list2,Not on phone,,Accepted,rsl_list2,26,match,Screen 3,z1irvt,3,timedOut,,300,300,300,300,300,300,1,300,0,0,,Time Limit,screen,0,screen,match,Flower 2.jpg,33.mp4,same,same,target,flower,33,1,,,
263,1696433707239,04/10/2023 15:35:07,1696444507239,3,04/10/2023 21:35:07,142916,11,task-tfo5,,32033764,qkorrllg,9473775,,complete,,,computer,Desktop or Laptop,Windows 7,Firefox 115.0,1920x1080,1920x927,Accepted,,0,rsl experimental trials list2,17,rsl_list2,Not on phone,,Accepted,rsl_list2,26,match,Screen 4,9wlxvm,4,info,Video start,133.41999999957625,133.41999999957625,133.41999999957625,133.41999999957625,133.41999999957625,133.41999999957625,1,133.41999999957625,0,0,,Video,video,1,object-178,match,Flower 2.jpg,33.mp4,same,same,target,flower,33,1,,,
264,1696433709828,04/10/2023 15:35:09,1696444509828,3,04/10/2023 21:35:09,142916,11,task-tfo5,,32033764,qkorrllg,9473775,,complete,,,computer,Desktop or Laptop,Windows 7,Firefox 115.0,1920x1080,1920x927,Accepted,,0,rsl experimental trials list2,17,rsl_list2,Not on phone,,Accepted,rsl_list2,26,match,Screen 4,9wlxvm,4,response,match,2955.9000000000233,2949.8600000000442,2955.9000000000233,2955.9000000000233,2949.8600000000442,2955.9000000000233,1,2955.9000000000233,0,0,,Keyboard Response,Keyboard Response,6,object-183,match,Flower 2.jpg,33.mp4,same,same,target,flower,33,1,,,
265,1696433710322,04/10/2023 15:35:10,1696444510322,3,04/10/2023 21:35:10,142916,11,task-tfo5,,32033764,qkorrllg,9473775,,complete,,,computer,Desktop or Laptop,Windows 7,Firefox 115.0,1920x1080,1920x927,Accepted,,0,rsl experimental trials list2,17,rsl_list2,Not on phone,,Accepted,rsl_list2,27,nomatch,Screen 1,8mz8sc,1,continue,,500,500,500,500,500,500,1,500,0,0,,Fixation Timing,,1,object-186,nomatch,Boy 2.jpg,75.mp4,different,different,foil,na,75,1,,,
266,1696433711322,04/10/2023 15:35:11,1696444511322,3,04/10/2023 21:35:11,142916,11,task-tfo5,,32033764,qkorrllg,9473775,,complete,,,computer,Desktop or Laptop,Windows 7,Firefox 115.0,1920x1080,1920x927,Accepted,,0,rsl experimental trials list2,17,rsl_list2,Not on phone,,Accepted,rsl_list2,27,nomatch,Screen 2,zhfxqk,2,timedOut,,1000.039999999979,999.859999999986,1000.039999999979,1000.039999999979,999.859999999986,1000.039999999979,0,1000.039999999979,0,0,,Time Limit,screen,0,screen,nomatch,Boy 2.jpg,75.mp4,different,different,foil,na,75,1,,,
267,1696433711623,04/10/2023 15:35:11,1696444511623,3,04/10/2023 21:35:11,142916,11,task-tfo5,,32033764,qkorrllg,9473775,,complete,,,computer,Desktop or Laptop,Windows 7,Firefox 115.0,1920x1080,1920x927,Accepted,,0,rsl experimental trials list2,17,rsl_list2,Not on phone,,Accepted,rsl_list2,27,nomatch,Screen 3,d73ena,3,timedOut,,300.179999999993,300,300.179999999993,300.179999999993,300,300.179999999993,1,300.179999999993,0,0,,Time Limit,screen,0,screen,nomatch,Boy 2.jpg,75.mp4,different,different,foil,na,75,1,,,
268,1696433712004,04/10/2023 15:35:12,1696444512004,3,04/10/2023 21:35:12,142916,11,task-tfo5,,32033764,qkorrllg,9473775,,complete,,,computer,Desktop or Laptop,Windows 7,Firefox 115.0,1920x1080,1920x927,Accepted,,0,rsl experimental trials list2,17,rsl_list2,Not on phone,,Accepted,rsl_list2,27,nomatch,Screen 4,kfk7dt,4,info,Video start,140.73399999999302,133.1600000000908,140.73399999999302,140.73399999999302,133.1600000000908,140.73399999999302,0,140.73399999999302,0,0,,Video,video,1,object-204,nomatch,Boy 2.jpg,75.mp4,different,different,foil,na,75,1,,,
269,1696433714499,04/10/2023 15:35:14,1696444514499,3,04/10/2023 21:35:14,142916,11,task-tfo5,,32033764,qkorrllg,9473775,,complete,,,computer,Desktop or Laptop,Windows 7,Firefox 115.0,1920x1080,1920x927,Accepted,,0,rsl experimental trials list2,17,rsl_list2,Not on phone,,Accepted,rsl_list2,27,nomatch,Screen 4,kfk7dt,4,response,nomatch,2877.179999999993,2866.5599999999977,2877.179999999993,2877.179999999993,2866.5599999999977,2877.179999999993,0,2877.179999999993,0,0,,Keyboard Response,Keyboard Response,6,object-209,nomatch,Boy 2.jpg,75.mp4,different,different,foil,na,75,1,,,
270,1696433714989,04/10/2023 15:35:14,1696444514989,3,04/10/2023 21:35:14,142916,11,task-tfo5,,32033764,qkorrllg,9473775,,complete,,,computer,Desktop or Laptop,Windows 7,Firefox 115.0,1920x1080,1920x927,Accepted,,0,rsl experimental trials list2,17,rsl_list2,Not on phone,,Accepted,rsl_list2,27,match,Screen 1,nmofvp,1,continue,,500,500,500,500,500,500,1,500,0,0,,Fixation Timing,,1,object-167,match,Take 2.jpg,45.mp4,different,same,target,take,45,1,,,
271,1696433715989,04/10/2023 15:35:15,1696444515989,3,04/10/2023 21:35:15,142916,11,task-tfo5,,32033764,qkorrllg,9473775,,complete,,,computer,Desktop or Laptop,Windows 7,Firefox 115.0,1920x1080,1920x927,Accepted,,0,rsl experimental trials list2,17,rsl_list2,Not on phone,,Accepted,rsl_list2,27,match,Screen 2,pevo7u,2,timedOut,,1000.6199999999953,999.9199999999837,1000.6199999999953,1000.6199999999953,999.9199999999837,1000.6199999999953,0,1000.6199999999953,0,0,,Time Limit,screen,0,screen,match,Take 2.jpg,45.mp4,different,same,target,take,45,1,,,
272,1696433716289,04/10/2023 15:35:16,1696444516289,3,04/10/2023 21:35:16,142916,11,task-tfo5,,32033764,qkorrllg,9473775,,complete,,,computer,Desktop or Laptop,Windows 7,Firefox 115.0,1920x1080,1920x927,Accepted,,0,rsl experimental trials list2,17,rsl_list2,Not on phone,,Accepted,rsl_list2,27,match,Screen 3,z1irvt,3,timedOut,,300.70000000001164,300,300.70000000001164,300.70000000001164,300,300.70000000001164,1,300.70000000001164,0,0,,Time Limit,screen,0,screen,match,Take 2.jpg,45.mp4,different,same,target,take,45,1,,,
273,1696433716658,04/10/2023 15:35:16,1696444516658,3,04/10/2023 21:35:16,142916,11,task-tfo5,,32033764,qkorrllg,9473775,,complete,,,computer,Desktop or Laptop,Windows 7,Firefox 115.0,1920x1080,1920x927,Accepted,,0,rsl experimental trials list2,17,rsl_list2,Not on phone,,Accepted,rsl_list2,27,match,Screen 4,9wlxvm,4,info,Video start,133.41999999957625,133.41999999957625,133.41999999957625,133.41999999957625,133.41999999957625,133.41999999957625,1,133.41999999957625,0,0,,Video,video,1,object-178,match,Take 2.jpg,45.mp4,different,same,target,take,45,1,,,
274,1696433720243,04/10/2023 15:35:20,1696444520243,3,04/10/2023 21:35:20,142916,11,task-tfo5,,32033764,qkorrllg,9473775,,complete,,,computer,Desktop or Laptop,Windows 7,Firefox 115.0,1920x1080,1920x927,Accepted,,0,rsl experimental trials list2,17,rsl_list2,Not on phone,,Accepted,rsl_list2,27,match,Screen 4,9wlxvm,4,response,match,3954.7000000000116,3950,3954.7000000000116,3954.7000000000116,3950,3954.7000000000116,1,3954.7000000000116,0,0,,Keyboard Response,Keyboard Response,6,object-183,match,Take 2.jpg,45.mp4,different,same,target,take,45,1,,,
275,1696433720738,04/10/2023 15:35:20,1696444520738,3,04/10/2023 21:35:20,142916,11,task-tfo5,,32033764,qkorrllg,9473775,,complete,,,computer,Desktop or Laptop,Windows 7,Firefox 115.0,1920x1080,1920x927,Accepted,,0,rsl experimental trials list2,17,rsl_list2,Not on phone,,Accepted,rsl_list2,28,nomatch,Screen 1,8mz8sc,1,continue,,499.85999999998603,499.85999999998603,499.85999999998603,499.85999999998603,499.85999999998603,499.85999999998603,1,499.85999999998603,0,0,,Fixation Timing,,1,object-186,nomatch,Storage 2.jpg,73.mp4,different,different,foil,na,73,1,,,
276,1696433721738,04/10/2023 15:35:21,1696444521738,3,04/10/2023 21:35:21,142916,11,task-tfo5,,32033764,qkorrllg,9473775,,complete,,,computer,Desktop or Laptop,Windows 7,Firefox 115.0,1920x1080,1920x927,Accepted,,0,rsl experimental trials list2,17,rsl_list2,Not on phone,,Accepted,rsl_list2,28,nomatch,Screen 2,zhfxqk,2,timedOut,,999.9400000000023,999.9400000000023,999.9400000000023,999.9400000000023,999.9400000000023,999.9400000000023,0,999.9400000000023,0,0,,Time Limit,screen,0,screen,nomatch,Storage 2.jpg,73.mp4,different,different,foil,na,73,1,,,
277,1696433722038,04/10/2023 15:35:22,1696444522038,3,04/10/2023 21:35:22,142916,11,task-tfo5,,32033764,qkorrllg,9473775,,complete,,,computer,Desktop or Laptop,Windows 7,Firefox 115.0,1920x1080,1920x927,Accepted,,0,rsl experimental trials list2,17,rsl_list2,Not on phone,,Accepted,rsl_list2,28,nomatch,Screen 3,d73ena,3,timedOut,,300.9000000000233,300,300.9000000000233,300.9000000000233,300,300.9000000000233,1,300.9000000000233,0,0,,Time Limit,screen,0,screen,nomatch,Storage 2.jpg,73.mp4,different,different,foil,na,73,1,,,
278,1696433722421,04/10/2023 15:35:22,1696444522421,3,04/10/2023 21:35:22,142916,11,task-tfo5,,32033764,qkorrllg,9473775,,complete,,,computer,Desktop or Laptop,Windows 7,Firefox 115.0,1920x1080,1920x927,Accepted,,0,rsl experimental trials list2,17,rsl_list2,Not on phone,,Accepted,rsl_list2,28,nomatch,Screen 4,kfk7dt,4,info,Video start,133.40000000037253,116.74000000039814,133.40000000037253,133.40000000037253,116.74000000039814,133.40000000037253,0,133.40000000037253,0,0,,Video,video,1,object-204,nomatch,Storage 2.jpg,73.mp4,different,different,foil,na,73,1,,,
279,1696433724195,04/10/2023 15:35:24,1696444524195,3,04/10/2023 21:35:24,142916,11,task-tfo5,,32033764,qkorrllg,9473775,,complete,,,computer,Desktop or Laptop,Windows 7,Firefox 115.0,1920x1080,1920x927,Accepted,,0,rsl experimental trials list2,17,rsl_list2,Not on phone,,Accepted,rsl_list2,28,nomatch,Screen 4,kfk7dt,4,response,nomatch,2156.9000000000233,2149.9800000000396,2156.9000000000233,2156.9000000000233,2149.9800000000396,2156.9000000000233,0,2156.9000000000233,0,0,,Keyboard Response,Keyboard Response,6,object-209,nomatch,Storage 2.jpg,73.mp4,different,different,foil,na,73,1,,,
280,1696433724688,04/10/2023 15:35:24,1696444524688,3,04/10/2023 21:35:24,142916,11,task-tfo5,,32033764,qkorrllg,9473775,,complete,,,computer,Desktop or Laptop,Windows 7,Firefox 115.0,1920x1080,1920x927,Accepted,,0,rsl experimental trials list2,17,rsl_list2,Not on phone,,Accepted,rsl_list2,29,nomatch,Screen 1,8mz8sc,1,continue,,500,500,500,500,500,500,1,500,0,0,,Fixation Timing,,1,object-186,nomatch,Family 1.jpg,80.mp4,same,different,foil,na,80,1,,,
281,1696433725689,04/10/2023 15:35:25,1696444525689,3,04/10/2023 21:35:25,142916,11,task-tfo5,,32033764,qkorrllg,9473775,,complete,,,computer,Desktop or Laptop,Windows 7,Firefox 115.0,1920x1080,1920x927,Accepted,,0,rsl experimental trials list2,17,rsl_list2,Not on phone,,Accepted,rsl_list2,29,nomatch,Screen 2,zhfxqk,2,timedOut,,1000.9199999999837,999.8800000000047,1000.9199999999837,1000.9199999999837,999.8800000000047,1000.9199999999837,0,1000.9199999999837,0,0,,Time Limit,screen,0,screen,nomatch,Family 1.jpg,80.mp4,same,different,foil,na,80,1,,,
282,1696433725988,04/10/2023 15:35:25,1696444525988,3,04/10/2023 21:35:25,142916,11,task-tfo5,,32033764,qkorrllg,9473775,,complete,,,computer,Desktop or Laptop,Windows 7,Firefox 115.0,1920x1080,1920x927,Accepted,,0,rsl experimental trials list2,17,rsl_list2,Not on phone,,Accepted,rsl_list2,29,nomatch,Screen 3,d73ena,3,timedOut,,301.03999999997905,300,301.03999999997905,301.03999999997905,300,301.03999999997905,1,301.03999999997905,0,0,,Time Limit,screen,0,screen,nomatch,Family 1.jpg,80.mp4,same,different,foil,na,80,1,,,
283,1696433726366,04/10/2023 15:35:26,1696444526366,3,04/10/2023 21:35:26,142916,11,task-tfo5,,32033764,qkorrllg,9473775,,complete,,,computer,Desktop or Laptop,Windows 7,Firefox 115.0,1920x1080,1920x927,Accepted,,0,rsl experimental trials list2,17,rsl_list2,Not on phone,,Accepted,rsl_list2,29,nomatch,Screen 4,kfk7dt,4,info,Video start,138.89999999997906,133.379999999539,138.89999999997906,138.89999999997906,133.379999999539,138.89999999997906,0,138.89999999997906,0,0,,Video,video,1,object-204,nomatch,Family 1.jpg,80.mp4,same,different,foil,na,80,1,,,
284,1696433729187,04/10/2023 15:35:29,1696444529187,3,04/10/2023 21:35:29,142916,11,task-tfo5,,32033764,qkorrllg,9473775,,complete,,,computer,Desktop or Laptop,Windows 7,Firefox 115.0,1920x1080,1920x927,Accepted,,0,rsl experimental trials list2,17,rsl_list2,Not on phone,,Accepted,rsl_list2,29,nomatch,Screen 4,kfk7dt,4,response,nomatch,3199.039999999979,3183.259999999951,3199.039999999979,3199.039999999979,3183.259999999951,3199.039999999979,0,3199.039999999979,0,0,,Keyboard Response,Keyboard Response,6,object-209,nomatch,Family 1.jpg,80.mp4,same,different,foil,na,80,1,,,
285,1696433729672,04/10/2023 15:35:29,1696444529672,3,04/10/2023 21:35:29,142916,11,task-tfo5,,32033764,qkorrllg,9473775,,complete,,,computer,Desktop or Laptop,Windows 7,Firefox 115.0,1920x1080,1920x927,Accepted,,0,rsl experimental trials list2,17,rsl_list2,Not on phone,,Accepted,rsl_list2,30,nomatch,Screen 1,8mz8sc,1,continue,,500,500,500,500,500,500,1,500,0,0,,Fixation Timing,,1,object-186,nomatch,Run 1.jpg,91.mp4,same,different,foil,na,91,1,,,
286,1696433730671,04/10/2023 15:35:30,1696444530671,3,04/10/2023 21:35:30,142916,11,task-tfo5,,32033764,qkorrllg,9473775,,complete,,,computer,Desktop or Laptop,Windows 7,Firefox 115.0,1920x1080,1920x927,Accepted,,0,rsl experimental trials list2,17,rsl_list2,Not on phone,,Accepted,rsl_list2,30,nomatch,Screen 2,zhfxqk,2,timedOut,,1000.7800000000279,999.8800000000047,1000.7800000000279,1000.7800000000279,999.8800000000047,1000.7800000000279,0,1000.7800000000279,0,0,,Time Limit,screen,0,screen,nomatch,Run 1.jpg,91.mp4,same,different,foil,na,91,1,,,
287,1696433730972,04/10/2023 15:35:30,1696444530972,3,04/10/2023 21:35:30,142916,11,task-tfo5,,32033764,qkorrllg,9473775,,complete,,,computer,Desktop or Laptop,Windows 7,Firefox 115.0,1920x1080,1920x927,Accepted,,0,rsl experimental trials list2,17,rsl_list2,Not on phone,,Accepted,rsl_list2,30,nomatch,Screen 3,d73ena,3,timedOut,,300,300,300,300,300,300,1,300,0,0,,Time Limit,screen,0,screen,nomatch,Run 1.jpg,91.mp4,same,different,foil,na,91,1,,,
288,1696433731374,04/10/2023 15:35:31,1696444531374,3,04/10/2023 21:35:31,142916,11,task-tfo5,,32033764,qkorrllg,9473775,,complete,,,computer,Desktop or Laptop,Windows 7,Firefox 115.0,1920x1080,1920x927,Accepted,,0,rsl experimental trials list2,17,rsl_list2,Not on phone,,Accepted,rsl_list2,30,nomatch,Screen 4,kfk7dt,4,info,Video start,166.76000000035856,166.76000000035856,166.76000000035856,166.76000000035856,166.76000000035856,166.76000000035856,0,166.76000000035856,0,0,,Video,video,1,object-204,nomatch,Run 1.jpg,91.mp4,same,different,foil,na,91,1,,,
289,1696433734363,04/10/2023 15:35:34,1696444534363,3,04/10/2023 21:35:34,142916,11,task-tfo5,,32033764,qkorrllg,9473775,,complete,,,computer,Desktop or Laptop,Windows 7,Firefox 115.0,1920x1080,1920x927,Accepted,,0,rsl experimental trials list2,17,rsl_list2,Not on phone,,Accepted,rsl_list2,30,nomatch,Screen 4,kfk7dt,4,response,nomatch,3390.9000000000233,3383.2200000000303,3390.9000000000233,3390.9000000000233,3383.2200000000303,3390.9000000000233,0,3390.9000000000233,0,0,,Keyboard Response,Keyboard Response,6,object-209,nomatch,Run 1.jpg,91.mp4,same,different,foil,na,91,1,,,
290,1696433734855,04/10/2023 15:35:34,1696444534855,3,04/10/2023 21:35:34,142916,11,task-tfo5,,32033764,qkorrllg,9473775,,complete,,,computer,Desktop or Laptop,Windows 7,Firefox 115.0,1920x1080,1920x927,Accepted,,0,rsl experimental trials list2,17,rsl_list2,Not on phone,,Accepted,rsl_list2,31,nomatch,Screen 1,8mz8sc,1,continue,,500,500,500,500,500,500,1,500,0,0,,Fixation Timing,,1,object-186,nomatch,Sail 2.jpg,66.mp4,same,different,foil,na,66,1,,,
291,1696433735855,04/10/2023 15:35:35,1696444535855,3,04/10/2023 21:35:35,142916,11,task-tfo5,,32033764,qkorrllg,9473775,,complete,,,computer,Desktop or Laptop,Windows 7,Firefox 115.0,1920x1080,1920x927,Accepted,,0,rsl experimental trials list2,17,rsl_list2,Not on phone,,Accepted,rsl_list2,31,nomatch,Screen 2,zhfxqk,2,timedOut,,1001.679999999993,1000,1001.679999999993,1001.679999999993,1000,1001.679999999993,0,1001.679999999993,0,0,,Time Limit,screen,0,screen,nomatch,Sail 2.jpg,66.mp4,same,different,foil,na,66,1,,,
292,1696433736155,04/10/2023 15:35:36,1696444536155,3,04/10/2023 21:35:36,142916,11,task-tfo5,,32033764,qkorrllg,9473775,,complete,,,computer,Desktop or Laptop,Windows 7,Firefox 115.0,1920x1080,1920x927,Accepted,,0,rsl experimental trials list2,17,rsl_list2,Not on phone,,Accepted,rsl_list2,31,nomatch,Screen 3,d73ena,3,timedOut,,301.679999999993,300,301.679999999993,301.679999999993,300,301.679999999993,1,301.679999999993,0,0,,Time Limit,screen,0,screen,nomatch,Sail 2.jpg,66.mp4,same,different,foil,na,66,1,,,
293,1696433736569,04/10/2023 15:35:36,1696444536569,3,04/10/2023 21:35:36,142916,11,task-tfo5,,32033764,qkorrllg,9473775,,complete,,,computer,Desktop or Laptop,Windows 7,Firefox 115.0,1920x1080,1920x927,Accepted,,0,rsl experimental trials list2,17,rsl_list2,Not on phone,,Accepted,rsl_list2,31,nomatch,Screen 4,kfk7dt,4,info,Video start,166.4800000000978,149.80000000010477,166.4800000000978,166.4800000000978,149.80000000010477,166.4800000000978,0,166.4800000000978,0,0,,Video,video,1,object-204,nomatch,Sail 2.jpg,66.mp4,same,different,foil,na,66,1,,,
294,1696433739541,04/10/2023 15:35:39,1696444539541,3,04/10/2023 21:35:39,142916,11,task-tfo5,,32033764,qkorrllg,9473775,,complete,,,computer,Desktop or Laptop,Windows 7,Firefox 115.0,1920x1080,1920x927,Accepted,,0,rsl experimental trials list2,17,rsl_list2,Not on phone,,Accepted,rsl_list2,31,nomatch,Screen 4,kfk7dt,4,response,nomatch,3386.679999999993,3383.2000000000116,3386.679999999993,3386.679999999993,3383.2000000000116,3386.679999999993,0,3386.679999999993,0,0,,Keyboard Response,Keyboard Response,6,object-209,nomatch,Sail 2.jpg,66.mp4,same,different,foil,na,66,1,,,
295,1696433740039,04/10/2023 15:35:40,1696444540039,3,04/10/2023 21:35:40,142916,11,task-tfo5,,32033764,qkorrllg,9473775,,complete,,,computer,Desktop or Laptop,Windows 7,Firefox 115.0,1920x1080,1920x927,Accepted,,0,rsl experimental trials list2,17,rsl_list2,Not on phone,,Accepted,rsl_list2,28,match,Screen 1,nmofvp,1,continue,,500,500,500,500,500,500,1,500,0,0,,Fixation Timing,,1,object-167,match,Book 1.jpg,26.mp4,different,same,target,book,26,1,,,
296,1696433741037,04/10/2023 15:35:41,1696444541037,3,04/10/2023 21:35:41,142916,11,task-tfo5,,32033764,qkorrllg,9473775,,complete,,,computer,Desktop or Laptop,Windows 7,Firefox 115.0,1920x1080,1920x927,Accepted,,0,rsl experimental trials list2,17,rsl_list2,Not on phone,,Accepted,rsl_list2,28,match,Screen 2,pevo7u,2,timedOut,,1000.4799999999814,999.8800000000047,1000.4799999999814,1000.4799999999814,999.8800000000047,1000.4799999999814,0,1000.4799999999814,0,0,,Time Limit,screen,0,screen,match,Book 1.jpg,26.mp4,different,same,target,book,26,1,,,
297,1696433741337,04/10/2023 15:35:41,1696444541337,3,04/10/2023 21:35:41,142916,11,task-tfo5,,32033764,qkorrllg,9473775,,complete,,,computer,Desktop or Laptop,Windows 7,Firefox 115.0,1920x1080,1920x927,Accepted,,0,rsl experimental trials list2,17,rsl_list2,Not on phone,,Accepted,rsl_list2,28,match,Screen 3,z1irvt,3,timedOut,,300,300,300,300,300,300,1,300,0,0,,Time Limit,screen,0,screen,match,Book 1.jpg,26.mp4,different,same,target,book,26,1,,,
298,1696433741742,04/10/2023 15:35:41,1696444541742,3,04/10/2023 21:35:41,142916,11,task-tfo5,,32033764,qkorrllg,9473775,,complete,,,computer,Desktop or Laptop,Windows 7,Firefox 115.0,1920x1080,1920x927,Accepted,,0,rsl experimental trials list2,17,rsl_list2,Not on phone,,Accepted,rsl_list2,28,match,Screen 4,9wlxvm,4,info,Video start,166.75999999954365,166.75999999954365,166.75999999954365,166.75999999954365,166.75999999954365,166.75999999954365,1,166.75999999954365,0,0,,Video,video,1,object-178,match,Book 1.jpg,26.mp4,different,same,target,book,26,1,,,
299,1696433744058,04/10/2023 15:35:44,1696444544058,3,04/10/2023 21:35:44,142916,11,task-tfo5,,32033764,qkorrllg,9473775,,complete,,,computer,Desktop or Laptop,Windows 7,Firefox 115.0,1920x1080,1920x927,Accepted,,0,rsl experimental trials list2,17,rsl_list2,Not on phone,,Accepted,rsl_list2,28,match,Screen 4,9wlxvm,4,response,match,2721.5999999999767,2716.679999999993,2721.5999999999767,2721.5999999999767,2716.679999999993,2721.5999999999767,1,2721.5999999999767,0,0,,Keyboard Response,Keyboard Response,6,object-183,match,Book 1.jpg,26.mp4,different,same,target,book,26,1,,,
300,1696433744555,04/10/2023 15:35:44,1696444544555,3,04/10/2023 21:35:44,142916,11,task-tfo5,,32033764,qkorrllg,9473775,,complete,,,computer,Desktop or Laptop,Windows 7,Firefox 115.0,1920x1080,1920x927,Accepted,,0,rsl experimental trials list2,17,rsl_list2,Not on phone,,Accepted,rsl_list2,32,nomatch,Screen 1,8mz8sc,1,continue,,499.8399999999674,499.8399999999674,499.8399999999674,499.8399999999674,499.8399999999674,499.8399999999674,1,499.8399999999674,0,0,,Fixation Timing,,1,object-186,nomatch,Paint 2.jpg,90.mp4,different,different,foil,na,90,1,,,
301,1696433745554,04/10/2023 15:35:45,1696444545554,3,04/10/2023 21:35:45,142916,11,task-tfo5,,32033764,qkorrllg,9473775,,complete,,,computer,Desktop or Laptop,Windows 7,Firefox 115.0,1920x1080,1920x927,Accepted,,0,rsl experimental trials list2,17,rsl_list2,Not on phone,,Accepted,rsl_list2,32,nomatch,Screen 2,zhfxqk,2,timedOut,,1000.0800000000163,1000,1000.0800000000163,1000.0800000000163,1000,1000.0800000000163,0,1000.0800000000163,0,0,,Time Limit,screen,0,screen,nomatch,Paint 2.jpg,90.mp4,different,different,foil,na,90,1,,,
302,1696433745855,04/10/2023 15:35:45,1696444545855,3,04/10/2023 21:35:45,142916,11,task-tfo5,,32033764,qkorrllg,9473775,,complete,,,computer,Desktop or Laptop,Windows 7,Firefox 115.0,1920x1080,1920x927,Accepted,,0,rsl experimental trials list2,17,rsl_list2,Not on phone,,Accepted,rsl_list2,32,nomatch,Screen 3,d73ena,3,timedOut,,301.0800000000163,300,301.0800000000163,301.0800000000163,300,301.0800000000163,1,301.0800000000163,0,0,,Time Limit,screen,0,screen,nomatch,Paint 2.jpg,90.mp4,different,different,foil,na,90,1,,,
303,1696433746240,04/10/2023 15:35:46,1696444546240,3,04/10/2023 21:35:46,142916,11,task-tfo5,,32033764,qkorrllg,9473775,,complete,,,computer,Desktop or Laptop,Windows 7,Firefox 115.0,1920x1080,1920x927,Accepted,,0,rsl experimental trials list2,17,rsl_list2,Not on phone,,Accepted,rsl_list2,32,nomatch,Screen 4,kfk7dt,4,info,Video start,150.02000000036787,150.02000000036787,150.02000000036787,150.02000000036787,150.02000000036787,150.02000000036787,0,150.02000000036787,0,0,,Video,video,1,object-204,nomatch,Paint 2.jpg,90.mp4,different,different,foil,na,90,1,,,
304,1696433748074,04/10/2023 15:35:48,1696444548074,3,04/10/2023 21:35:48,142916,11,task-tfo5,,32033764,qkorrllg,9473775,,complete,,,computer,Desktop or Laptop,Windows 7,Firefox 115.0,1920x1080,1920x927,Accepted,,0,rsl experimental trials list2,17,rsl_list2,Not on phone,,Accepted,rsl_list2,32,nomatch,Screen 4,kfk7dt,4,response,nomatch,2220.0800000000163,2216.600000000035,2220.0800000000163,2220.0800000000163,2216.600000000035,2220.0800000000163,0,2220.0800000000163,0,0,,Keyboard Response,Keyboard Response,6,object-209,nomatch,Paint 2.jpg,90.mp4,different,different,foil,na,90,1,,,
305,1696433748572,04/10/2023 15:35:48,1696444548572,3,04/10/2023 21:35:48,142916,11,task-tfo5,,32033764,qkorrllg,9473775,,complete,,,computer,Desktop or Laptop,Windows 7,Firefox 115.0,1920x1080,1920x927,Accepted,,0,rsl experimental trials list2,17,rsl_list2,Not on phone,,Accepted,rsl_list2,29,match,Screen 1,nmofvp,1,continue,,500,500,500,500,500,500,1,500,0,0,,Fixation Timing,,1,object-167,match,Try 2.jpg,22.mp4,different,same,target,try,22,1,,,
306,1696433749571,04/10/2023 15:35:49,1696444549571,3,04/10/2023 21:35:49,142916,11,task-tfo5,,32033764,qkorrllg,9473775,,complete,,,computer,Desktop or Laptop,Windows 7,Firefox 115.0,1920x1080,1920x927,Accepted,,0,rsl experimental trials list2,17,rsl_list2,Not on phone,,Accepted,rsl_list2,29,match,Screen 2,pevo7u,2,timedOut,,1000.4799999999814,999.8999999999651,1000.4799999999814,1000.4799999999814,999.8999999999651,1000.4799999999814,0,1000.4799999999814,0,0,,Time Limit,screen,0,screen,match,Try 2.jpg,22.mp4,different,same,target,try,22,1,,,
307,1696433749872,04/10/2023 15:35:49,1696444549872,3,04/10/2023 21:35:49,142916,11,task-tfo5,,32033764,qkorrllg,9473775,,complete,,,computer,Desktop or Laptop,Windows 7,Firefox 115.0,1920x1080,1920x927,Accepted,,0,rsl experimental trials list2,17,rsl_list2,Not on phone,,Accepted,rsl_list2,29,match,Screen 3,z1irvt,3,timedOut,,301.5800000000163,300,301.5800000000163,301.5800000000163,300,301.5800000000163,1,301.5800000000163,0,0,,Time Limit,screen,0,screen,match,Try 2.jpg,22.mp4,different,same,target,try,22,1,,,
308,1696433750272,04/10/2023 15:35:50,1696444550272,3,04/10/2023 21:35:50,142916,11,task-tfo5,,32033764,qkorrllg,9473775,,complete,,,computer,Desktop or Laptop,Windows 7,Firefox 115.0,1920x1080,1920x927,Accepted,,0,rsl experimental trials list2,17,rsl_list2,Not on phone,,Accepted,rsl_list2,29,match,Screen 4,9wlxvm,4,info,Video start,166.7199999995646,166.7199999995646,166.7199999995646,166.7199999995646,166.7199999995646,166.7199999995646,1,166.7199999995646,0,0,,Video,video,1,object-178,match,Try 2.jpg,22.mp4,different,same,target,try,22,1,,,
309,1696433754690,04/10/2023 15:35:54,1696444554690,3,04/10/2023 21:35:54,142916,11,task-tfo5,,32033764,qkorrllg,9473775,,complete,,,computer,Desktop or Laptop,Windows 7,Firefox 115.0,1920x1080,1920x927,Accepted,,0,rsl experimental trials list2,17,rsl_list2,Not on phone,,Accepted,rsl_list2,29,match,Screen 4,9wlxvm,4,response,match,4819.580000000016,4816.48000000004,4819.580000000016,4819.580000000016,4816.48000000004,4819.580000000016,1,4819.580000000016,0,0,,Keyboard Response,Keyboard Response,6,object-183,match,Try 2.jpg,22.mp4,different,same,target,try,22,1,,,
310,1696433755188,04/10/2023 15:35:55,1696444555188,3,04/10/2023 21:35:55,142916,11,task-tfo5,,32033764,qkorrllg,9473775,,complete,,,computer,Desktop or Laptop,Windows 7,Firefox 115.0,1920x1080,1920x927,Accepted,,0,rsl experimental trials list2,17,rsl_list2,Not on phone,,Accepted,rsl_list2,30,match,Screen 1,nmofvp,1,continue,,500,500,500,500,500,500,1,500,0,0,,Fixation Timing,,1,object-167,match,Eagle 2.jpg,31.mp4,different,same,target,eagle,31,1,,,
311,1696433756188,04/10/2023 15:35:56,1696444556188,3,04/10/2023 21:35:56,142916,11,task-tfo5,,32033764,qkorrllg,9473775,,complete,,,computer,Desktop or Laptop,Windows 7,Firefox 115.0,1920x1080,1920x927,Accepted,,0,rsl experimental trials list2,17,rsl_list2,Not on phone,,Accepted,rsl_list2,30,match,Screen 2,pevo7u,2,timedOut,,1001.0999999999767,1000,1001.0999999999767,1001.0999999999767,1000,1001.0999999999767,0,1001.0999999999767,0,0,,Time Limit,screen,0,screen,match,Eagle 2.jpg,31.mp4,different,same,target,eagle,31,1,,,
312,1696433756488,04/10/2023 15:35:56,1696444556488,3,04/10/2023 21:35:56,142916,11,task-tfo5,,32033764,qkorrllg,9473775,,complete,,,computer,Desktop or Laptop,Windows 7,Firefox 115.0,1920x1080,1920x927,Accepted,,0,rsl experimental trials list2,17,rsl_list2,Not on phone,,Accepted,rsl_list2,30,match,Screen 3,z1irvt,3,timedOut,,302.0999999999767,300,302.0999999999767,302.0999999999767,300,302.0999999999767,1,302.0999999999767,0,0,,Time Limit,screen,0,screen,match,Eagle 2.jpg,31.mp4,different,same,target,eagle,31,1,,,
313,1696433756856,04/10/2023 15:35:56,1696444556856,3,04/10/2023 21:35:56,142916,11,task-tfo5,,32033764,qkorrllg,9473775,,complete,,,computer,Desktop or Laptop,Windows 7,Firefox 115.0,1920x1080,1920x927,Accepted,,0,rsl experimental trials list2,17,rsl_list2,Not on phone,,Accepted,rsl_list2,30,match,Screen 4,9wlxvm,4,info,Video start,126.2269999999767,116.48000000009779,126.2269999999767,126.2269999999767,116.48000000009779,126.2269999999767,1,126.2269999999767,0,0,,Video,video,1,object-178,match,Eagle 2.jpg,31.mp4,different,same,target,eagle,31,1,,,
314,1696433759553,04/10/2023 15:35:59,1696444559553,3,04/10/2023 21:35:59,142916,11,task-tfo5,,32033764,qkorrllg,9473775,,complete,,,computer,Desktop or Laptop,Windows 7,Firefox 115.0,1920x1080,1920x927,Accepted,,0,rsl experimental trials list2,17,rsl_list2,Not on phone,,Accepted,rsl_list2,30,match,Screen 4,9wlxvm,4,response,match,3066.5200000000186,3049.859999999986,3066.5200000000186,3066.5200000000186,3049.859999999986,3066.5200000000186,1,3066.5200000000186,0,0,,Keyboard Response,Keyboard Response,6,object-183,match,Eagle 2.jpg,31.mp4,different,same,target,eagle,31,1,,,
315,1696433760037,04/10/2023 15:36:00,1696444560037,3,04/10/2023 21:36:00,142916,11,task-tfo5,,32033764,qkorrllg,9473775,,complete,,,computer,Desktop or Laptop,Windows 7,Firefox 115.0,1920x1080,1920x927,Accepted,,0,rsl experimental trials list2,17,rsl_list2,Not on phone,,Accepted,rsl_list2,33,nomatch,Screen 1,8mz8sc,1,continue,,500,500,500,500,500,500,1,500,0,0,,Fixation Timing,,1,object-186,nomatch,Salt 1.jpg,58.mp4,different,different,foil,na,58,1,,,
316,1696433761037,04/10/2023 15:36:01,1696444561037,3,04/10/2023 21:36:01,142916,11,task-tfo5,,32033764,qkorrllg,9473775,,complete,,,computer,Desktop or Laptop,Windows 7,Firefox 115.0,1920x1080,1920x927,Accepted,,0,rsl experimental trials list2,17,rsl_list2,Not on phone,,Accepted,rsl_list2,33,nomatch,Screen 2,zhfxqk,2,timedOut,,1000.2399999999907,999.8800000000047,1000.2399999999907,1000.2399999999907,999.8800000000047,1000.2399999999907,0,1000.2399999999907,0,0,,Time Limit,screen,0,screen,nomatch,Salt 1.jpg,58.mp4,different,different,foil,na,58,1,,,
317,1696433761337,04/10/2023 15:36:01,1696444561337,3,04/10/2023 21:36:01,142916,11,task-tfo5,,32033764,qkorrllg,9473775,,complete,,,computer,Desktop or Laptop,Windows 7,Firefox 115.0,1920x1080,1920x927,Accepted,,0,rsl experimental trials list2,17,rsl_list2,Not on phone,,Accepted,rsl_list2,33,nomatch,Screen 3,d73ena,3,timedOut,,300.35999999998603,300,300.35999999998603,300.35999999998603,300,300.35999999998603,1,300.35999999998603,0,0,,Time Limit,screen,0,screen,nomatch,Salt 1.jpg,58.mp4,different,different,foil,na,58,1,,,
318,1696433761737,04/10/2023 15:36:01,1696444561737,3,04/10/2023 21:36:01,142916,11,task-tfo5,,32033764,qkorrllg,9473775,,complete,,,computer,Desktop or Laptop,Windows 7,Firefox 115.0,1920x1080,1920x927,Accepted,,0,rsl experimental trials list2,17,rsl_list2,Not on phone,,Accepted,rsl_list2,33,nomatch,Screen 4,kfk7dt,4,info,Video start,160.87599999998602,150.07999999955064,160.87599999998602,160.87599999998602,150.07999999955064,160.87599999998602,0,160.87599999998602,0,0,,Video,video,1,object-204,nomatch,Salt 1.jpg,58.mp4,different,different,foil,na,58,1,,,
319,1696433764801,04/10/2023 15:36:04,1696444564801,3,04/10/2023 21:36:04,142916,11,task-tfo5,,32033764,qkorrllg,9473775,,complete,,,computer,Desktop or Laptop,Windows 7,Firefox 115.0,1920x1080,1920x927,Accepted,,0,rsl experimental trials list2,17,rsl_list2,Not on phone,,Accepted,rsl_list2,33,nomatch,Screen 4,kfk7dt,4,response,nomatch,3461.359999999986,3449.9400000000023,3461.359999999986,3461.359999999986,3449.9400000000023,3461.359999999986,0,3461.359999999986,0,0,,Keyboard Response,Keyboard Response,6,object-209,nomatch,Salt 1.jpg,58.mp4,different,different,foil,na,58,1,,,
320,1696433765287,04/10/2023 15:36:05,1696444565287,3,04/10/2023 21:36:05,142916,11,task-tfo5,,32033764,qkorrllg,9473775,,complete,,,computer,Desktop or Laptop,Windows 7,Firefox 115.0,1920x1080,1920x927,Accepted,,0,rsl experimental trials list2,17,rsl_list2,Not on phone,,Accepted,rsl_list2,34,nomatch,Screen 1,8mz8sc,1,continue,,499.8999999999651,499.8999999999651,499.8999999999651,499.8999999999651,499.8999999999651,499.8999999999651,1,499.8999999999651,0,0,,Fixation Timing,,1,object-186,nomatch,Call 2.jpg,61.mp4,different,different,foil,na,61,1,,,
321,1696433766287,04/10/2023 15:36:06,1696444566287,3,04/10/2023 21:36:06,142916,11,task-tfo5,,32033764,qkorrllg,9473775,,complete,,,computer,Desktop or Laptop,Windows 7,Firefox 115.0,1920x1080,1920x927,Accepted,,0,rsl experimental trials list2,17,rsl_list2,Not on phone,,Accepted,rsl_list2,34,nomatch,Screen 2,zhfxqk,2,timedOut,,1000.5200000000186,1000,1000.5200000000186,1000.5200000000186,1000,1000.5200000000186,0,1000.5200000000186,0,0,,Time Limit,screen,0,screen,nomatch,Call 2.jpg,61.mp4,different,different,foil,na,61,1,,,
322,1696433766586,04/10/2023 15:36:06,1696444566586,3,04/10/2023 21:36:06,142916,11,task-tfo5,,32033764,qkorrllg,9473775,,complete,,,computer,Desktop or Laptop,Windows 7,Firefox 115.0,1920x1080,1920x927,Accepted,,0,rsl experimental trials list2,17,rsl_list2,Not on phone,,Accepted,rsl_list2,34,nomatch,Screen 3,d73ena,3,timedOut,,300.5200000000186,300,300.5200000000186,300.5200000000186,300,300.5200000000186,1,300.5200000000186,0,0,,Time Limit,screen,0,screen,nomatch,Call 2.jpg,61.mp4,different,different,foil,na,61,1,,,
323,1696433766977,04/10/2023 15:36:06,1696444566977,3,04/10/2023 21:36:06,142916,11,task-tfo5,,32033764,qkorrllg,9473775,,complete,,,computer,Desktop or Laptop,Windows 7,Firefox 115.0,1920x1080,1920x927,Accepted,,0,rsl experimental trials list2,17,rsl_list2,Not on phone,,Accepted,rsl_list2,34,nomatch,Screen 4,kfk7dt,4,info,Video start,150.80300000001864,150.0399999995716,150.80300000001864,150.80300000001864,150.0399999995716,150.80300000001864,0,150.80300000001864,0,0,,Video,video,1,object-204,nomatch,Call 2.jpg,61.mp4,different,different,foil,na,61,1,,,
324,1696433769617,04/10/2023 15:36:09,1696444569617,3,04/10/2023 21:36:09,142916,11,task-tfo5,,32033764,qkorrllg,9473775,,complete,,,computer,Desktop or Laptop,Windows 7,Firefox 115.0,1920x1080,1920x927,Accepted,,0,rsl experimental trials list2,17,rsl_list2,Not on phone,,Accepted,rsl_list2,34,nomatch,Screen 4,kfk7dt,4,response,nomatch,3030.5200000000186,3016.6199999999953,3030.5200000000186,3030.5200000000186,3016.6199999999953,3030.5200000000186,0,3030.5200000000186,0,0,,Keyboard Response,Keyboard Response,6,object-209,nomatch,Call 2.jpg,61.mp4,different,different,foil,na,61,1,,,
325,1696433770104,04/10/2023 15:36:10,1696444570104,3,04/10/2023 21:36:10,142916,11,task-tfo5,,32033764,qkorrllg,9473775,,complete,,,computer,Desktop or Laptop,Windows 7,Firefox 115.0,1920x1080,1920x927,Accepted,,0,rsl experimental trials list2,17,rsl_list2,Not on phone,,Accepted,rsl_list2,35,nomatch,Screen 1,8mz8sc,1,continue,,499.88000000000466,499.88000000000466,499.88000000000466,499.88000000000466,499.88000000000466,499.88000000000466,1,499.88000000000466,0,0,,Fixation Timing,,1,object-186,nomatch,Cigar 2.jpg,78.mp4,same,different,foil,na,78,1,,,
326,1696433771103,04/10/2023 15:36:11,1696444571103,3,04/10/2023 21:36:11,142916,11,task-tfo5,,32033764,qkorrllg,9473775,,complete,,,computer,Desktop or Laptop,Windows 7,Firefox 115.0,1920x1080,1920x927,Accepted,,0,rsl experimental trials list2,17,rsl_list2,Not on phone,,Accepted,rsl_list2,35,nomatch,Screen 2,zhfxqk,2,timedOut,,1001.0200000000186,999.9800000000396,1001.0200000000186,1001.0200000000186,999.9800000000396,1001.0200000000186,0,1001.0200000000186,0,0,,Time Limit,screen,0,screen,nomatch,Cigar 2.jpg,78.mp4,same,different,foil,na,78,1,,,
327,1696433771404,04/10/2023 15:36:11,1696444571404,3,04/10/2023 21:36:11,142916,11,task-tfo5,,32033764,qkorrllg,9473775,,complete,,,computer,Desktop or Laptop,Windows 7,Firefox 115.0,1920x1080,1920x927,Accepted,,0,rsl experimental trials list2,17,rsl_list2,Not on phone,,Accepted,rsl_list2,35,nomatch,Screen 3,d73ena,3,timedOut,,301.03999999997905,299.9400000000023,301.03999999997905,301.03999999997905,299.9400000000023,301.03999999997905,1,301.03999999997905,0,0,,Time Limit,screen,0,screen,nomatch,Cigar 2.jpg,78.mp4,same,different,foil,na,78,1,,,
328,1696433771789,04/10/2023 15:36:11,1696444571789,3,04/10/2023 21:36:11,142916,11,task-tfo5,,32033764,qkorrllg,9473775,,complete,,,computer,Desktop or Laptop,Windows 7,Firefox 115.0,1920x1080,1920x927,Accepted,,0,rsl experimental trials list2,17,rsl_list2,Not on phone,,Accepted,rsl_list2,35,nomatch,Screen 4,kfk7dt,4,info,Video start,145.16099999997672,133.43999999953667,145.16099999997672,145.16099999997672,133.43999999953667,145.16099999997672,0,145.16099999997672,0,0,,Video,video,1,object-204,nomatch,Cigar 2.jpg,78.mp4,same,different,foil,na,78,1,,,
329,1696433774689,04/10/2023 15:36:14,1696444574689,3,04/10/2023 21:36:14,142916,11,task-tfo5,,32033764,qkorrllg,9473775,,complete,,,computer,Desktop or Laptop,Windows 7,Firefox 115.0,1920x1080,1920x927,Accepted,,0,rsl experimental trials list2,17,rsl_list2,Not on phone,,Accepted,rsl_list2,35,nomatch,Screen 4,kfk7dt,4,response,nomatch,3287.0999999999767,3283.319999999949,3287.0999999999767,3287.0999999999767,3283.319999999949,3287.0999999999767,0,3287.0999999999767,0,0,,Keyboard Response,Keyboard Response,6,object-209,nomatch,Cigar 2.jpg,78.mp4,same,different,foil,na,78,1,,,
330,1696433775186,04/10/2023 15:36:15,1696444575186,3,04/10/2023 21:36:15,142916,11,task-tfo5,,32033764,qkorrllg,9473775,,complete,,,computer,Desktop or Laptop,Windows 7,Firefox 115.0,1920x1080,1920x927,Accepted,,0,rsl experimental trials list2,17,rsl_list2,Not on phone,,Accepted,rsl_list2,36,nomatch,Screen 1,8mz8sc,1,continue,,499.88000000000466,499.88000000000466,499.88000000000466,499.88000000000466,499.88000000000466,499.88000000000466,1,499.88000000000466,0,0,,Fixation Timing,,1,object-186,nomatch,School 1.jpg,59.mp4,different,different,foil,na,59,1,,,
331,1696433776187,04/10/2023 15:36:16,1696444576187,3,04/10/2023 21:36:16,142916,11,task-tfo5,,32033764,qkorrllg,9473775,,complete,,,computer,Desktop or Laptop,Windows 7,Firefox 115.0,1920x1080,1920x927,Accepted,,0,rsl experimental trials list2,17,rsl_list2,Not on phone,,Accepted,rsl_list2,36,nomatch,Screen 2,zhfxqk,2,timedOut,,1000.9000000000233,1000,1000.9000000000233,1000.9000000000233,1000,1000.9000000000233,0,1000.9000000000233,0,0,,Time Limit,screen,0,screen,nomatch,School 1.jpg,59.mp4,different,different,foil,na,59,1,,,
332,1696433776488,04/10/2023 15:36:16,1696444576488,3,04/10/2023 21:36:16,142916,11,task-tfo5,,32033764,qkorrllg,9473775,,complete,,,computer,Desktop or Laptop,Windows 7,Firefox 115.0,1920x1080,1920x927,Accepted,,0,rsl experimental trials list2,17,rsl_list2,Not on phone,,Accepted,rsl_list2,36,nomatch,Screen 3,d73ena,3,timedOut,,301.9000000000233,300,301.9000000000233,301.9000000000233,300,301.9000000000233,1,301.9000000000233,0,0,,Time Limit,screen,0,screen,nomatch,School 1.jpg,59.mp4,different,different,foil,na,59,1,,,
333,1696433776845,04/10/2023 15:36:16,1696444576845,3,04/10/2023 21:36:16,142916,11,task-tfo5,,32033764,qkorrllg,9473775,,complete,,,computer,Desktop or Laptop,Windows 7,Firefox 115.0,1920x1080,1920x927,Accepted,,0,rsl experimental trials list2,17,rsl_list2,Not on phone,,Accepted,rsl_list2,36,nomatch,Screen 4,kfk7dt,4,info,Video start,116.57300000002328,100.06000000040513,116.57300000002328,116.57300000002328,100.06000000040513,116.57300000002328,0,116.57300000002328,0,0,,Video,video,1,object-204,nomatch,School 1.jpg,59.mp4,different,different,foil,na,59,1,,,
334,1696433778608,04/10/2023 15:36:18,1696444578608,3,04/10/2023 21:36:18,142916,11,task-tfo5,,32033764,qkorrllg,9473775,,complete,,,computer,Desktop or Laptop,Windows 7,Firefox 115.0,1920x1080,1920x927,Accepted,,0,rsl experimental trials list2,17,rsl_list2,Not on phone,,Accepted,rsl_list2,36,nomatch,Screen 4,kfk7dt,4,response,nomatch,2122.9000000000233,2116.5800000000163,2122.9000000000233,2122.9000000000233,2116.5800000000163,2122.9000000000233,0,2122.9000000000233,0,0,,Keyboard Response,Keyboard Response,6,object-209,nomatch,School 1.jpg,59.mp4,different,different,foil,na,59,1,,,
335,1696433779103,04/10/2023 15:36:19,1696444579103,3,04/10/2023 21:36:19,142916,11,task-tfo5,,32033764,qkorrllg,9473775,,complete,,,computer,Desktop or Laptop,Windows 7,Firefox 115.0,1920x1080,1920x927,Accepted,,0,rsl experimental trials list2,17,rsl_list2,Not on phone,,Accepted,rsl_list2,31,match,Screen 1,nmofvp,1,continue,,499.9400000000023,499.9400000000023,499.9400000000023,499.9400000000023,499.9400000000023,499.9400000000023,1,499.9400000000023,0,0,,Fixation Timing,,1,object-167,match,Jump 1.jpg,39.mp4,different,same,target,jump,39,1,,,
336,1696433780102,04/10/2023 15:36:20,1696444580102,3,04/10/2023 21:36:20,142916,11,task-tfo5,,32033764,qkorrllg,9473775,,complete,,,computer,Desktop or Laptop,Windows 7,Firefox 115.0,1920x1080,1920x927,Accepted,,0,rsl experimental trials list2,17,rsl_list2,Not on phone,,Accepted,rsl_list2,31,match,Screen 2,pevo7u,2,timedOut,,1000.3800000000047,1000,1000.3800000000047,1000.3800000000047,1000,1000.3800000000047,0,1000.3800000000047,0,0,,Time Limit,screen,0,screen,match,Jump 1.jpg,39.mp4,different,same,target,jump,39,1,,,
337,1696433780402,04/10/2023 15:36:20,1696444580402,3,04/10/2023 21:36:20,142916,11,task-tfo5,,32033764,qkorrllg,9473775,,complete,,,computer,Desktop or Laptop,Windows 7,Firefox 115.0,1920x1080,1920x927,Accepted,,0,rsl experimental trials list2,17,rsl_list2,Not on phone,,Accepted,rsl_list2,31,match,Screen 3,z1irvt,3,timedOut,,300.38000000000466,300,300.38000000000466,300.38000000000466,300,300.38000000000466,1,300.38000000000466,0,0,,Time Limit,screen,0,screen,match,Jump 1.jpg,39.mp4,different,same,target,jump,39,1,,,
338,1696433780766,04/10/2023 15:36:20,1696444580766,3,04/10/2023 21:36:20,142916,11,task-tfo5,,32033764,qkorrllg,9473775,,complete,,,computer,Desktop or Laptop,Windows 7,Firefox 115.0,1920x1080,1920x927,Accepted,,0,rsl experimental trials list2,17,rsl_list2,Not on phone,,Accepted,rsl_list2,31,match,Screen 4,9wlxvm,4,info,Video start,122.29200000000466,116.76000000035856,122.29200000000466,122.29200000000466,116.76000000035856,122.29200000000466,1,122.29200000000466,0,0,,Video,video,1,object-178,match,Jump 1.jpg,39.mp4,different,same,target,jump,39,1,,,
339,1696433782897,04/10/2023 15:36:22,1696444582897,3,04/10/2023 21:36:22,142916,11,task-tfo5,,32033764,qkorrllg,9473775,,complete,,,computer,Desktop or Laptop,Windows 7,Firefox 115.0,1920x1080,1920x927,Accepted,,0,rsl experimental trials list2,17,rsl_list2,Not on phone,,Accepted,rsl_list2,31,match,Screen 4,9wlxvm,4,response,match,2494.3800000000047,2483.2200000000303,2494.3800000000047,2494.3800000000047,2483.2200000000303,2494.3800000000047,1,2494.3800000000047,0,0,,Keyboard Response,Keyboard Response,6,object-183,match,Jump 1.jpg,39.mp4,different,same,target,jump,39,1,,,
340,1696433783386,04/10/2023 15:36:23,1696444583386,3,04/10/2023 21:36:23,142916,11,task-tfo5,,32033764,qkorrllg,9473775,,complete,,,computer,Desktop or Laptop,Windows 7,Firefox 115.0,1920x1080,1920x927,Accepted,,0,rsl experimental trials list2,17,rsl_list2,Not on phone,,Accepted,rsl_list2,32,match,Screen 1,nmofvp,1,continue,,499.8999999999651,499.8999999999651,499.8999999999651,499.8999999999651,499.8999999999651,499.8999999999651,1,499.8999999999651,0,0,,Fixation Timing,,1,object-167,match,Leave 1.jpg,40.mp4,different,same,target,leave,40,1,,,
341,1696433784386,04/10/2023 15:36:24,1696444584386,3,04/10/2023 21:36:24,142916,11,task-tfo5,,32033764,qkorrllg,9473775,,complete,,,computer,Desktop or Laptop,Windows 7,Firefox 115.0,1920x1080,1920x927,Accepted,,0,rsl experimental trials list2,17,rsl_list2,Not on phone,,Accepted,rsl_list2,32,match,Screen 2,pevo7u,2,timedOut,,1000.2600000000093,1000,1000.2600000000093,1000.2600000000093,1000,1000.2600000000093,0,1000.2600000000093,0,0,,Time Limit,screen,0,screen,match,Leave 1.jpg,40.mp4,different,same,target,leave,40,1,,,
342,1696433784686,04/10/2023 15:36:24,1696444584686,3,04/10/2023 21:36:24,142916,11,task-tfo5,,32033764,qkorrllg,9473775,,complete,,,computer,Desktop or Laptop,Windows 7,Firefox 115.0,1920x1080,1920x927,Accepted,,0,rsl experimental trials list2,17,rsl_list2,Not on phone,,Accepted,rsl_list2,32,match,Screen 3,z1irvt,3,timedOut,,301.2600000000093,300,301.2600000000093,301.2600000000093,300,301.2600000000093,1,301.2600000000093,0,0,,Time Limit,screen,0,screen,match,Leave 1.jpg,40.mp4,different,same,target,leave,40,1,,,
343,1696433785054,04/10/2023 15:36:25,1696444585054,3,04/10/2023 21:36:25,142916,11,task-tfo5,,32033764,qkorrllg,9473775,,complete,,,computer,Desktop or Laptop,Windows 7,Firefox 115.0,1920x1080,1920x927,Accepted,,0,rsl experimental trials list2,17,rsl_list2,Not on phone,,Accepted,rsl_list2,32,match,Screen 4,9wlxvm,4,info,Video start,133.41999999957625,133.41999999957625,133.41999999957625,133.41999999957625,133.41999999957625,133.41999999957625,1,133.41999999957625,0,0,,Video,video,1,object-178,match,Leave 1.jpg,40.mp4,different,same,target,leave,40,1,,,
344,1696433786897,04/10/2023 15:36:26,1696444586897,3,04/10/2023 21:36:26,142916,11,task-tfo5,,32033764,qkorrllg,9473775,,complete,,,computer,Desktop or Laptop,Windows 7,Firefox 115.0,1920x1080,1920x927,Accepted,,0,rsl experimental trials list2,17,rsl_list2,Not on phone,,Accepted,rsl_list2,32,match,Screen 4,9wlxvm,4,response,match,2212.2600000000093,2200,2212.2600000000093,2212.2600000000093,2200,2212.2600000000093,1,2212.2600000000093,0,0,,Keyboard Response,Keyboard Response,6,object-183,match,Leave 1.jpg,40.mp4,different,same,target,leave,40,1,,,
345,1696433787386,04/10/2023 15:36:27,1696444587386,3,04/10/2023 21:36:27,142916,11,task-tfo5,,32033764,qkorrllg,9473775,,complete,,,computer,Desktop or Laptop,Windows 7,Firefox 115.0,1920x1080,1920x927,Accepted,,0,rsl experimental trials list2,17,rsl_list2,Not on phone,,Accepted,rsl_list2,37,nomatch,Screen 1,8mz8sc,1,continue,,500,500,500,500,500,500,1,500,0,0,,Fixation Timing,,1,object-186,nomatch,Engagement 2.jpg,50.mp4,different,different,foil,na,50,1,,,
346,1696433788386,04/10/2023 15:36:28,1696444588386,3,04/10/2023 21:36:28,142916,11,task-tfo5,,32033764,qkorrllg,9473775,,complete,,,computer,Desktop or Laptop,Windows 7,Firefox 115.0,1920x1080,1920x927,Accepted,,0,rsl experimental trials list2,17,rsl_list2,Not on phone,,Accepted,rsl_list2,37,nomatch,Screen 2,zhfxqk,2,timedOut,,1000.2600000000093,999.8800000000047,1000.2600000000093,1000.2600000000093,999.8800000000047,1000.2600000000093,0,1000.2600000000093,0,0,,Time Limit,screen,0,screen,nomatch,Engagement 2.jpg,50.mp4,different,different,foil,na,50,1,,,
347,1696433788685,04/10/2023 15:36:28,1696444588685,3,04/10/2023 21:36:28,142916,11,task-tfo5,,32033764,qkorrllg,9473775,,complete,,,computer,Desktop or Laptop,Windows 7,Firefox 115.0,1920x1080,1920x927,Accepted,,0,rsl experimental trials list2,17,rsl_list2,Not on phone,,Accepted,rsl_list2,37,nomatch,Screen 3,d73ena,3,timedOut,,300.38000000000466,300,300.38000000000466,300.38000000000466,300,300.38000000000466,1,300.38000000000466,0,0,,Time Limit,screen,0,screen,nomatch,Engagement 2.jpg,50.mp4,different,different,foil,na,50,1,,,
348,1696433789072,04/10/2023 15:36:29,1696444589072,3,04/10/2023 21:36:29,142916,11,task-tfo5,,32033764,qkorrllg,9473775,,complete,,,computer,Desktop or Laptop,Windows 7,Firefox 115.0,1920x1080,1920x927,Accepted,,0,rsl experimental trials list2,17,rsl_list2,Not on phone,,Accepted,rsl_list2,37,nomatch,Screen 4,kfk7dt,4,info,Video start,150.08000000036554,150.08000000036554,150.08000000036554,150.08000000036554,150.08000000036554,150.08000000036554,0,150.08000000036554,0,0,,Video,video,1,object-204,nomatch,Engagement 2.jpg,50.mp4,different,different,foil,na,50,1,,,
349,1696433791856,04/10/2023 15:36:31,1696444591856,3,04/10/2023 21:36:31,142916,11,task-tfo5,,32033764,qkorrllg,9473775,,complete,,,computer,Desktop or Laptop,Windows 7,Firefox 115.0,1920x1080,1920x927,Accepted,,0,rsl experimental trials list2,17,rsl_list2,Not on phone,,Accepted,rsl_list2,37,nomatch,Screen 4,kfk7dt,4,response,nomatch,3170.3800000000047,3166.6600000000326,3170.3800000000047,3170.3800000000047,3166.6600000000326,3170.3800000000047,0,3170.3800000000047,0,0,,Keyboard Response,Keyboard Response,6,object-209,nomatch,Engagement 2.jpg,50.mp4,different,different,foil,na,50,1,,,
350,1696433792352,04/10/2023 15:36:32,1696444592352,3,04/10/2023 21:36:32,142916,11,task-tfo5,,32033764,qkorrllg,9473775,,complete,,,computer,Desktop or Laptop,Windows 7,Firefox 115.0,1920x1080,1920x927,Accepted,,0,rsl experimental trials list2,17,rsl_list2,Not on phone,,Accepted,rsl_list2,38,nomatch,Screen 1,8mz8sc,1,continue,,499.85999999998603,499.85999999998603,499.85999999998603,499.85999999998603,499.85999999998603,499.85999999998603,1,499.85999999998603,0,0,,Fixation Timing,,1,object-186,nomatch,Change 1.jpg,82.mp4,same,different,foil,na,82,1,,,
351,1696433793352,04/10/2023 15:36:33,1696444593352,3,04/10/2023 21:36:33,142916,11,task-tfo5,,32033764,qkorrllg,9473775,,complete,,,computer,Desktop or Laptop,Windows 7,Firefox 115.0,1920x1080,1920x927,Accepted,,0,rsl experimental trials list2,17,rsl_list2,Not on phone,,Accepted,rsl_list2,38,nomatch,Screen 2,zhfxqk,2,timedOut,,1000,1000,1000,1000,1000,1000,0,1000,0,0,,Time Limit,screen,0,screen,nomatch,Change 1.jpg,82.mp4,same,different,foil,na,82,1,,,
352,1696433793652,04/10/2023 15:36:33,1696444593652,3,04/10/2023 21:36:33,142916,11,task-tfo5,,32033764,qkorrllg,9473775,,complete,,,computer,Desktop or Laptop,Windows 7,Firefox 115.0,1920x1080,1920x927,Accepted,,0,rsl experimental trials list2,17,rsl_list2,Not on phone,,Accepted,rsl_list2,38,nomatch,Screen 3,d73ena,3,timedOut,,300,300,300,300,300,300,1,300,0,0,,Time Limit,screen,0,screen,nomatch,Change 1.jpg,82.mp4,same,different,foil,na,82,1,,,
353,1696433794038,04/10/2023 15:36:34,1696444594038,3,04/10/2023 21:36:34,142916,11,task-tfo5,,32033764,qkorrllg,9473775,,complete,,,computer,Desktop or Laptop,Windows 7,Firefox 115.0,1920x1080,1920x927,Accepted,,0,rsl experimental trials list2,17,rsl_list2,Not on phone,,Accepted,rsl_list2,38,nomatch,Screen 4,kfk7dt,4,info,Video start,149.8200000000652,149.8200000000652,149.8200000000652,149.8200000000652,149.8200000000652,149.8200000000652,0,149.8200000000652,0,0,,Video,video,1,object-204,nomatch,Change 1.jpg,82.mp4,same,different,foil,na,82,1,,,
354,1696433798632,04/10/2023 15:36:38,1696444598632,3,04/10/2023 21:36:38,142916,11,task-tfo5,,32033764,qkorrllg,9473775,,complete,,,computer,Desktop or Laptop,Windows 7,Firefox 115.0,1920x1080,1920x927,Accepted,,0,rsl experimental trials list2,17,rsl_list2,Not on phone,,Accepted,rsl_list2,38,nomatch,Screen 4,kfk7dt,4,response,nomatch,4980.859999999986,4966.539999999979,4980.859999999986,4980.859999999986,4966.539999999979,4980.859999999986,0,4980.859999999986,0,0,,Keyboard Response,Keyboard Response,6,object-209,nomatch,Change 1.jpg,82.mp4,same,different,foil,na,82,1,,,
355,1696433799119,04/10/2023 15:36:39,1696444599119,3,04/10/2023 21:36:39,142916,11,task-tfo5,,32033764,qkorrllg,9473775,,complete,,,computer,Desktop or Laptop,Windows 7,Firefox 115.0,1920x1080,1920x927,Accepted,,0,rsl experimental trials list2,17,rsl_list2,Not on phone,,Accepted,rsl_list2,33,match,Screen 1,nmofvp,1,continue,,499.88000000000466,499.88000000000466,499.88000000000466,499.88000000000466,499.88000000000466,499.88000000000466,1,499.88000000000466,0,0,,Fixation Timing,,1,object-167,match,Children 1.jpg,28.mp4,same,same,target,children,28,1,,,
356,1696433800119,04/10/2023 15:36:40,1696444600119,3,04/10/2023 21:36:40,142916,11,task-tfo5,,32033764,qkorrllg,9473775,,complete,,,computer,Desktop or Laptop,Windows 7,Firefox 115.0,1920x1080,1920x927,Accepted,,0,rsl experimental trials list2,17,rsl_list2,Not on phone,,Accepted,rsl_list2,33,match,Screen 2,pevo7u,2,timedOut,,1000.4400000000023,999.9400000000023,1000.4400000000023,1000.4400000000023,999.9400000000023,1000.4400000000023,0,1000.4400000000023,0,0,,Time Limit,screen,0,screen,match,Children 1.jpg,28.mp4,same,same,target,children,28,1,,,
357,1696433800419,04/10/2023 15:36:40,1696444600419,3,04/10/2023 21:36:40,142916,11,task-tfo5,,32033764,qkorrllg,9473775,,complete,,,computer,Desktop or Laptop,Windows 7,Firefox 115.0,1920x1080,1920x927,Accepted,,0,rsl experimental trials list2,17,rsl_list2,Not on phone,,Accepted,rsl_list2,33,match,Screen 3,z1irvt,3,timedOut,,301.5,300,301.5,301.5,300,301.5,1,301.5,0,0,,Time Limit,screen,0,screen,match,Children 1.jpg,28.mp4,same,same,target,children,28,1,,,
358,1696433800814,04/10/2023 15:36:40,1696444600814,3,04/10/2023 21:36:40,142916,11,task-tfo5,,32033764,qkorrllg,9473775,,complete,,,computer,Desktop or Laptop,Windows 7,Firefox 115.0,1920x1080,1920x927,Accepted,,0,rsl experimental trials list2,17,rsl_list2,Not on phone,,Accepted,rsl_list2,33,match,Screen 4,9wlxvm,4,info,Video start,155.566,150.0399999995716,155.566,155.566,150.0399999995716,155.566,1,155.566,0,0,,Video,video,1,object-178,match,Children 1.jpg,28.mp4,same,same,target,children,28,1,,,
359,1696433803121,04/10/2023 15:36:43,1696444603121,3,04/10/2023 21:36:43,142916,11,task-tfo5,,32033764,qkorrllg,9473775,,complete,,,computer,Desktop or Laptop,Windows 7,Firefox 115.0,1920x1080,1920x927,Accepted,,0,rsl experimental trials list2,17,rsl_list2,Not on phone,,Accepted,rsl_list2,33,match,Screen 4,9wlxvm,4,response,match,2699.9400000000605,2683.280000000028,2699.9400000000605,2699.9400000000605,2683.280000000028,2699.9400000000605,1,2699.9400000000605,0,0,,Keyboard Response,Keyboard Response,6,object-183,match,Children 1.jpg,28.mp4,same,same,target,children,28,1,,,
360,1696433803602,04/10/2023 15:36:43,1696444603602,3,04/10/2023 21:36:43,142916,11,task-tfo5,,32033764,qkorrllg,9473775,,complete,,,computer,Desktop or Laptop,Windows 7,Firefox 115.0,1920x1080,1920x927,Accepted,,0,rsl experimental trials list2,17,rsl_list2,Not on phone,,Accepted,rsl_list2,34,match,Screen 1,nmofvp,1,continue,,500,500,500,500,500,500,1,500,0,0,,Fixation Timing,,1,object-167,match,Sneeze 2.jpg,20.mp4,same,same,target,sneeze,20,1,,,
361,1696433804602,04/10/2023 15:36:44,1696444604602,3,04/10/2023 21:36:44,142916,11,task-tfo5,,32033764,qkorrllg,9473775,,complete,,,computer,Desktop or Laptop,Windows 7,Firefox 115.0,1920x1080,1920x927,Accepted,,0,rsl experimental trials list2,17,rsl_list2,Not on phone,,Accepted,rsl_list2,34,match,Screen 2,pevo7u,2,timedOut,,1000.2199999999721,999.9199999999837,1000.2199999999721,1000.2199999999721,999.9199999999837,1000.2199999999721,0,1000.2199999999721,0,0,,Time Limit,screen,0,screen,match,Sneeze 2.jpg,20.mp4,same,same,target,sneeze,20,1,,,
362,1696433804906,04/10/2023 15:36:44,1696444604906,3,04/10/2023 21:36:44,142916,11,task-tfo5,,32033764,qkorrllg,9473775,,complete,,,computer,Desktop or Laptop,Windows 7,Firefox 115.0,1920x1080,1920x927,Accepted,,0,rsl experimental trials list2,17,rsl_list2,Not on phone,,Accepted,rsl_list2,34,match,Screen 3,z1irvt,3,timedOut,,303.29999999998836,300,303.29999999998836,303.29999999998836,300,303.29999999998836,1,303.29999999998836,0,0,,Time Limit,screen,0,screen,match,Sneeze 2.jpg,20.mp4,same,same,target,sneeze,20,1,,,
363,1696433805543,04/10/2023 15:36:45,1696444605543,3,04/10/2023 21:36:45,142916,11,task-tfo5,,32033764,qkorrllg,9473775,,complete,,,computer,Desktop or Laptop,Windows 7,Firefox 115.0,1920x1080,1920x927,Accepted,,0,rsl experimental trials list2,17,rsl_list2,Not on phone,,Accepted,rsl_list2,34,match,Screen 4,9wlxvm,4,info,Video start,160.83399999998835,150.1799999990617,160.83399999998835,160.83399999998835,150.1799999990617,160.83399999998835,1,160.83399999998835,0,0,,Video,video,1,object-178,match,Sneeze 2.jpg,20.mp4,same,same,target,sneeze,20,1,,,
364,1696433807727,04/10/2023 15:36:47,1696444607727,3,04/10/2023 21:36:47,142916,11,task-tfo5,,32033764,qkorrllg,9473775,,complete,,,computer,Desktop or Laptop,Windows 7,Firefox 115.0,1920x1080,1920x927,Accepted,,0,rsl experimental trials list2,17,rsl_list2,Not on phone,,Accepted,rsl_list2,34,match,Screen 4,9wlxvm,4,response,match,2826.2999999999884,2816.5199999999604,2826.2999999999884,2826.2999999999884,2816.5199999999604,2826.2999999999884,1,2826.2999999999884,0,0,,Keyboard Response,Keyboard Response,6,object-183,match,Sneeze 2.jpg,20.mp4,same,same,target,sneeze,20,1,,,
365,1696433808219,04/10/2023 15:36:48,1696444608219,3,04/10/2023 21:36:48,142916,11,task-tfo5,,32033764,qkorrllg,9473775,,complete,,,computer,Desktop or Laptop,Windows 7,Firefox 115.0,1920x1080,1920x927,Accepted,,0,rsl experimental trials list2,17,rsl_list2,Not on phone,,Accepted,rsl_list2,35,match,Screen 1,nmofvp,1,continue,,500,500,500,500,500,500,1,500,0,0,,Fixation Timing,,1,object-167,match,Beauty 1.jpg,25.mp4,same,same,target,beauty,25,1,,,
366,1696433809219,04/10/2023 15:36:49,1696444609219,3,04/10/2023 21:36:49,142916,11,task-tfo5,,32033764,qkorrllg,9473775,,complete,,,computer,Desktop or Laptop,Windows 7,Firefox 115.0,1920x1080,1920x927,Accepted,,0,rsl experimental trials list2,17,rsl_list2,Not on phone,,Accepted,rsl_list2,35,match,Screen 2,pevo7u,2,timedOut,,1000.7800000000279,999.9800000000396,1000.7800000000279,1000.7800000000279,999.9800000000396,1000.7800000000279,0,1000.7800000000279,0,0,,Time Limit,screen,0,screen,match,Beauty 1.jpg,25.mp4,same,same,target,beauty,25,1,,,
367,1696433809519,04/10/2023 15:36:49,1696444609519,3,04/10/2023 21:36:49,142916,11,task-tfo5,,32033764,qkorrllg,9473775,,complete,,,computer,Desktop or Laptop,Windows 7,Firefox 115.0,1920x1080,1920x927,Accepted,,0,rsl experimental trials list2,17,rsl_list2,Not on phone,,Accepted,rsl_list2,35,match,Screen 3,z1irvt,3,timedOut,,301.79999999998836,300,301.79999999998836,301.79999999998836,300,301.79999999998836,1,301.79999999998836,0,0,,Time Limit,screen,0,screen,match,Beauty 1.jpg,25.mp4,same,same,target,beauty,25,1,,,
368,1696433809890,04/10/2023 15:36:49,1696444609890,3,04/10/2023 21:36:49,142916,11,task-tfo5,,32033764,qkorrllg,9473775,,complete,,,computer,Desktop or Laptop,Windows 7,Firefox 115.0,1920x1080,1920x927,Accepted,,0,rsl experimental trials list2,17,rsl_list2,Not on phone,,Accepted,rsl_list2,35,match,Screen 4,9wlxvm,4,info,Video start,129.99799999998837,116.70000000036089,129.99799999998837,129.99799999998837,116.70000000036089,129.99799999998837,1,129.99799999998837,0,0,,Video,video,1,object-178,match,Beauty 1.jpg,25.mp4,same,same,target,beauty,25,1,,,
369,1696433813136,04/10/2023 15:36:53,1696444613136,3,04/10/2023 21:36:53,142916,11,task-tfo5,,32033764,qkorrllg,9473775,,complete,,,computer,Desktop or Laptop,Windows 7,Firefox 115.0,1920x1080,1920x927,Accepted,,0,rsl experimental trials list2,17,rsl_list2,Not on phone,,Accepted,rsl_list2,35,match,Screen 4,9wlxvm,4,response,nomatch,3617.7999999999884,3616.5999999999767,3617.7999999999884,3617.7999999999884,3616.5999999999767,3617.7999999999884,1,3617.7999999999884,0,0,,Keyboard Response,Keyboard Response,6,object-183,match,Beauty 1.jpg,25.mp4,same,same,target,beauty,25,1,,,
370,1696433813635,04/10/2023 15:36:53,1696444613635,3,04/10/2023 21:36:53,142916,11,task-tfo5,,32033764,qkorrllg,9473775,,complete,,,computer,Desktop or Laptop,Windows 7,Firefox 115.0,1920x1080,1920x927,Accepted,,0,rsl experimental trials list2,17,rsl_list2,Not on phone,,Accepted,rsl_list2,39,nomatch,Screen 1,8mz8sc,1,continue,,499.88000000000466,499.88000000000466,499.88000000000466,499.88000000000466,499.88000000000466,499.88000000000466,1,499.88000000000466,0,0,,Fixation Timing,,1,object-186,nomatch,East 2.jpg,53.mp4,different,different,foil,na,53,1,,,
371,1696433814634,04/10/2023 15:36:54,1696444614634,3,04/10/2023 21:36:54,142916,11,task-tfo5,,32033764,qkorrllg,9473775,,complete,,,computer,Desktop or Laptop,Windows 7,Firefox 115.0,1920x1080,1920x927,Accepted,,0,rsl experimental trials list2,17,rsl_list2,Not on phone,,Accepted,rsl_list2,39,nomatch,Screen 2,zhfxqk,2,timedOut,,1000.320000000007,1000,1000.320000000007,1000.320000000007,1000,1000.320000000007,0,1000.320000000007,0,0,,Time Limit,screen,0,screen,nomatch,East 2.jpg,53.mp4,different,different,foil,na,53,1,,,
372,1696433814935,04/10/2023 15:36:54,1696444614935,3,04/10/2023 21:36:54,142916,11,task-tfo5,,32033764,qkorrllg,9473775,,complete,,,computer,Desktop or Laptop,Windows 7,Firefox 115.0,1920x1080,1920x927,Accepted,,0,rsl experimental trials list2,17,rsl_list2,Not on phone,,Accepted,rsl_list2,39,nomatch,Screen 3,d73ena,3,timedOut,,300.320000000007,300,300.320000000007,300.320000000007,300,300.320000000007,1,300.320000000007,0,0,,Time Limit,screen,0,screen,nomatch,East 2.jpg,53.mp4,different,different,foil,na,53,1,,,
373,1696433815314,04/10/2023 15:36:55,1696444615314,3,04/10/2023 21:36:55,142916,11,task-tfo5,,32033764,qkorrllg,9473775,,complete,,,computer,Desktop or Laptop,Windows 7,Firefox 115.0,1920x1080,1920x927,Accepted,,0,rsl experimental trials list2,17,rsl_list2,Not on phone,,Accepted,rsl_list2,39,nomatch,Screen 4,kfk7dt,4,info,Video start,138.351000000007,133.33999999955995,138.351000000007,138.351000000007,133.33999999955995,138.351000000007,0,138.351000000007,0,0,,Video,video,1,object-204,nomatch,East 2.jpg,53.mp4,different,different,foil,na,53,1,,,
374,1696433817087,04/10/2023 15:36:57,1696444617087,3,04/10/2023 21:36:57,142916,11,task-tfo5,,32033764,qkorrllg,9473775,,complete,,,computer,Desktop or Laptop,Windows 7,Firefox 115.0,1920x1080,1920x927,Accepted,,0,rsl experimental trials list2,17,rsl_list2,Not on phone,,Accepted,rsl_list2,39,nomatch,Screen 4,kfk7dt,4,response,nomatch,2153.320000000007,2149.9199999999837,2153.320000000007,2153.320000000007,2149.9199999999837,2153.320000000007,0,2153.320000000007,0,0,,Keyboard Response,Keyboard Response,6,object-209,nomatch,East 2.jpg,53.mp4,different,different,foil,na,53,1,,,
375,1696433817585,04/10/2023 15:36:57,1696444617585,3,04/10/2023 21:36:57,142916,11,task-tfo5,,32033764,qkorrllg,9473775,,complete,,,computer,Desktop or Laptop,Windows 7,Firefox 115.0,1920x1080,1920x927,Accepted,,0,rsl experimental trials list2,17,rsl_list2,Not on phone,,Accepted,rsl_list2,36,match,Screen 1,nmofvp,1,continue,,500,500,500,500,500,500,1,500,0,0,,Fixation Timing,,1,object-167,match,East 1.jpg,5.mp4,different,same,target,east,5,1,,,
376,1696433818585,04/10/2023 15:36:58,1696444618585,3,04/10/2023 21:36:58,142916,11,task-tfo5,,32033764,qkorrllg,9473775,,complete,,,computer,Desktop or Laptop,Windows 7,Firefox 115.0,1920x1080,1920x927,Accepted,,0,rsl experimental trials list2,17,rsl_list2,Not on phone,,Accepted,rsl_list2,36,match,Screen 2,pevo7u,2,timedOut,,999.8800000000047,999.8800000000047,999.8800000000047,999.8800000000047,999.8800000000047,999.8800000000047,0,999.8800000000047,0,0,,Time Limit,screen,0,screen,match,East 1.jpg,5.mp4,different,same,target,east,5,1,,,
377,1696433818884,04/10/2023 15:36:58,1696444618884,3,04/10/2023 21:36:58,142916,11,task-tfo5,,32033764,qkorrllg,9473775,,complete,,,computer,Desktop or Laptop,Windows 7,Firefox 115.0,1920x1080,1920x927,Accepted,,0,rsl experimental trials list2,17,rsl_list2,Not on phone,,Accepted,rsl_list2,36,match,Screen 3,z1irvt,3,timedOut,,300.5200000000186,300,300.5200000000186,300.5200000000186,300,300.5200000000186,1,300.5200000000186,0,0,,Time Limit,screen,0,screen,match,East 1.jpg,5.mp4,different,same,target,east,5,1,,,
378,1696433819260,04/10/2023 15:36:59,1696444619260,3,04/10/2023 21:36:59,142916,11,task-tfo5,,32033764,qkorrllg,9473775,,complete,,,computer,Desktop or Laptop,Windows 7,Firefox 115.0,1920x1080,1920x927,Accepted,,0,rsl experimental trials list2,17,rsl_list2,Not on phone,,Accepted,rsl_list2,36,match,Screen 4,9wlxvm,4,info,Video start,174.97400000001863,166.2200000003213,174.97400000001863,174.97400000001863,166.2200000003213,174.97400000001863,1,174.97400000001863,0,0,,Video,video,1,object-178,match,East 1.jpg,5.mp4,different,same,target,east,5,1,,,
379,1696433821775,04/10/2023 15:37:01,1696444621775,3,04/10/2023 21:37:01,142916,11,task-tfo5,,32033764,qkorrllg,9473775,,complete,,,computer,Desktop or Laptop,Windows 7,Firefox 115.0,1920x1080,1920x927,Accepted,,0,rsl experimental trials list2,17,rsl_list2,Not on phone,,Accepted,rsl_list2,36,match,Screen 4,9wlxvm,4,response,nomatch,2890.5200000000186,2883.280000000028,2890.5200000000186,2890.5200000000186,2883.280000000028,2890.5200000000186,1,2890.5200000000186,0,0,,Keyboard Response,Keyboard Response,6,object-183,match,East 1.jpg,5.mp4,different,same,target,east,5,1,,,
380,1696433822268,04/10/2023 15:37:02,1696444622268,3,04/10/2023 21:37:02,142916,11,task-tfo5,,32033764,qkorrllg,9473775,,complete,,,computer,Desktop or Laptop,Windows 7,Firefox 115.0,1920x1080,1920x927,Accepted,,0,rsl experimental trials list2,17,rsl_list2,Not on phone,,Accepted,rsl_list2,40,nomatch,Screen 1,8mz8sc,1,continue,,500,500,500,500,500,500,1,500,0,0,,Fixation Timing,,1,object-186,nomatch,Ring 1.jpg,57.mp4,different,different,foil,na,57,1,,,
381,1696433823268,04/10/2023 15:37:03,1696444623268,3,04/10/2023 21:37:03,142916,11,task-tfo5,,32033764,qkorrllg,9473775,,complete,,,computer,Desktop or Laptop,Windows 7,Firefox 115.0,1920x1080,1920x927,Accepted,,0,rsl experimental trials list2,17,rsl_list2,Not on phone,,Accepted,rsl_list2,40,nomatch,Screen 2,zhfxqk,2,timedOut,,1000.2399999999907,999.8999999999651,1000.2399999999907,1000.2399999999907,999.8999999999651,1000.2399999999907,0,1000.2399999999907,0,0,,Time Limit,screen,0,screen,nomatch,Ring 1.jpg,57.mp4,different,different,foil,na,57,1,,,
382,1696433823567,04/10/2023 15:37:03,1696444623567,3,04/10/2023 21:37:03,142916,11,task-tfo5,,32033764,qkorrllg,9473775,,complete,,,computer,Desktop or Laptop,Windows 7,Firefox 115.0,1920x1080,1920x927,Accepted,,0,rsl experimental trials list2,17,rsl_list2,Not on phone,,Accepted,rsl_list2,40,nomatch,Screen 3,d73ena,3,timedOut,,300.3400000000256,300,300.3400000000256,300.3400000000256,300,300.3400000000256,1,300.3400000000256,0,0,,Time Limit,screen,0,screen,nomatch,Ring 1.jpg,57.mp4,different,different,foil,na,57,1,,,
383,1696433823967,04/10/2023 15:37:03,1696444623967,3,04/10/2023 21:37:03,142916,11,task-tfo5,,32033764,qkorrllg,9473775,,complete,,,computer,Desktop or Laptop,Windows 7,Firefox 115.0,1920x1080,1920x927,Accepted,,0,rsl experimental trials list2,17,rsl_list2,Not on phone,,Accepted,rsl_list2,40,nomatch,Screen 4,kfk7dt,4,info,Video start,160.16300000002562,150.05999999959022,160.16300000002562,160.16300000002562,150.05999999959022,160.16300000002562,0,160.16300000002562,0,0,,Video,video,1,object-204,nomatch,Ring 1.jpg,57.mp4,different,different,foil,na,57,1,,,
384,1696433826215,04/10/2023 15:37:06,1696444626215,3,04/10/2023 21:37:06,142916,11,task-tfo5,,32033764,qkorrllg,9473775,,complete,,,computer,Desktop or Laptop,Windows 7,Firefox 115.0,1920x1080,1920x927,Accepted,,0,rsl experimental trials list2,17,rsl_list2,Not on phone,,Accepted,rsl_list2,40,nomatch,Screen 4,kfk7dt,4,response,nomatch,2647.3400000000256,2633.3000000000466,2647.3400000000256,2647.3400000000256,2633.3000000000466,2647.3400000000256,0,2647.3400000000256,0,0,,Keyboard Response,Keyboard Response,6,object-209,nomatch,Ring 1.jpg,57.mp4,different,different,foil,na,57,1,,,
385,1696433826703,04/10/2023 15:37:06,1696444626703,3,04/10/2023 21:37:06,142916,11,task-tfo5,,32033764,qkorrllg,9473775,,complete,,,computer,Desktop or Laptop,Windows 7,Firefox 115.0,1920x1080,1920x927,Accepted,,0,rsl experimental trials list2,17,rsl_list2,Not on phone,,Accepted,rsl_list2,37,match,Screen 1,nmofvp,1,continue,,500,500,500,500,500,500,1,500,0,0,,Fixation Timing,,1,object-167,match,Boy 1.jpg,27.mp4,different,same,target,boy,27,1,,,
386,1696433827705,04/10/2023 15:37:07,1696444627705,3,04/10/2023 21:37:07,142916,11,task-tfo5,,32033764,qkorrllg,9473775,,complete,,,computer,Desktop or Laptop,Windows 7,Firefox 115.0,1920x1080,1920x927,Accepted,,0,rsl experimental trials list2,17,rsl_list2,Not on phone,,Accepted,rsl_list2,37,match,Screen 2,pevo7u,2,timedOut,,1001.039999999979,999.8999999999651,1001.039999999979,1001.039999999979,999.8999999999651,1001.039999999979,0,1001.039999999979,0,0,,Time Limit,screen,0,screen,match,Boy 1.jpg,27.mp4,different,same,target,boy,27,1,,,
387,1696433828005,04/10/2023 15:37:08,1696444628005,3,04/10/2023 21:37:08,142916,11,task-tfo5,,32033764,qkorrllg,9473775,,complete,,,computer,Desktop or Laptop,Windows 7,Firefox 115.0,1920x1080,1920x927,Accepted,,0,rsl experimental trials list2,17,rsl_list2,Not on phone,,Accepted,rsl_list2,37,match,Screen 3,z1irvt,3,timedOut,,304.14000000001397,300,304.14000000001397,304.14000000001397,300,304.14000000001397,1,304.14000000001397,0,0,,Time Limit,screen,0,screen,match,Boy 1.jpg,27.mp4,different,same,target,boy,27,1,,,
388,1696433828413,04/10/2023 15:37:08,1696444628413,3,04/10/2023 21:37:08,142916,11,task-tfo5,,32033764,qkorrllg,9473775,,complete,,,computer,Desktop or Laptop,Windows 7,Firefox 115.0,1920x1080,1920x927,Accepted,,0,rsl experimental trials list2,17,rsl_list2,Not on phone,,Accepted,rsl_list2,37,match,Screen 4,9wlxvm,4,info,Video start,172.06300000001394,166.38000000012107,172.06300000001394,172.06300000001394,166.38000000012107,172.06300000001394,1,172.06300000001394,0,0,,Video,video,1,object-178,match,Boy 1.jpg,27.mp4,different,same,target,boy,27,1,,,
389,1696433830800,04/10/2023 15:37:10,1696444630800,3,04/10/2023 21:37:10,142916,11,task-tfo5,,32033764,qkorrllg,9473775,,complete,,,computer,Desktop or Laptop,Windows 7,Firefox 115.0,1920x1080,1920x927,Accepted,,0,rsl experimental trials list2,17,rsl_list2,Not on phone,,Accepted,rsl_list2,37,match,Screen 4,9wlxvm,4,response,match,2798.140000000014,2783.2200000000303,2798.140000000014,2798.140000000014,2783.2200000000303,2798.140000000014,1,2798.140000000014,0,0,,Keyboard Response,Keyboard Response,6,object-183,match,Boy 1.jpg,27.mp4,different,same,target,boy,27,1,,,
390,1696433831284,04/10/2023 15:37:11,1696444631284,3,04/10/2023 21:37:11,142916,11,task-tfo5,,32033764,qkorrllg,9473775,,complete,,,computer,Desktop or Laptop,Windows 7,Firefox 115.0,1920x1080,1920x927,Accepted,,0,rsl experimental trials list2,17,rsl_list2,Not on phone,,Accepted,rsl_list2,41,nomatch,Screen 1,8mz8sc,1,continue,,500,500,500,500,500,500,1,500,0,0,,Fixation Timing,,1,object-186,nomatch,Magazine 1.jpg,56.mp4,different,different,foil,na,56,1,,,
391,1696433832284,04/10/2023 15:37:12,1696444632284,3,04/10/2023 21:37:12,142916,11,task-tfo5,,32033764,qkorrllg,9473775,,complete,,,computer,Desktop or Laptop,Windows 7,Firefox 115.0,1920x1080,1920x927,Accepted,,0,rsl experimental trials list2,17,rsl_list2,Not on phone,,Accepted,rsl_list2,41,nomatch,Screen 2,zhfxqk,2,timedOut,,1000.9199999999837,999.8999999999651,1000.9199999999837,1000.9199999999837,999.8999999999651,1000.9199999999837,0,1000.9199999999837,0,0,,Time Limit,screen,0,screen,nomatch,Magazine 1.jpg,56.mp4,different,different,foil,na,56,1,,,
392,1696433832584,04/10/2023 15:37:12,1696444632584,3,04/10/2023 21:37:12,142916,11,task-tfo5,,32033764,qkorrllg,9473775,,complete,,,computer,Desktop or Laptop,Windows 7,Firefox 115.0,1920x1080,1920x927,Accepted,,0,rsl experimental trials list2,17,rsl_list2,Not on phone,,Accepted,rsl_list2,41,nomatch,Screen 3,d73ena,3,timedOut,,300.0200000000186,300,300.0200000000186,300.0200000000186,300,300.0200000000186,1,300.0200000000186,0,0,,Time Limit,screen,0,screen,nomatch,Magazine 1.jpg,56.mp4,different,different,foil,na,56,1,,,
393,1696433833028,04/10/2023 15:37:13,1696444633028,3,04/10/2023 21:37:13,142916,11,task-tfo5,,32033764,qkorrllg,9473775,,complete,,,computer,Desktop or Laptop,Windows 7,Firefox 115.0,1920x1080,1920x927,Accepted,,0,rsl experimental trials list2,17,rsl_list2,Not on phone,,Accepted,rsl_list2,41,nomatch,Screen 4,kfk7dt,4,info,Video start,204.29500000001863,200.09999999956926,204.29500000001863,204.29500000001863,200.09999999956926,204.29500000001863,0,204.29500000001863,0,0,,Video,video,1,object-204,nomatch,Magazine 1.jpg,56.mp4,different,different,foil,na,56,1,,,
394,1696433835655,04/10/2023 15:37:15,1696444635655,3,04/10/2023 21:37:15,142916,11,task-tfo5,,32033764,qkorrllg,9473775,,complete,,,computer,Desktop or Laptop,Windows 7,Firefox 115.0,1920x1080,1920x927,Accepted,,0,rsl experimental trials list2,17,rsl_list2,Not on phone,,Accepted,rsl_list2,41,nomatch,Screen 4,kfk7dt,4,response,nomatch,3071.0200000000186,3066.5599999999977,3071.0200000000186,3071.0200000000186,3066.5599999999977,3071.0200000000186,0,3071.0200000000186,0,0,,Keyboard Response,Keyboard Response,6,object-209,nomatch,Magazine 1.jpg,56.mp4,different,different,foil,na,56,1,,,
395,1696433836151,04/10/2023 15:37:16,1696444636151,3,04/10/2023 21:37:16,142916,11,task-tfo5,,32033764,qkorrllg,9473775,,complete,,,computer,Desktop or Laptop,Windows 7,Firefox 115.0,1920x1080,1920x927,Accepted,,0,rsl experimental trials list2,17,rsl_list2,Not on phone,,Accepted,rsl_list2,38,match,Screen 1,nmofvp,1,continue,,500,500,500,500,500,500,1,500,0,0,,Fixation Timing,,1,object-167,match,Call 1.jpg,13.mp4,different,same,target,call,13,1,,,
396,1696433837152,04/10/2023 15:37:17,1696444637152,3,04/10/2023 21:37:17,142916,11,task-tfo5,,32033764,qkorrllg,9473775,,complete,,,computer,Desktop or Laptop,Windows 7,Firefox 115.0,1920x1080,1920x927,Accepted,,0,rsl experimental trials list2,17,rsl_list2,Not on phone,,Accepted,rsl_list2,38,match,Screen 2,pevo7u,2,timedOut,,1000.460000000021,1000,1000.460000000021,1000.460000000021,1000,1000.460000000021,0,1000.460000000021,0,0,,Time Limit,screen,0,screen,match,Call 1.jpg,13.mp4,different,same,target,call,13,1,,,
397,1696433837450,04/10/2023 15:37:17,1696444637450,3,04/10/2023 21:37:17,142916,11,task-tfo5,,32033764,qkorrllg,9473775,,complete,,,computer,Desktop or Laptop,Windows 7,Firefox 115.0,1920x1080,1920x927,Accepted,,0,rsl experimental trials list2,17,rsl_list2,Not on phone,,Accepted,rsl_list2,38,match,Screen 3,z1irvt,3,timedOut,,300.46000000002095,300,300.46000000002095,300.46000000002095,300,300.46000000002095,1,300.46000000002095,0,0,,Time Limit,screen,0,screen,match,Call 1.jpg,13.mp4,different,same,target,call,13,1,,,
398,1696433837885,04/10/2023 15:37:17,1696444637885,3,04/10/2023 21:37:17,142916,11,task-tfo5,,32033764,qkorrllg,9473775,,complete,,,computer,Desktop or Laptop,Windows 7,Firefox 115.0,1920x1080,1920x927,Accepted,,0,rsl experimental trials list2,17,rsl_list2,Not on phone,,Accepted,rsl_list2,38,match,Screen 4,9wlxvm,4,info,Video start,200.08000000036554,200.08000000036554,200.08000000036554,200.08000000036554,200.08000000036554,200.08000000036554,1,200.08000000036554,0,0,,Video,video,1,object-178,match,Call 1.jpg,13.mp4,different,same,target,call,13,1,,,
399,1696433840798,04/10/2023 15:37:20,1696444640798,3,04/10/2023 21:37:20,142916,11,task-tfo5,,32033764,qkorrllg,9473775,,complete,,,computer,Desktop or Laptop,Windows 7,Firefox 115.0,1920x1080,1920x927,Accepted,,0,rsl experimental trials list2,17,rsl_list2,Not on phone,,Accepted,rsl_list2,38,match,Screen 4,9wlxvm,4,response,nomatch,3348.460000000021,3333.2000000000116,3348.460000000021,3348.460000000021,3333.2000000000116,3348.460000000021,1,3348.460000000021,0,0,,Keyboard Response,Keyboard Response,6,object-183,match,Call 1.jpg,13.mp4,different,same,target,call,13,1,,,
400,1696433841284,04/10/2023 15:37:21,1696444641284,3,04/10/2023 21:37:21,142916,11,task-tfo5,,32033764,qkorrllg,9473775,,complete,,,computer,Desktop or Laptop,Windows 7,Firefox 115.0,1920x1080,1920x927,Accepted,,0,rsl experimental trials list2,17,rsl_list2,Not on phone,,Accepted,rsl_list2,39,match,Screen 1,nmofvp,1,continue,,500,500,500,500,500,500,1,500,0,0,,Fixation Timing,,1,object-167,match,Family 2.jpg,32.mp4,different,same,target,family,32,1,,,
401,1696433842284,04/10/2023 15:37:22,1696444642284,3,04/10/2023 21:37:22,142916,11,task-tfo5,,32033764,qkorrllg,9473775,,complete,,,computer,Desktop or Laptop,Windows 7,Firefox 115.0,1920x1080,1920x927,Accepted,,0,rsl experimental trials list2,17,rsl_list2,Not on phone,,Accepted,rsl_list2,39,match,Screen 2,pevo7u,2,timedOut,,1000.2600000000093,999.8800000000047,1000.2600000000093,1000.2600000000093,999.8800000000047,1000.2600000000093,0,1000.2600000000093,0,0,,Time Limit,screen,0,screen,match,Family 2.jpg,32.mp4,different,same,target,family,32,1,,,
402,1696433842584,04/10/2023 15:37:22,1696444642584,3,04/10/2023 21:37:22,142916,11,task-tfo5,,32033764,qkorrllg,9473775,,complete,,,computer,Desktop or Laptop,Windows 7,Firefox 115.0,1920x1080,1920x927,Accepted,,0,rsl experimental trials list2,17,rsl_list2,Not on phone,,Accepted,rsl_list2,39,match,Screen 3,z1irvt,3,timedOut,,300.38000000000466,300,300.38000000000466,300.38000000000466,300,300.38000000000466,1,300.38000000000466,0,0,,Time Limit,screen,0,screen,match,Family 2.jpg,32.mp4,different,same,target,family,32,1,,,
403,1696433842984,04/10/2023 15:37:22,1696444642984,3,04/10/2023 21:37:22,142916,11,task-tfo5,,32033764,qkorrllg,9473775,,complete,,,computer,Desktop or Laptop,Windows 7,Firefox 115.0,1920x1080,1920x927,Accepted,,0,rsl experimental trials list2,17,rsl_list2,Not on phone,,Accepted,rsl_list2,39,match,Screen 4,9wlxvm,4,info,Video start,159.60800000000464,150.06000000034692,159.60800000000464,159.60800000000464,150.06000000034692,159.60800000000464,1,159.60800000000464,0,0,,Video,video,1,object-178,match,Family 2.jpg,32.mp4,different,same,target,family,32,1,,,
404,1696433844870,04/10/2023 15:37:24,1696444644870,3,04/10/2023 21:37:24,142916,11,task-tfo5,,32033764,qkorrllg,9473775,,complete,,,computer,Desktop or Laptop,Windows 7,Firefox 115.0,1920x1080,1920x927,Accepted,,0,rsl experimental trials list2,17,rsl_list2,Not on phone,,Accepted,rsl_list2,39,match,Screen 4,9wlxvm,4,response,match,2286.3800000000047,2283.2999999999884,2286.3800000000047,2286.3800000000047,2283.2999999999884,2286.3800000000047,1,2286.3800000000047,0,0,,Keyboard Response,Keyboard Response,6,object-183,match,Family 2.jpg,32.mp4,different,same,target,family,32,1,,,
405,1696433845366,04/10/2023 15:37:25,1696444645366,3,04/10/2023 21:37:25,142916,11,task-tfo5,,32033764,qkorrllg,9473775,,complete,,,computer,Desktop or Laptop,Windows 7,Firefox 115.0,1920x1080,1920x927,Accepted,,0,rsl experimental trials list2,17,rsl_list2,Not on phone,,Accepted,rsl_list2,42,nomatch,Screen 1,8mz8sc,1,continue,,499.9000000000233,499.9000000000233,499.9000000000233,499.9000000000233,499.9000000000233,499.9000000000233,1,499.9000000000233,0,0,,Fixation Timing,,1,object-186,nomatch,Choose 2.jpg,65.mp4,different,different,foil,na,65,1,,,
406,1696433846367,04/10/2023 15:37:26,1696444646367,3,04/10/2023 21:37:26,142916,11,task-tfo5,,32033764,qkorrllg,9473775,,complete,,,computer,Desktop or Laptop,Windows 7,Firefox 115.0,1920x1080,1920x927,Accepted,,0,rsl experimental trials list2,17,rsl_list2,Not on phone,,Accepted,rsl_list2,42,nomatch,Screen 2,zhfxqk,2,timedOut,,1000.179999999993,1000,1000.179999999993,1000.179999999993,1000,1000.179999999993,0,1000.179999999993,0,0,,Time Limit,screen,0,screen,nomatch,Choose 2.jpg,65.mp4,different,different,foil,na,65,1,,,
407,1696433846667,04/10/2023 15:37:26,1696444646667,3,04/10/2023 21:37:26,142916,11,task-tfo5,,32033764,qkorrllg,9473775,,complete,,,computer,Desktop or Laptop,Windows 7,Firefox 115.0,1920x1080,1920x927,Accepted,,0,rsl experimental trials list2,17,rsl_list2,Not on phone,,Accepted,rsl_list2,42,nomatch,Screen 3,d73ena,3,timedOut,,301.179999999993,300,301.179999999993,301.179999999993,300,301.179999999993,1,301.179999999993,0,0,,Time Limit,screen,0,screen,nomatch,Choose 2.jpg,65.mp4,different,different,foil,na,65,1,,,
408,1696433847040,04/10/2023 15:37:27,1696444647040,3,04/10/2023 21:37:27,142916,11,task-tfo5,,32033764,qkorrllg,9473775,,complete,,,computer,Desktop or Laptop,Windows 7,Firefox 115.0,1920x1080,1920x927,Accepted,,0,rsl experimental trials list2,17,rsl_list2,Not on phone,,Accepted,rsl_list2,42,nomatch,Screen 4,kfk7dt,4,info,Video start,128.65799999999302,116.42000000010012,128.65799999999302,128.65799999999302,116.42000000010012,128.65799999999302,0,128.65799999999302,0,0,,Video,video,1,object-204,nomatch,Choose 2.jpg,65.mp4,different,different,foil,na,65,1,,,
409,1696433850022,04/10/2023 15:37:30,1696444650022,3,04/10/2023 21:37:30,142916,11,task-tfo5,,32033764,qkorrllg,9473775,,complete,,,computer,Desktop or Laptop,Windows 7,Firefox 115.0,1920x1080,1920x927,Accepted,,0,rsl experimental trials list2,17,rsl_list2,Not on phone,,Accepted,rsl_list2,42,nomatch,Screen 4,kfk7dt,4,response,nomatch,3355.179999999993,3349.9400000000023,3355.179999999993,3355.179999999993,3349.9400000000023,3355.179999999993,0,3355.179999999993,0,0,,Keyboard Response,Keyboard Response,6,object-209,nomatch,Choose 2.jpg,65.mp4,different,different,foil,na,65,1,,,
410,1696433850517,04/10/2023 15:37:30,1696444650517,3,04/10/2023 21:37:30,142916,11,task-tfo5,,32033764,qkorrllg,9473775,,complete,,,computer,Desktop or Laptop,Windows 7,Firefox 115.0,1920x1080,1920x927,Accepted,,0,rsl experimental trials list2,17,rsl_list2,Not on phone,,Accepted,rsl_list2,40,match,Screen 1,nmofvp,1,continue,,499.88000000000466,499.88000000000466,499.88000000000466,499.88000000000466,499.88000000000466,499.88000000000466,1,499.88000000000466,0,0,,Fixation Timing,,1,object-167,match,Run 2.jpg,43.mp4,same,same,target,run,43,1,,,
411,1696433851516,04/10/2023 15:37:31,1696444651516,3,04/10/2023 21:37:31,142916,11,task-tfo5,,32033764,qkorrllg,9473775,,complete,,,computer,Desktop or Laptop,Windows 7,Firefox 115.0,1920x1080,1920x927,Accepted,,0,rsl experimental trials list2,17,rsl_list2,Not on phone,,Accepted,rsl_list2,40,match,Screen 2,pevo7u,2,timedOut,,1000.359999999986,1000,1000.359999999986,1000.359999999986,1000,1000.359999999986,0,1000.359999999986,0,0,,Time Limit,screen,0,screen,match,Run 2.jpg,43.mp4,same,same,target,run,43,1,,,
412,1696433851817,04/10/2023 15:37:31,1696444651817,3,04/10/2023 21:37:31,142916,11,task-tfo5,,32033764,qkorrllg,9473775,,complete,,,computer,Desktop or Laptop,Windows 7,Firefox 115.0,1920x1080,1920x927,Accepted,,0,rsl experimental trials list2,17,rsl_list2,Not on phone,,Accepted,rsl_list2,40,match,Screen 3,z1irvt,3,timedOut,,301.35999999998603,300,301.35999999998603,301.35999999998603,300,301.35999999998603,1,301.35999999998603,0,0,,Time Limit,screen,0,screen,match,Run 2.jpg,43.mp4,same,same,target,run,43,1,,,
413,1696433852213,04/10/2023 15:37:32,1696444652213,3,04/10/2023 21:37:32,142916,11,task-tfo5,,32033764,qkorrllg,9473775,,complete,,,computer,Desktop or Laptop,Windows 7,Firefox 115.0,1920x1080,1920x927,Accepted,,0,rsl experimental trials list2,17,rsl_list2,Not on phone,,Accepted,rsl_list2,40,match,Screen 4,9wlxvm,4,info,Video start,149.99999999953434,133.33999999950174,149.99999999953434,149.99999999953434,133.33999999950174,149.99999999953434,1,149.99999999953434,0,0,,Video,video,1,object-178,match,Run 2.jpg,43.mp4,same,same,target,run,43,1,,,
414,1696433854078,04/10/2023 15:37:34,1696444654078,3,04/10/2023 21:37:34,142916,11,task-tfo5,,32033764,qkorrllg,9473775,,complete,,,computer,Desktop or Laptop,Windows 7,Firefox 115.0,1920x1080,1920x927,Accepted,,0,rsl experimental trials list2,17,rsl_list2,Not on phone,,Accepted,rsl_list2,40,match,Screen 4,9wlxvm,4,response,match,2261.359999999986,2249.9199999999837,2261.359999999986,2261.359999999986,2249.9199999999837,2261.359999999986,1,2261.359999999986,0,0,,Keyboard Response,Keyboard Response,6,object-183,match,Run 2.jpg,43.mp4,same,same,target,run,43,1,,,
415,1696433854566,04/10/2023 15:37:34,1696444654566,3,04/10/2023 21:37:34,142916,11,task-tfo5,,32033764,qkorrllg,9473775,,complete,,,computer,Desktop or Laptop,Windows 7,Firefox 115.0,1920x1080,1920x927,Accepted,,0,rsl experimental trials list2,17,rsl_list2,Not on phone,,Accepted,rsl_list2,41,match,Screen 1,nmofvp,1,continue,,500,500,500,500,500,500,1,500,0,0,,Fixation Timing,,1,object-167,match,Metal 2.jpg,35.mp4,different,same,target,metal,35,1,,,
416,1696433855566,04/10/2023 15:37:35,1696444655566,3,04/10/2023 21:37:35,142916,11,task-tfo5,,32033764,qkorrllg,9473775,,complete,,,computer,Desktop or Laptop,Windows 7,Firefox 115.0,1920x1080,1920x927,Accepted,,0,rsl experimental trials list2,17,rsl_list2,Not on phone,,Accepted,rsl_list2,41,match,Screen 2,pevo7u,2,timedOut,,1000.4400000000023,999.8800000000047,1000.4400000000023,1000.4400000000023,999.8800000000047,1000.4400000000023,0,1000.4400000000023,0,0,,Time Limit,screen,0,screen,match,Metal 2.jpg,35.mp4,different,same,target,metal,35,1,,,
417,1696433855866,04/10/2023 15:37:35,1696444655866,3,04/10/2023 21:37:35,142916,11,task-tfo5,,32033764,qkorrllg,9473775,,complete,,,computer,Desktop or Laptop,Windows 7,Firefox 115.0,1920x1080,1920x927,Accepted,,0,rsl experimental trials list2,17,rsl_list2,Not on phone,,Accepted,rsl_list2,41,match,Screen 3,z1irvt,3,timedOut,,300.5599999999977,300,300.5599999999977,300.5599999999977,300,300.5599999999977,1,300.5599999999977,0,0,,Time Limit,screen,0,screen,match,Metal 2.jpg,35.mp4,different,same,target,metal,35,1,,,
418,1696433856252,04/10/2023 15:37:36,1696444656252,3,04/10/2023 21:37:36,142916,11,task-tfo5,,32033764,qkorrllg,9473775,,complete,,,computer,Desktop or Laptop,Windows 7,Firefox 115.0,1920x1080,1920x927,Accepted,,0,rsl experimental trials list2,17,rsl_list2,Not on phone,,Accepted,rsl_list2,41,match,Screen 4,9wlxvm,4,info,Video start,137.02699999999766,133.41999999951804,137.02699999999766,137.02699999999766,133.41999999951804,137.02699999999766,1,137.02699999999766,0,0,,Video,video,1,object-178,match,Metal 2.jpg,35.mp4,different,same,target,metal,35,1,,,
419,1696433859542,04/10/2023 15:37:39,1696444659542,3,04/10/2023 21:37:39,142916,11,task-tfo5,,32033764,qkorrllg,9473775,,complete,,,computer,Desktop or Laptop,Windows 7,Firefox 115.0,1920x1080,1920x927,Accepted,,0,rsl experimental trials list2,17,rsl_list2,Not on phone,,Accepted,rsl_list2,41,match,Screen 4,9wlxvm,4,response,match,3675.5599999999977,3666.5,3675.5599999999977,3675.5599999999977,3666.5,3675.5599999999977,1,3675.5599999999977,0,0,,Keyboard Response,Keyboard Response,6,object-183,match,Metal 2.jpg,35.mp4,different,same,target,metal,35,1,,,
420,1696433860033,04/10/2023 15:37:40,1696444660033,3,04/10/2023 21:37:40,142916,11,task-tfo5,,32033764,qkorrllg,9473775,,complete,,,computer,Desktop or Laptop,Windows 7,Firefox 115.0,1920x1080,1920x927,Accepted,,0,rsl experimental trials list2,17,rsl_list2,Not on phone,,Accepted,rsl_list2,42,match,Screen 1,nmofvp,1,continue,,500,500,500,500,500,500,1,500,0,0,,Fixation Timing,,1,object-167,match,Magazine 2.jpg,8.mp4,same,same,target,magazine,8,1,,,
421,1696433861033,04/10/2023 15:37:41,1696444661033,3,04/10/2023 21:37:41,142916,11,task-tfo5,,32033764,qkorrllg,9473775,,complete,,,computer,Desktop or Laptop,Windows 7,Firefox 115.0,1920x1080,1920x927,Accepted,,0,rsl experimental trials list2,17,rsl_list2,Not on phone,,Accepted,rsl_list2,42,match,Screen 2,pevo7u,2,timedOut,,1000.0599999999977,1000,1000.0599999999977,1000.0599999999977,1000,1000.0599999999977,0,1000.0599999999977,0,0,,Time Limit,screen,0,screen,match,Magazine 2.jpg,8.mp4,same,same,target,magazine,8,1,,,
422,1696433861333,04/10/2023 15:37:41,1696444661333,3,04/10/2023 21:37:41,142916,11,task-tfo5,,32033764,qkorrllg,9473775,,complete,,,computer,Desktop or Laptop,Windows 7,Firefox 115.0,1920x1080,1920x927,Accepted,,0,rsl experimental trials list2,17,rsl_list2,Not on phone,,Accepted,rsl_list2,42,match,Screen 3,z1irvt,3,timedOut,,300.0599999999977,300,300.0599999999977,300.0599999999977,300,300.0599999999977,1,300.0599999999977,0,0,,Time Limit,screen,0,screen,match,Magazine 2.jpg,8.mp4,same,same,target,magazine,8,1,,,
423,1696433861712,04/10/2023 15:37:41,1696444661712,3,04/10/2023 21:37:41,142916,11,task-tfo5,,32033764,qkorrllg,9473775,,complete,,,computer,Desktop or Laptop,Windows 7,Firefox 115.0,1920x1080,1920x927,Accepted,,0,rsl experimental trials list2,17,rsl_list2,Not on phone,,Accepted,rsl_list2,42,match,Screen 4,9wlxvm,4,info,Video start,139.49299999999766,133.42000000033295,139.49299999999766,139.49299999999766,133.42000000033295,139.49299999999766,1,139.49299999999766,0,0,,Video,video,1,object-178,match,Magazine 2.jpg,8.mp4,same,same,target,magazine,8,1,,,
424,1696433865406,04/10/2023 15:37:45,1696444665406,3,04/10/2023 21:37:45,142916,11,task-tfo5,,32033764,qkorrllg,9473775,,complete,,,computer,Desktop or Laptop,Windows 7,Firefox 115.0,1920x1080,1920x927,Accepted,,0,rsl experimental trials list2,17,rsl_list2,Not on phone,,Accepted,rsl_list2,42,match,Screen 4,9wlxvm,4,response,match,4074.0599999999977,4066.5,4074.0599999999977,4074.0599999999977,4066.5,4074.0599999999977,1,4074.0599999999977,0,0,,Keyboard Response,Keyboard Response,6,object-183,match,Magazine 2.jpg,8.mp4,same,same,target,magazine,8,1,,,
425,1696433865900,04/10/2023 15:37:45,1696444665900,3,04/10/2023 21:37:45,142916,11,task-tfo5,,32033764,qkorrllg,9473775,,complete,,,computer,Desktop or Laptop,Windows 7,Firefox 115.0,1920x1080,1920x927,Accepted,,0,rsl experimental trials list2,17,rsl_list2,Not on phone,,Accepted,rsl_list2,43,nomatch,Screen 1,8mz8sc,1,continue,,500,500,500,500,500,500,1,500,0,0,,Fixation Timing,,1,object-186,nomatch,Think 1.jpg,94.mp4,different,different,foil,na,94,1,,,
426,1696433866900,04/10/2023 15:37:46,1696444666900,3,04/10/2023 21:37:46,142916,11,task-tfo5,,32033764,qkorrllg,9473775,,complete,,,computer,Desktop or Laptop,Windows 7,Firefox 115.0,1920x1080,1920x927,Accepted,,0,rsl experimental trials list2,17,rsl_list2,Not on phone,,Accepted,rsl_list2,43,nomatch,Screen 2,zhfxqk,2,timedOut,,1000.5599999999977,1000,1000.5599999999977,1000.5599999999977,1000,1000.5599999999977,0,1000.5599999999977,0,0,,Time Limit,screen,0,screen,nomatch,Think 1.jpg,94.mp4,different,different,foil,na,94,1,,,
427,1696433867199,04/10/2023 15:37:47,1696444667199,3,04/10/2023 21:37:47,142916,11,task-tfo5,,32033764,qkorrllg,9473775,,complete,,,computer,Desktop or Laptop,Windows 7,Firefox 115.0,1920x1080,1920x927,Accepted,,0,rsl experimental trials list2,17,rsl_list2,Not on phone,,Accepted,rsl_list2,43,nomatch,Screen 3,d73ena,3,timedOut,,300.5599999999977,299.9000000000233,300.5599999999977,300.5599999999977,299.9000000000233,300.5599999999977,1,300.5599999999977,0,0,,Time Limit,screen,0,screen,nomatch,Think 1.jpg,94.mp4,different,different,foil,na,94,1,,,
428,1696433867562,04/10/2023 15:37:47,1696444667562,3,04/10/2023 21:37:47,142916,11,task-tfo5,,32033764,qkorrllg,9473775,,complete,,,computer,Desktop or Laptop,Windows 7,Firefox 115.0,1920x1080,1920x927,Accepted,,0,rsl experimental trials list2,17,rsl_list2,Not on phone,,Accepted,rsl_list2,43,nomatch,Screen 4,kfk7dt,4,info,Video start,163.0979999999744,150.05999999959022,163.0979999999744,163.0979999999744,150.05999999959022,163.0979999999744,0,163.0979999999744,0,0,,Video,video,1,object-204,nomatch,Think 1.jpg,94.mp4,different,different,foil,na,94,1,,,
429,1696433870357,04/10/2023 15:37:50,1696444670357,3,04/10/2023 21:37:50,142916,11,task-tfo5,,32033764,qkorrllg,9473775,,complete,,,computer,Desktop or Laptop,Windows 7,Firefox 115.0,1920x1080,1920x927,Accepted,,0,rsl experimental trials list2,17,rsl_list2,Not on phone,,Accepted,rsl_list2,43,nomatch,Screen 4,kfk7dt,4,response,nomatch,3158.6599999999744,3149.9799999999814,3158.6599999999744,3158.6599999999744,3149.9799999999814,3158.6599999999744,0,3158.6599999999744,0,0,,Keyboard Response,Keyboard Response,6,object-209,nomatch,Think 1.jpg,94.mp4,different,different,foil,na,94,1,,,
430,1696433870849,04/10/2023 15:37:50,1696444670849,3,04/10/2023 21:37:50,142916,11,task-tfo5,,32033764,qkorrllg,9473775,,complete,,,computer,Desktop or Laptop,Windows 7,Firefox 115.0,1920x1080,1920x927,Accepted,,0,rsl experimental trials list2,17,rsl_list2,Not on phone,,Accepted,rsl_list2,43,match,Screen 1,nmofvp,1,continue,,500,500,500,500,500,500,1,500,0,0,,Fixation Timing,,1,object-167,match,Salt 2.jpg,10.mp4,different,same,target,salt,10,1,,,
431,1696433871849,04/10/2023 15:37:51,1696444671849,3,04/10/2023 21:37:51,142916,11,task-tfo5,,32033764,qkorrllg,9473775,,complete,,,computer,Desktop or Laptop,Windows 7,Firefox 115.0,1920x1080,1920x927,Accepted,,0,rsl experimental trials list2,17,rsl_list2,Not on phone,,Accepted,rsl_list2,43,match,Screen 2,pevo7u,2,timedOut,,1000.679999999993,999.859999999986,1000.679999999993,1000.679999999993,999.859999999986,1000.679999999993,0,1000.679999999993,0,0,,Time Limit,screen,0,screen,match,Salt 2.jpg,10.mp4,different,same,target,salt,10,1,,,
432,1696433872149,04/10/2023 15:37:52,1696444672149,3,04/10/2023 21:37:52,142916,11,task-tfo5,,32033764,qkorrllg,9473775,,complete,,,computer,Desktop or Laptop,Windows 7,Firefox 115.0,1920x1080,1920x927,Accepted,,0,rsl experimental trials list2,17,rsl_list2,Not on phone,,Accepted,rsl_list2,43,match,Screen 3,z1irvt,3,timedOut,,300,300,300,300,300,300,1,300,0,0,,Time Limit,screen,0,screen,match,Salt 2.jpg,10.mp4,different,same,target,salt,10,1,,,
433,1696433872502,04/10/2023 15:37:52,1696444672502,3,04/10/2023 21:37:52,142916,11,task-tfo5,,32033764,qkorrllg,9473775,,complete,,,computer,Desktop or Laptop,Windows 7,Firefox 115.0,1920x1080,1920x927,Accepted,,0,rsl experimental trials list2,17,rsl_list2,Not on phone,,Accepted,rsl_list2,43,match,Screen 4,9wlxvm,4,info,Video start,110.89800000000699,99.80000000010477,110.89800000000699,110.89800000000699,99.80000000010477,110.89800000000699,1,110.89800000000699,0,0,,Video,video,1,object-178,match,Salt 2.jpg,10.mp4,different,same,target,salt,10,1,,,
434,1696433874494,04/10/2023 15:37:54,1696444674494,3,04/10/2023 21:37:54,142916,11,task-tfo5,,32033764,qkorrllg,9473775,,complete,,,computer,Desktop or Laptop,Windows 7,Firefox 115.0,1920x1080,1920x927,Accepted,,0,rsl experimental trials list2,17,rsl_list2,Not on phone,,Accepted,rsl_list2,43,match,Screen 4,9wlxvm,4,response,match,2344.820000000007,2333.320000000007,2344.820000000007,2344.820000000007,2333.320000000007,2344.820000000007,1,2344.820000000007,0,0,,Keyboard Response,Keyboard Response,6,object-183,match,Salt 2.jpg,10.mp4,different,same,target,salt,10,1,,,
435,1696433874985,04/10/2023 15:37:54,1696444674985,3,04/10/2023 21:37:54,142916,11,task-tfo5,,32033764,qkorrllg,9473775,,complete,,,computer,Desktop or Laptop,Windows 7,Firefox 115.0,1920x1080,1920x927,Accepted,,0,rsl experimental trials list2,17,rsl_list2,Not on phone,,Accepted,rsl_list2,44,match,Screen 1,nmofvp,1,continue,,499.88000000000466,499.88000000000466,499.88000000000466,499.88000000000466,499.88000000000466,499.88000000000466,1,499.88000000000466,0,0,,Fixation Timing,,1,object-167,match,Doubt 1.jpg,15.mp4,different,same,target,doubt,15,1,,,
436,1696433875982,04/10/2023 15:37:55,1696444675982,3,04/10/2023 21:37:55,142916,11,task-tfo5,,32033764,qkorrllg,9473775,,complete,,,computer,Desktop or Laptop,Windows 7,Firefox 115.0,1920x1080,1920x927,Accepted,,0,rsl experimental trials list2,17,rsl_list2,Not on phone,,Accepted,rsl_list2,44,match,Screen 2,pevo7u,2,timedOut,,1000.6199999999953,999.9799999999814,1000.6199999999953,1000.6199999999953,999.9799999999814,1000.6199999999953,0,1000.6199999999953,0,0,,Time Limit,screen,0,screen,match,Doubt 1.jpg,15.mp4,different,same,target,doubt,15,1,,,
437,1696433876282,04/10/2023 15:37:56,1696444676282,3,04/10/2023 21:37:56,142916,11,task-tfo5,,32033764,qkorrllg,9473775,,complete,,,computer,Desktop or Laptop,Windows 7,Firefox 115.0,1920x1080,1920x927,Accepted,,0,rsl experimental trials list2,17,rsl_list2,Not on phone,,Accepted,rsl_list2,44,match,Screen 3,z1irvt,3,timedOut,,300,300,300,300,300,300,1,300,0,0,,Time Limit,screen,0,screen,match,Doubt 1.jpg,15.mp4,different,same,target,doubt,15,1,,,
438,1696433876642,04/10/2023 15:37:56,1696444676642,3,04/10/2023 21:37:56,142916,11,task-tfo5,,32033764,qkorrllg,9473775,,complete,,,computer,Desktop or Laptop,Windows 7,Firefox 115.0,1920x1080,1920x927,Accepted,,0,rsl experimental trials list2,17,rsl_list2,Not on phone,,Accepted,rsl_list2,44,match,Screen 4,9wlxvm,4,info,Video start,120.40400000001395,116.76000000035856,120.40400000001395,120.40400000001395,116.76000000035856,120.40400000001395,1,120.40400000001395,0,0,,Video,video,1,object-178,match,Doubt 1.jpg,15.mp4,different,same,target,doubt,15,1,,,
439,1696433879940,04/10/2023 15:37:59,1696444679940,3,04/10/2023 21:37:59,142916,11,task-tfo5,,32033764,qkorrllg,9473775,,complete,,,computer,Desktop or Laptop,Windows 7,Firefox 115.0,1920x1080,1920x927,Accepted,,0,rsl experimental trials list2,17,rsl_list2,Not on phone,,Accepted,rsl_list2,44,match,Screen 4,9wlxvm,4,response,match,3659.640000000014,3649.8800000000047,3659.640000000014,3659.640000000014,3649.8800000000047,3659.640000000014,1,3659.640000000014,0,0,,Keyboard Response,Keyboard Response,6,object-183,match,Doubt 1.jpg,15.mp4,different,same,target,doubt,15,1,,,
440,1696433880432,04/10/2023 15:38:00,1696444680432,3,04/10/2023 21:38:00,142916,11,task-tfo5,,32033764,qkorrllg,9473775,,complete,,,computer,Desktop or Laptop,Windows 7,Firefox 115.0,1920x1080,1920x927,Accepted,,0,rsl experimental trials list2,17,rsl_list2,Not on phone,,Accepted,rsl_list2,45,match,Screen 1,nmofvp,1,continue,,499.9400000000023,499.9400000000023,499.9400000000023,499.9400000000023,499.9400000000023,499.9400000000023,1,499.9400000000023,0,0,,Fixation Timing,,1,object-167,match,Cabbage 1.jpg,1.mp4,different,same,target,cabbage,1,1,,,
441,1696433881432,04/10/2023 15:38:01,1696444681432,3,04/10/2023 21:38:01,142916,11,task-tfo5,,32033764,qkorrllg,9473775,,complete,,,computer,Desktop or Laptop,Windows 7,Firefox 115.0,1920x1080,1920x927,Accepted,,0,rsl experimental trials list2,17,rsl_list2,Not on phone,,Accepted,rsl_list2,45,match,Screen 2,pevo7u,2,timedOut,,1000,1000,1000,1000,1000,1000,0,1000,0,0,,Time Limit,screen,0,screen,match,Cabbage 1.jpg,1.mp4,different,same,target,cabbage,1,1,,,
442,1696433881733,04/10/2023 15:38:01,1696444681733,3,04/10/2023 21:38:01,142916,11,task-tfo5,,32033764,qkorrllg,9473775,,complete,,,computer,Desktop or Laptop,Windows 7,Firefox 115.0,1920x1080,1920x927,Accepted,,0,rsl experimental trials list2,17,rsl_list2,Not on phone,,Accepted,rsl_list2,45,match,Screen 3,z1irvt,3,timedOut,,300.820000000007,300,300.820000000007,300.820000000007,300,300.820000000007,1,300.820000000007,0,0,,Time Limit,screen,0,screen,match,Cabbage 1.jpg,1.mp4,different,same,target,cabbage,1,1,,,
443,1696433882113,04/10/2023 15:38:02,1696444682113,3,04/10/2023 21:38:02,142916,11,task-tfo5,,32033764,qkorrllg,9473775,,complete,,,computer,Desktop or Laptop,Windows 7,Firefox 115.0,1920x1080,1920x927,Accepted,,0,rsl experimental trials list2,17,rsl_list2,Not on phone,,Accepted,rsl_list2,45,match,Screen 4,9wlxvm,4,info,Video start,141.810000000007,133.33999999955995,141.810000000007,141.810000000007,133.33999999955995,141.810000000007,1,141.810000000007,0,0,,Video,video,1,object-178,match,Cabbage 1.jpg,1.mp4,different,same,target,cabbage,1,1,,,
444,1696433884685,04/10/2023 15:38:04,1696444684685,3,04/10/2023 21:38:04,142916,11,task-tfo5,,32033764,qkorrllg,9473775,,complete,,,computer,Desktop or Laptop,Windows 7,Firefox 115.0,1920x1080,1920x927,Accepted,,0,rsl experimental trials list2,17,rsl_list2,Not on phone,,Accepted,rsl_list2,45,match,Screen 4,9wlxvm,4,response,match,2952.820000000007,2949.9199999999837,2952.820000000007,2952.820000000007,2949.9199999999837,2952.820000000007,1,2952.820000000007,0,0,,Keyboard Response,Keyboard Response,6,object-183,match,Cabbage 1.jpg,1.mp4,different,same,target,cabbage,1,1,,,
445,1696433885182,04/10/2023 15:38:05,1696444685182,3,04/10/2023 21:38:05,142916,11,task-tfo5,,32033764,qkorrllg,9473775,,complete,,,computer,Desktop or Laptop,Windows 7,Firefox 115.0,1920x1080,1920x927,Accepted,,0,rsl experimental trials list2,17,rsl_list2,Not on phone,,Accepted,rsl_list2,44,nomatch,Screen 1,8mz8sc,1,continue,,500,500,500,500,500,500,1,500,0,0,,Fixation Timing,,1,object-186,nomatch,Show 1.jpg,67.mp4,different,different,foil,na,67,1,,,
446,1696433886183,04/10/2023 15:38:06,1696444686183,3,04/10/2023 21:38:06,142916,11,task-tfo5,,32033764,qkorrllg,9473775,,complete,,,computer,Desktop or Laptop,Windows 7,Firefox 115.0,1920x1080,1920x927,Accepted,,0,rsl experimental trials list2,17,rsl_list2,Not on phone,,Accepted,rsl_list2,44,nomatch,Screen 2,zhfxqk,2,timedOut,,1000.9000000000233,999.8800000000047,1000.9000000000233,1000.9000000000233,999.8800000000047,1000.9000000000233,0,1000.9000000000233,0,0,,Time Limit,screen,0,screen,nomatch,Show 1.jpg,67.mp4,different,different,foil,na,67,1,,,
447,1696433886482,04/10/2023 15:38:06,1696444686482,3,04/10/2023 21:38:06,142916,11,task-tfo5,,32033764,qkorrllg,9473775,,complete,,,computer,Desktop or Laptop,Windows 7,Firefox 115.0,1920x1080,1920x927,Accepted,,0,rsl experimental trials list2,17,rsl_list2,Not on phone,,Accepted,rsl_list2,44,nomatch,Screen 3,d73ena,3,timedOut,,301.0200000000186,300,301.0200000000186,301.0200000000186,300,301.0200000000186,1,301.0200000000186,0,0,,Time Limit,screen,0,screen,nomatch,Show 1.jpg,67.mp4,different,different,foil,na,67,1,,,
448,1696433886847,04/10/2023 15:38:06,1696444686847,3,04/10/2023 21:38:06,142916,11,task-tfo5,,32033764,qkorrllg,9473775,,complete,,,computer,Desktop or Laptop,Windows 7,Firefox 115.0,1920x1080,1920x927,Accepted,,0,rsl experimental trials list2,17,rsl_list2,Not on phone,,Accepted,rsl_list2,44,nomatch,Screen 4,kfk7dt,4,info,Video start,124.56500000001861,116.76000000035856,124.56500000001861,124.56500000001861,116.76000000035856,124.56500000001861,0,124.56500000001861,0,0,,Video,video,1,object-204,nomatch,Show 1.jpg,67.mp4,different,different,foil,na,67,1,,,
449,1696433889652,04/10/2023 15:38:09,1696444689652,3,04/10/2023 21:38:09,142916,11,task-tfo5,,32033764,qkorrllg,9473775,,complete,,,computer,Desktop or Laptop,Windows 7,Firefox 115.0,1920x1080,1920x927,Accepted,,0,rsl experimental trials list2,17,rsl_list2,Not on phone,,Accepted,rsl_list2,44,nomatch,Screen 4,kfk7dt,4,response,nomatch,3171.0200000000186,3166.5200000000186,3171.0200000000186,3171.0200000000186,3166.5200000000186,3171.0200000000186,0,3171.0200000000186,0,0,,Keyboard Response,Keyboard Response,6,object-209,nomatch,Show 1.jpg,67.mp4,different,different,foil,na,67,1,,,
450,1696433890150,04/10/2023 15:38:10,1696444690150,3,04/10/2023 21:38:10,142916,11,task-tfo5,,32033764,qkorrllg,9473775,,complete,,,computer,Desktop or Laptop,Windows 7,Firefox 115.0,1920x1080,1920x927,Accepted,,0,rsl experimental trials list2,17,rsl_list2,Not on phone,,Accepted,rsl_list2,46,match,Screen 1,nmofvp,1,continue,,499.9799999999814,499.9799999999814,499.9799999999814,499.9799999999814,499.9799999999814,499.9799999999814,1,499.9799999999814,0,0,,Fixation Timing,,1,object-167,match,Cry 1.jpg,38.mp4,different,same,target,cry,38,1,,,
451,1696433891148,04/10/2023 15:38:11,1696444691148,3,04/10/2023 21:38:11,142916,11,task-tfo5,,32033764,qkorrllg,9473775,,complete,,,computer,Desktop or Laptop,Windows 7,Firefox 115.0,1920x1080,1920x927,Accepted,,0,rsl experimental trials list2,17,rsl_list2,Not on phone,,Accepted,rsl_list2,46,match,Screen 2,pevo7u,2,timedOut,,1000.5200000000186,1000,1000.5200000000186,1000.5200000000186,1000,1000.5200000000186,0,1000.5200000000186,0,0,,Time Limit,screen,0,screen,match,Cry 1.jpg,38.mp4,different,same,target,cry,38,1,,,
452,1696433891449,04/10/2023 15:38:11,1696444691449,3,04/10/2023 21:38:11,142916,11,task-tfo5,,32033764,qkorrllg,9473775,,complete,,,computer,Desktop or Laptop,Windows 7,Firefox 115.0,1920x1080,1920x927,Accepted,,0,rsl experimental trials list2,17,rsl_list2,Not on phone,,Accepted,rsl_list2,46,match,Screen 3,z1irvt,3,timedOut,,300.5200000000186,300,300.5200000000186,300.5200000000186,300,300.5200000000186,1,300.5200000000186,0,0,,Time Limit,screen,0,screen,match,Cry 1.jpg,38.mp4,different,same,target,cry,38,1,,,
453,1696433891841,04/10/2023 15:38:11,1696444691841,3,04/10/2023 21:38:11,142916,11,task-tfo5,,32033764,qkorrllg,9473775,,complete,,,computer,Desktop or Laptop,Windows 7,Firefox 115.0,1920x1080,1920x927,Accepted,,0,rsl experimental trials list2,17,rsl_list2,Not on phone,,Accepted,rsl_list2,46,match,Screen 4,9wlxvm,4,info,Video start,150.08000000036554,150.08000000036554,150.08000000036554,150.08000000036554,150.08000000036554,150.08000000036554,1,150.08000000036554,0,0,,Video,video,1,object-178,match,Cry 1.jpg,38.mp4,different,same,target,cry,38,1,,,
454,1696433893904,04/10/2023 15:38:13,1696444693904,3,04/10/2023 21:38:13,142916,11,task-tfo5,,32033764,qkorrllg,9473775,,complete,,,computer,Desktop or Laptop,Windows 7,Firefox 115.0,1920x1080,1920x927,Accepted,,0,rsl experimental trials list2,17,rsl_list2,Not on phone,,Accepted,rsl_list2,46,match,Screen 4,9wlxvm,4,response,match,2455.5200000000186,2449.8600000000442,2455.5200000000186,2455.5200000000186,2449.8600000000442,2455.5200000000186,1,2455.5200000000186,0,0,,Keyboard Response,Keyboard Response,6,object-183,match,Cry 1.jpg,38.mp4,different,same,target,cry,38,1,,,
455,1696433894399,04/10/2023 15:38:14,1696444694399,3,04/10/2023 21:38:14,142916,11,task-tfo5,,32033764,qkorrllg,9473775,,complete,,,computer,Desktop or Laptop,Windows 7,Firefox 115.0,1920x1080,1920x927,Accepted,,0,rsl experimental trials list2,17,rsl_list2,Not on phone,,Accepted,rsl_list2,45,nomatch,Screen 1,8mz8sc,1,continue,,500,500,500,500,500,500,1,500,0,0,,Fixation Timing,,1,object-186,nomatch,Jump 2.jpg,87.mp4,different,different,foil,na,87,1,,,
456,1696433895399,04/10/2023 15:38:15,1696444695399,3,04/10/2023 21:38:15,142916,11,task-tfo5,,32033764,qkorrllg,9473775,,complete,,,computer,Desktop or Laptop,Windows 7,Firefox 115.0,1920x1080,1920x927,Accepted,,0,rsl experimental trials list2,17,rsl_list2,Not on phone,,Accepted,rsl_list2,45,nomatch,Screen 2,zhfxqk,2,timedOut,,1000.6599999999744,999.9400000000023,1000.6599999999744,1000.6599999999744,999.9400000000023,1000.6599999999744,0,1000.6599999999744,0,0,,Time Limit,screen,0,screen,nomatch,Jump 2.jpg,87.mp4,different,different,foil,na,87,1,,,
457,1696433895700,04/10/2023 15:38:15,1696444695700,3,04/10/2023 21:38:15,142916,11,task-tfo5,,32033764,qkorrllg,9473775,,complete,,,computer,Desktop or Laptop,Windows 7,Firefox 115.0,1920x1080,1920x927,Accepted,,0,rsl experimental trials list2,17,rsl_list2,Not on phone,,Accepted,rsl_list2,45,nomatch,Screen 3,d73ena,3,timedOut,,301.71999999997206,300,301.71999999997206,301.71999999997206,300,301.71999999997206,1,301.71999999997206,0,0,,Time Limit,screen,0,screen,nomatch,Jump 2.jpg,87.mp4,different,different,foil,na,87,1,,,
458,1696433896068,04/10/2023 15:38:16,1696444696068,3,04/10/2023 21:38:16,142916,11,task-tfo5,,32033764,qkorrllg,9473775,,complete,,,computer,Desktop or Laptop,Windows 7,Firefox 115.0,1920x1080,1920x927,Accepted,,0,rsl experimental trials list2,17,rsl_list2,Not on phone,,Accepted,rsl_list2,45,nomatch,Screen 4,kfk7dt,4,info,Video start,127.63099999997206,116.7199999995064,127.63099999997206,127.63099999997206,116.7199999995064,127.63099999997206,0,127.63099999997206,0,0,,Video,video,1,object-204,nomatch,Jump 2.jpg,87.mp4,different,different,foil,na,87,1,,,
459,1696433899836,04/10/2023 15:38:19,1696444699836,3,04/10/2023 21:38:19,142916,11,task-tfo5,,32033764,qkorrllg,9473775,,complete,,,computer,Desktop or Laptop,Windows 7,Firefox 115.0,1920x1080,1920x927,Accepted,,0,rsl experimental trials list2,17,rsl_list2,Not on phone,,Accepted,rsl_list2,45,nomatch,Screen 4,kfk7dt,4,response,nomatch,4137.719999999972,4133.260000000009,4137.719999999972,4137.719999999972,4133.260000000009,4137.719999999972,0,4137.719999999972,0,0,,Keyboard Response,Keyboard Response,6,object-209,nomatch,Jump 2.jpg,87.mp4,different,different,foil,na,87,1,,,
460,1696433900333,04/10/2023 15:38:20,1696444700333,3,04/10/2023 21:38:20,142916,11,task-tfo5,,32033764,qkorrllg,9473775,,complete,,,computer,Desktop or Laptop,Windows 7,Firefox 115.0,1920x1080,1920x927,Accepted,,0,rsl experimental trials list2,17,rsl_list2,Not on phone,,Accepted,rsl_list2,46,nomatch,Screen 1,8mz8sc,1,continue,,499.88000000000466,499.88000000000466,499.88000000000466,499.88000000000466,499.88000000000466,499.88000000000466,1,499.88000000000466,0,0,,Fixation Timing,,1,object-186,nomatch,Come 2.jpg,62.mp4,different,different,foil,na,62,1,,,
461,1696433901333,04/10/2023 15:38:21,1696444701333,3,04/10/2023 21:38:21,142916,11,task-tfo5,,32033764,qkorrllg,9473775,,complete,,,computer,Desktop or Laptop,Windows 7,Firefox 115.0,1920x1080,1920x927,Accepted,,0,rsl experimental trials list2,17,rsl_list2,Not on phone,,Accepted,rsl_list2,46,nomatch,Screen 2,zhfxqk,2,timedOut,,1001.5799999999581,999.8999999999069,1001.5799999999581,1001.5799999999581,999.8999999999069,1001.5799999999581,0,1001.5799999999581,0,0,,Time Limit,screen,0,screen,nomatch,Come 2.jpg,62.mp4,different,different,foil,na,62,1,,,
462,1696433901632,04/10/2023 15:38:21,1696444701632,3,04/10/2023 21:38:21,142916,11,task-tfo5,,32033764,qkorrllg,9473775,,complete,,,computer,Desktop or Laptop,Windows 7,Firefox 115.0,1920x1080,1920x927,Accepted,,0,rsl experimental trials list2,17,rsl_list2,Not on phone,,Accepted,rsl_list2,46,nomatch,Screen 3,d73ena,3,timedOut,,301.6800000000512,300,301.6800000000512,301.6800000000512,300,301.6800000000512,1,301.6800000000512,0,0,,Time Limit,screen,0,screen,nomatch,Come 2.jpg,62.mp4,different,different,foil,na,62,1,,,
463,1696433901983,04/10/2023 15:38:21,1696444701983,3,04/10/2023 21:38:21,142916,11,task-tfo5,,32033764,qkorrllg,9473775,,complete,,,computer,Desktop or Laptop,Windows 7,Firefox 115.0,1920x1080,1920x927,Accepted,,0,rsl experimental trials list2,17,rsl_list2,Not on phone,,Accepted,rsl_list2,46,nomatch,Screen 4,kfk7dt,4,info,Video start,116.76000000117347,116.76000000117347,116.76000000117347,116.76000000117347,116.76000000117347,116.76000000117347,0,116.76000000117347,0,0,,Video,video,1,object-204,nomatch,Come 2.jpg,62.mp4,different,different,foil,na,62,1,,,
464,1696433904628,04/10/2023 15:38:24,1696444704628,3,04/10/2023 21:38:24,142916,11,task-tfo5,,32033764,qkorrllg,9473775,,complete,,,computer,Desktop or Laptop,Windows 7,Firefox 115.0,1920x1080,1920x927,Accepted,,0,rsl experimental trials list2,17,rsl_list2,Not on phone,,Accepted,rsl_list2,46,nomatch,Screen 4,kfk7dt,4,response,nomatch,2996.680000000051,2983.340000000084,2996.680000000051,2996.680000000051,2983.340000000084,2996.680000000051,0,2996.680000000051,0,0,,Keyboard Response,Keyboard Response,6,object-209,nomatch,Come 2.jpg,62.mp4,different,different,foil,na,62,1,,,
465,1696433905115,04/10/2023 15:38:25,1696444705115,3,04/10/2023 21:38:25,142916,11,task-tfo5,,32033764,qkorrllg,9473775,,complete,,,computer,Desktop or Laptop,Windows 7,Firefox 115.0,1920x1080,1920x927,Accepted,,0,rsl experimental trials list2,17,rsl_list2,Not on phone,,Accepted,rsl_list2,47,match,Screen 1,nmofvp,1,continue,,500,500,500,500,500,500,1,500,0,0,,Fixation Timing,,1,object-167,match,School 2.jpg,11.mp4,different,same,target,school,11,1,,,
466,1696433906116,04/10/2023 15:38:26,1696444706116,3,04/10/2023 21:38:26,142916,11,task-tfo5,,32033764,qkorrllg,9473775,,complete,,,computer,Desktop or Laptop,Windows 7,Firefox 115.0,1920x1080,1920x927,Accepted,,0,rsl experimental trials list2,17,rsl_list2,Not on phone,,Accepted,rsl_list2,47,match,Screen 2,pevo7u,2,timedOut,,1002.3399999999674,1000,1002.3399999999674,1002.3399999999674,1000,1002.3399999999674,0,1002.3399999999674,0,0,,Time Limit,screen,0,screen,match,School 2.jpg,11.mp4,different,same,target,school,11,1,,,
467,1696433906415,04/10/2023 15:38:26,1696444706415,3,04/10/2023 21:38:26,142916,11,task-tfo5,,32033764,qkorrllg,9473775,,complete,,,computer,Desktop or Laptop,Windows 7,Firefox 115.0,1920x1080,1920x927,Accepted,,0,rsl experimental trials list2,17,rsl_list2,Not on phone,,Accepted,rsl_list2,47,match,Screen 3,z1irvt,3,timedOut,,301.3399999999674,299.85999999998603,301.3399999999674,301.3399999999674,299.85999999998603,301.3399999999674,1,301.3399999999674,0,0,,Time Limit,screen,0,screen,match,School 2.jpg,11.mp4,different,same,target,school,11,1,,,
468,1696433906774,04/10/2023 15:38:26,1696444706774,3,04/10/2023 21:38:26,142916,11,task-tfo5,,32033764,qkorrllg,9473775,,complete,,,computer,Desktop or Laptop,Windows 7,Firefox 115.0,1920x1080,1920x927,Accepted,,0,rsl experimental trials list2,17,rsl_list2,Not on phone,,Accepted,rsl_list2,47,match,Screen 4,9wlxvm,4,info,Video start,116.75999999954365,100.09999999951106,116.75999999954365,116.75999999954365,100.09999999951106,116.75999999954365,1,116.75999999954365,0,0,,Video,video,1,object-178,match,School 2.jpg,11.mp4,different,same,target,school,11,1,,,
469,1696433909188,04/10/2023 15:38:29,1696444709188,3,04/10/2023 21:38:29,142916,11,task-tfo5,,32033764,qkorrllg,9473775,,complete,,,computer,Desktop or Laptop,Windows 7,Firefox 115.0,1920x1080,1920x927,Accepted,,0,rsl experimental trials list2,17,rsl_list2,Not on phone,,Accepted,rsl_list2,47,match,Screen 4,9wlxvm,4,response,match,2774.4799999999814,2766.679999999935,2774.4799999999814,2774.4799999999814,2766.679999999935,2774.4799999999814,1,2774.4799999999814,0,0,,Keyboard Response,Keyboard Response,6,object-183,match,School 2.jpg,11.mp4,different,same,target,school,11,1,,,
470,1696433909682,04/10/2023 15:38:29,1696444709682,3,04/10/2023 21:38:29,142916,11,task-tfo5,,32033764,qkorrllg,9473775,,complete,,,computer,Desktop or Laptop,Windows 7,Firefox 115.0,1920x1080,1920x927,Accepted,,0,rsl experimental trials list2,17,rsl_list2,Not on phone,,Accepted,rsl_list2,47,nomatch,Screen 1,8mz8sc,1,continue,,499.88000000000466,499.88000000000466,499.88000000000466,499.88000000000466,499.88000000000466,499.88000000000466,1,499.88000000000466,0,0,,Fixation Timing,,1,object-186,nomatch,Sneeze 1.jpg,68.mp4,different,different,foil,na,68,1,,,
471,1696433910682,04/10/2023 15:38:30,1696444710682,3,04/10/2023 21:38:30,142916,11,task-tfo5,,32033764,qkorrllg,9473775,,complete,,,computer,Desktop or Laptop,Windows 7,Firefox 115.0,1920x1080,1920x927,Accepted,,0,rsl experimental trials list2,17,rsl_list2,Not on phone,,Accepted,rsl_list2,47,nomatch,Screen 2,zhfxqk,2,timedOut,,1000.9200000000419,999.9400000000605,1000.9200000000419,1000.9200000000419,999.9400000000605,1000.9200000000419,0,1000.9200000000419,0,0,,Time Limit,screen,0,screen,nomatch,Sneeze 1.jpg,68.mp4,different,different,foil,na,68,1,,,
472,1696433910983,04/10/2023 15:38:30,1696444710983,3,04/10/2023 21:38:30,142916,11,task-tfo5,,32033764,qkorrllg,9473775,,complete,,,computer,Desktop or Laptop,Windows 7,Firefox 115.0,1920x1080,1920x927,Accepted,,0,rsl experimental trials list2,17,rsl_list2,Not on phone,,Accepted,rsl_list2,47,nomatch,Screen 3,d73ena,3,timedOut,,301.9799999999814,300,301.9799999999814,301.9799999999814,300,301.9799999999814,1,301.9799999999814,0,0,,Time Limit,screen,0,screen,nomatch,Sneeze 1.jpg,68.mp4,different,different,foil,na,68,1,,,
473,1696433911375,04/10/2023 15:38:31,1696444711375,3,04/10/2023 21:38:31,142916,11,task-tfo5,,32033764,qkorrllg,9473775,,complete,,,computer,Desktop or Laptop,Windows 7,Firefox 115.0,1920x1080,1920x927,Accepted,,0,rsl experimental trials list2,17,rsl_list2,Not on phone,,Accepted,rsl_list2,47,nomatch,Screen 4,kfk7dt,4,info,Video start,153.75399999998137,150.09999999951106,153.75399999998137,153.75399999998137,150.09999999951106,153.75399999998137,0,153.75399999998137,0,0,,Video,video,1,object-204,nomatch,Sneeze 1.jpg,68.mp4,different,different,foil,na,68,1,,,
474,1696433914123,04/10/2023 15:38:34,1696444714123,3,04/10/2023 21:38:34,142916,11,task-tfo5,,32033764,qkorrllg,9473775,,complete,,,computer,Desktop or Laptop,Windows 7,Firefox 115.0,1920x1080,1920x927,Accepted,,0,rsl experimental trials list2,17,rsl_list2,Not on phone,,Accepted,rsl_list2,47,nomatch,Screen 4,kfk7dt,4,response,nomatch,3142.9799999999814,3133.3399999999674,3142.9799999999814,3142.9799999999814,3133.3399999999674,3142.9799999999814,0,3142.9799999999814,0,0,,Keyboard Response,Keyboard Response,6,object-209,nomatch,Sneeze 1.jpg,68.mp4,different,different,foil,na,68,1,,,
475,1696433914615,04/10/2023 15:38:34,1696444714615,3,04/10/2023 21:38:34,142916,11,task-tfo5,,32033764,qkorrllg,9473775,,complete,,,computer,Desktop or Laptop,Windows 7,Firefox 115.0,1920x1080,1920x927,Accepted,,0,rsl experimental trials list2,17,rsl_list2,Not on phone,,Accepted,rsl_list2,48,nomatch,Screen 1,8mz8sc,1,continue,,499.85999999998603,499.85999999998603,499.85999999998603,499.85999999998603,499.85999999998603,499.85999999998603,1,499.85999999998603,0,0,,Fixation Timing,,1,object-186,nomatch,Cabbage 2.jpg,49.mp4,different,different,foil,na,49,1,,,
476,1696433915614,04/10/2023 15:38:35,1696444715614,3,04/10/2023 21:38:35,142916,11,task-tfo5,,32033764,qkorrllg,9473775,,complete,,,computer,Desktop or Laptop,Windows 7,Firefox 115.0,1920x1080,1920x927,Accepted,,0,rsl experimental trials list2,17,rsl_list2,Not on phone,,Accepted,rsl_list2,48,nomatch,Screen 2,zhfxqk,2,timedOut,,1000,1000,1000,1000,1000,1000,0,1000,0,0,,Time Limit,screen,0,screen,nomatch,Cabbage 2.jpg,49.mp4,different,different,foil,na,49,1,,,
477,1696433915915,04/10/2023 15:38:35,1696444715915,3,04/10/2023 21:38:35,142916,11,task-tfo5,,32033764,qkorrllg,9473775,,complete,,,computer,Desktop or Laptop,Windows 7,Firefox 115.0,1920x1080,1920x927,Accepted,,0,rsl experimental trials list2,17,rsl_list2,Not on phone,,Accepted,rsl_list2,48,nomatch,Screen 3,d73ena,3,timedOut,,300.78000000002794,300,300.78000000002794,300.78000000002794,300,300.78000000002794,1,300.78000000002794,0,0,,Time Limit,screen,0,screen,nomatch,Cabbage 2.jpg,49.mp4,different,different,foil,na,49,1,,,
478,1696433916328,04/10/2023 15:38:36,1696444716328,3,04/10/2023 21:38:36,142916,11,task-tfo5,,32033764,qkorrllg,9473775,,complete,,,computer,Desktop or Laptop,Windows 7,Firefox 115.0,1920x1080,1920x927,Accepted,,0,rsl experimental trials list2,17,rsl_list2,Not on phone,,Accepted,rsl_list2,48,nomatch,Screen 4,kfk7dt,4,info,Video start,174.57700000002794,166.76000000117347,174.57700000002794,174.57700000002794,166.76000000117347,174.57700000002794,0,174.57700000002794,0,0,,Video,video,1,object-204,nomatch,Cabbage 2.jpg,49.mp4,different,different,foil,na,49,1,,,
479,1696433917955,04/10/2023 15:38:37,1696444717955,3,04/10/2023 21:38:37,142916,11,task-tfo5,,32033764,qkorrllg,9473775,,complete,,,computer,Desktop or Laptop,Windows 7,Firefox 115.0,1920x1080,1920x927,Accepted,,0,rsl experimental trials list2,17,rsl_list2,Not on phone,,Accepted,rsl_list2,48,nomatch,Screen 4,kfk7dt,4,response,nomatch,2041.780000000028,2033.3400000000838,2041.780000000028,2041.780000000028,2033.3400000000838,2041.780000000028,0,2041.780000000028,0,0,,Keyboard Response,Keyboard Response,6,object-209,nomatch,Cabbage 2.jpg,49.mp4,different,different,foil,na,49,1,,,
480,1696433918447,04/10/2023 15:38:38,1696444718447,3,04/10/2023 21:38:38,142916,11,task-tfo5,,32033764,qkorrllg,9473775,,complete,,,computer,Desktop or Laptop,Windows 7,Firefox 115.0,1920x1080,1920x927,Accepted,,0,rsl experimental trials list2,17,rsl_list2,Not on phone,,Accepted,rsl_list2,48,match,Screen 1,nmofvp,1,continue,,499.85999999998603,499.85999999998603,499.85999999998603,499.85999999998603,499.85999999998603,499.85999999998603,1,499.85999999998603,0,0,,Fixation Timing,,1,object-167,match,Travel 2.jpg,21.mp4,different,same,target,travel,21,1,,,
481,1696433919447,04/10/2023 15:38:39,1696444719447,3,04/10/2023 21:38:39,142916,11,task-tfo5,,32033764,qkorrllg,9473775,,complete,,,computer,Desktop or Laptop,Windows 7,Firefox 115.0,1920x1080,1920x927,Accepted,,0,rsl experimental trials list2,17,rsl_list2,Not on phone,,Accepted,rsl_list2,48,match,Screen 2,pevo7u,2,timedOut,,1000.5799999999581,1000,1000.5799999999581,1000.5799999999581,1000,1000.5799999999581,0,1000.5799999999581,0,0,,Time Limit,screen,0,screen,match,Travel 2.jpg,21.mp4,different,same,target,travel,21,1,,,
482,1696433919747,04/10/2023 15:38:39,1696444719747,3,04/10/2023 21:38:39,142916,11,task-tfo5,,32033764,qkorrllg,9473775,,complete,,,computer,Desktop or Laptop,Windows 7,Firefox 115.0,1920x1080,1920x927,Accepted,,0,rsl experimental trials list2,17,rsl_list2,Not on phone,,Accepted,rsl_list2,48,match,Screen 3,z1irvt,3,timedOut,,300.5799999999581,300,300.5799999999581,300.5799999999581,300,300.5799999999581,1,300.5799999999581,0,0,,Time Limit,screen,0,screen,match,Travel 2.jpg,21.mp4,different,same,target,travel,21,1,,,
483,1696433920104,04/10/2023 15:38:40,1696444720104,3,04/10/2023 21:38:40,142916,11,task-tfo5,,32033764,qkorrllg,9473775,,complete,,,computer,Desktop or Laptop,Windows 7,Firefox 115.0,1920x1080,1920x927,Accepted,,0,rsl experimental trials list2,17,rsl_list2,Not on phone,,Accepted,rsl_list2,48,match,Screen 4,9wlxvm,4,info,Video start,114.64699999995807,100.09999999951106,114.64699999995807,114.64699999995807,100.09999999951106,114.64699999995807,1,114.64699999995807,0,0,,Video,video,1,object-178,match,Travel 2.jpg,21.mp4,different,same,target,travel,21,1,,,
484,1696433924347,04/10/2023 15:38:44,1696444724347,3,04/10/2023 21:38:44,142916,11,task-tfo5,,32033764,qkorrllg,9473775,,complete,,,computer,Desktop or Laptop,Windows 7,Firefox 115.0,1920x1080,1920x927,Accepted,,0,rsl experimental trials list2,17,rsl_list2,Not on phone,,Accepted,rsl_list2,48,match,Screen 4,9wlxvm,4,response,match,4599.579999999958,4583.199999999953,4599.579999999958,4599.579999999958,4583.199999999953,4599.579999999958,1,4599.579999999958,0,0,,Keyboard Response,Keyboard Response,6,object-183,match,Travel 2.jpg,21.mp4,different,same,target,travel,21,1,,,
485,1696433927250,04/10/2023 15:38:47,1696444727250,3,04/10/2023 21:38:47,142916,11,task-tfo5,,32033764,qkorrllg,9473775,,complete,,,computer,Desktop or Laptop,Windows 7,Firefox 115.0,1920x1080,1920x927,Accepted,,0,rsl experimental trials list2,17,rsl_list2,Not on phone,,Accepted,rsl_list2,1,end,Screen 1,na3nj2,1,continue,,2919.3800000000047,2916.5400000000373,2919.3800000000047,2919.3800000000047,2916.5400000000373,2919.3800000000047,1,2919.3800000000047,0,0,,Click To Continue,End button,2,object-122,end,,,,,,,,,,,
486,1696433927252,04/10/2023 15:38:47,1696444727252,3,04/10/2023 21:38:47,142916,11,task-tfo5,,32033764,qkorrllg,9473775,,complete,,,computer,Desktop or Laptop,Windows 7,Firefox 115.0,1920x1080,1920x927,Accepted,,0,rsl experimental trials list2,17,rsl_list2,Not on phone,,Accepted,rsl_list2,,,,,,5,END,,,,,,,0,,,,,,,,,,,,,,,,,,,,
END OF FILE
