"","item","id","list","trial","language","condition","cognate","correct","rt","norsk_log","rusisk_log","freq","freq_bin","wordclass","homophone","boundedness","plurality","Familiarity","Iconicity","Use","fam_bin","icon_bin","use_bin","learned","peers","practice","age","handedness","hearing","deafbirth","exposure"
"1","beauty","9631781","nsl_list1","33","nsl","aligned","cognate",1,3396.00000000023,1.82,2.03,1.07,"high","noun","near","inanimate","abstract",7,7,"yes","high","high","high","other","no","often",81,"right","serious","no","19"
"2","beauty","9687063","nsl_list1","26","nsl","aligned","cognate",0,5945,1.82,2.03,1.07,"high","noun","near","inanimate","abstract",7,3,"yes","high","low","high","parents","no","daily",23,"right","serious","no","0"
"3","beauty","9479413","nsl_list1","21","nsl","aligned","cognate",0,4802.14699995233,1.82,2.03,1.07,"high","noun","near","inanimate","abstract",7,1,"yes","high","low","high","other","yes","daily",55,"right","serious","no","16"
"4","beauty","9482437","nsl_list1","19","nsl","aligned","cognate",1,1030,1.82,2.03,1.07,"high","noun","near","inanimate","abstract",7,7,"yes","high","high","high","school","yes","daily",70,"right","serious","no","8"
"5","beauty","9498903","nsl_list1","37","nsl","aligned","cognate",0,1515.21999990463,1.82,2.03,1.07,"high","noun","near","inanimate","abstract",7,2,"yes","high","low","high","school","yes","daily",49,"right","serious","no","18"
"6","beauty","9477538","nsl_list2","47","nsl","nonaligned","cognate",0,2278.14099990466,1.82,2.03,1.07,"high","noun","near","inanimate","abstract",2,1,"no","low","low","low","other","no","daily",37,"right","serious","yes","17"
"7","beauty","9612157","nsl_list1","18","nsl","aligned","cognate",1,314.204999976151,1.82,2.03,1.07,"high","noun","near","inanimate","abstract",7,7,"yes","high","high","high","school","yes","daily",28,"left","serious","yes","5"
"8","beauty","9685656","nsl_list2","1","nsl","nonaligned","cognate",0,2230.521,1.82,2.03,1.07,"high","noun","near","inanimate","abstract",4,1,"no","low","low","low","parents","yes","daily",48,"right","serious","yes","2"
"9","beauty","9479027","nsl_list2","9","nsl","nonaligned","cognate",0,3515.28299999851,1.82,2.03,1.07,"high","noun","near","inanimate","abstract",7,6,"yes","high","high","high","parents","yes","daily",48,"right","serious","yes","1"
"10","beauty","9696122","nsl_list1","11","nsl","aligned","cognate",0,1247.35799999999,1.82,2.03,1.07,"high","noun","near","inanimate","abstract",1,1,"no","low","low","low","parents","yes","daily",34,"right","serious","yes","1"
"11","beauty","9476778","nsl_list1","35","nsl","aligned","cognate",0,2250.94500000594,1.82,2.03,1.07,"high","noun","near","inanimate","abstract",7,4,"yes","high","low","high","parents","yes","daily",46,"right","considerable","yes","0"
"12","beauty","9481563","nsl_list2","21","nsl","nonaligned","cognate",0,9643.12000000593,1.82,2.03,1.07,"high","noun","near","inanimate","abstract",7,3,"yes","high","low","high","parents","yes","daily",50,"right","serious","yes","1"
"13","beauty","9647566","nsl_list1","19","nsl","aligned","cognate",1,2566.83699999403,1.82,2.03,1.07,"high","noun","near","inanimate","abstract",7,7,"yes","high","high","high","other","no","often",81,"right","serious","no","19"
"14","beauty","9493027","nsl_list2","7","nsl","nonaligned","cognate",0,882.624999999629,1.82,2.03,1.07,"high","noun","near","inanimate","abstract",7,2,"no","high","low","low","parents","yes","daily",31,"right","considerable","no","2"
"15","beauty","9481525","nsl_list1","30","nsl","aligned","cognate",1,5255.41499998211,1.82,2.03,1.07,"high","noun","near","inanimate","abstract",7,6,"yes","high","high","high","caregiver","yes","daily",53,"right","serious","yes","48"
"16","beauty","9368241","nsl_list2","11","nsl","nonaligned","cognate",1,1907.94500000894,1.82,2.03,1.07,"high","noun","near","inanimate","abstract",7,5,"yes","high","low","high","other","yes","daily",37,"right","serious","yes","0.5"
"17","beauty","9481529","nsl_list2","22","nsl","nonaligned","cognate",0,6707.70600002387,1.82,2.03,1.07,"high","noun","near","inanimate","abstract",7,5,"yes","high","low","high","other","yes","daily",43,"right","serious","no","3.5"
"18","beauty","9462565","nsl_list1","12","nsl","aligned","cognate",1,1916,1.82,2.03,1.07,"high","noun","near","inanimate","abstract",7,1,"yes","high","low","high","parents","yes","daily",42,"right","serious","yes","0"
"19","beauty","9477675","nsl_list2","13","nsl","nonaligned","cognate",0,4069.92100001193,1.82,2.03,1.07,"high","noun","near","inanimate","abstract",7,5,"yes","high","low","high","other","yes","daily",41,"right","serious","no","3"
"20","beauty","9483072","nsl_list2","47","nsl","nonaligned","cognate",0,4562.62700000074,1.82,2.03,1.07,"high","noun","near","inanimate","abstract",7,7,"yes","high","high","high","school","no","daily",45,"left","serious","no","14"
"21","beauty","9477400","nsl_list2","10","nsl","nonaligned","cognate",1,2770.23600009538,1.82,2.03,1.07,"high","noun","near","inanimate","abstract",7,5,"yes","high","low","high","other","yes","daily",44,"right","serious","yes","1"
"22","beauty","9555238","rsl_list2","28","rsl","aligned","cognate",1,1346.03099999402,1.82,2.03,1.62,"high","noun","near","inanimate","abstract",2,1,"no","low","low","low","caregiver","no","daily",13,"right","mild","no","0"
"23","beauty","9498014","rsl_list2","2","rsl","aligned","cognate",1,5110.321,1.82,2.03,1.62,"high","noun","near","inanimate","abstract",6,1,"yes","low","low","high","other","no","daily",44,"right","considerable","no","16"
"24","beauty","9472740","rsl_list2","20","rsl","aligned","cognate",1,1231.28899999405,1.82,2.03,1.62,"high","noun","near","inanimate","abstract",7,1,"yes","high","low","high","other","yes","daily",24,"right","moderate","yes","7"
"25","beauty","9473190","rsl_list2","15","rsl","aligned","cognate",1,7489.70600000001,1.82,2.03,1.62,"high","noun","near","inanimate","abstract",7,1,"yes","high","low","high","school","yes","daily",49,"right","serious","no","7"
"26","beauty","9492137","rsl_list1","20","rsl","nonaligned","cognate",0,2849.68599999999,1.82,2.03,1.62,"high","noun","near","inanimate","abstract",7,1,"yes","high","low","high","other","yes","daily",28,"right","moderate","no","3"
"27","beauty","9473775","rsl_list2","35","rsl","aligned","cognate",0,2317.79999999999,1.82,2.03,1.62,"high","noun","near","inanimate","abstract",1,1,"no","low","low","low","school","yes","daily",44,"right","considerable","no","7"
"28","beauty","9476587","rsl_list2","18","rsl","aligned","cognate",1,1276,1.82,2.03,1.62,"high","noun","near","inanimate","abstract",6,1,"yes","low","low","high","school","yes","daily",25,"right","serious","yes","5"
"29","beauty","9489076","rsl_list2","47","rsl","aligned","cognate",1,445.653999809292,1.82,2.03,1.62,"high","noun","near","inanimate","abstract",7,1,"yes","high","low","high","parents","yes","daily",38,"right","serious","no","1"
"30","beauty","9483913","rsl_list1","8","rsl","nonaligned","cognate",1,2429.60600000148,1.82,2.03,1.62,"high","noun","near","inanimate","abstract",7,1,"yes","high","low","high","parents","yes","daily",37,"right","considerable","yes","0"
"31","beauty","9454658","rsl_list1","46","rsl","nonaligned","cognate",0,1435,1.82,2.03,1.62,"high","noun","near","inanimate","abstract",7,1,"yes","high","low","high","other","yes","daily",29,"right","serious","no","5"
"32","beauty","9479813","rsl_list2","22","rsl","aligned","cognate",1,493.585999998497,1.82,2.03,1.62,"high","noun","near","inanimate","abstract",7,1,"yes","high","low","high","parents","yes","daily",35,"right","considerable","no","0"
"33","beauty","9455706","rsl_list1","4","rsl","nonaligned","cognate",0,2358.22299999963,1.82,2.03,1.62,"high","noun","near","inanimate","abstract",4,1,"no","low","low","low","other","yes","daily",31,"right","considerable","no","7"
"34","beauty","9454567","rsl_list2","20","rsl","aligned","cognate",1,1452.02699999994,1.82,2.03,1.62,"high","noun","near","inanimate","abstract",7,1,"yes","high","low","high","school","yes","daily",38,"right","serious","yes","6"
"35","beauty","9458431","rsl_list2","24","rsl","aligned","cognate",1,1375.0409999523,1.82,2.03,1.62,"high","noun","near","inanimate","abstract",7,1,"yes","high","low","high","parents","yes","daily",38,"right","serious","yes","0"
"36","beauty","9473110","rsl_list1","20","rsl","nonaligned","cognate",0,1632.67299999925,1.82,2.03,1.62,"high","noun","near","inanimate","abstract",7,1,"yes","high","low","high","other","yes","daily",36,"right","serious","yes","3.5"
"37","beauty","9377336","rsl_list2","27","rsl","aligned","cognate",1,1403.05799995229,1.82,2.03,1.62,"high","noun","near","inanimate","abstract",7,1,"yes","high","low","high","school","yes","daily",48,"right","serious","no","6.5"
"38","beauty","9483878","rsl_list1","24","rsl","nonaligned","cognate",1,2574.06,1.82,2.03,1.62,"high","noun","near","inanimate","abstract",7,1,"yes","high","low","high","parents","yes","daily",42,"right","considerable","yes","0"
"39","beauty","9482266","rsl_list1","28","rsl","nonaligned","cognate",1,2195.27800001192,1.82,2.03,1.62,"high","noun","near","inanimate","abstract",7,1,"yes","high","low","high","other","no","daily",35,"right","considerable","no","15"
"40","beauty","9537479","rsl_list2","27","rsl","aligned","cognate",1,1452.5,1.82,2.03,1.62,"high","noun","near","inanimate","abstract",7,1,"yes","high","low","high","parents","yes","daily",43,"right","serious","yes","0"
"41","beauty","9476391","rsl_list2","19","rsl","aligned","cognate",0,1557.11299999998,1.82,2.03,1.62,"high","noun","near","inanimate","abstract",7,1,"yes","high","low","high","parents","yes","daily",32,"right","serious","no","2"
"42","beauty","9541537","rsl_list1","22","rsl","nonaligned","cognate",1,1037.96700000446,1.82,2.03,1.62,"high","noun","near","inanimate","abstract",7,1,"yes","high","low","high","parents","yes","daily",34,"right","moderate","yes","0"
"43","beauty","9503065","rsl_list1","8","rsl","nonaligned","cognate",1,4084.04600000002,1.82,2.03,1.62,"high","noun","near","inanimate","abstract",7,1,"yes","high","low","high","parents","yes","daily",36,"right","considerable","yes","0"
"44","beauty","9555631","rsl_list1","27","rsl","nonaligned","cognate",1,1585.62000000593,1.82,2.03,1.62,"high","noun","near","inanimate","abstract",7,1,"yes","high","low","high","other","no","daily",33,"right","considerable","yes","28"
"45","beauty","9587228","rsl_list1","17","rsl","nonaligned","cognate",0,2304.98800000001,1.82,2.03,1.62,"high","noun","near","inanimate","abstract",7,1,"yes","high","low","high","parents","yes","daily",61,"right","considerable","no","0"
"46","book","9479413","nsl_list1","7","nsl","aligned","cognate",0,2393.67399990463,2.55,2.67,0.6,"low","noun","exact","inanimate","concrete",7,7,"yes","high","high","high","other","yes","daily",55,"right","serious","no","16"
"47","book","9696122","nsl_list1","20","nsl","aligned","cognate",1,220.337000002968,2.55,2.67,0.6,"low","noun","exact","inanimate","concrete",7,7,"yes","high","high","high","parents","yes","daily",34,"right","serious","yes","1"
"48","book","9493027","nsl_list2","6","nsl","nonaligned","cognate",0,1148.40999999944,2.55,2.67,0.6,"low","noun","exact","inanimate","concrete",7,7,"yes","high","high","high","parents","yes","daily",31,"right","considerable","no","2"
"49","book","9477400","nsl_list2","14","nsl","nonaligned","cognate",1,1329.96300004769,2.55,2.67,0.6,"low","noun","exact","inanimate","concrete",7,7,"yes","high","high","high","other","yes","daily",44,"right","serious","yes","1"
"50","book","9612157","nsl_list1","2","nsl","aligned","cognate",1,1665.05499996424,2.55,2.67,0.6,"low","noun","exact","inanimate","concrete",7,7,"yes","high","high","high","school","yes","daily",28,"left","serious","yes","5"
"51","book","9481529","nsl_list2","20","nsl","nonaligned","cognate",1,1217.36300002385,2.55,2.67,0.6,"low","noun","exact","inanimate","concrete",7,7,"yes","high","high","high","other","yes","daily",43,"right","serious","no","3.5"
"52","book","9685656","nsl_list2","45","nsl","nonaligned","cognate",1,1951.69300000003,2.55,2.67,0.6,"low","noun","exact","inanimate","concrete",7,7,"yes","high","high","high","parents","yes","daily",48,"right","serious","yes","2"
"53","book","9477675","nsl_list2","17","nsl","nonaligned","cognate",1,1511.95999999999,2.55,2.67,0.6,"low","noun","exact","inanimate","concrete",7,7,"yes","high","high","high","other","yes","daily",41,"right","serious","no","3"
"54","book","9482437","nsl_list1","38","nsl","aligned","cognate",1,1008,2.55,2.67,0.6,"low","noun","exact","inanimate","concrete",7,7,"yes","high","high","high","school","yes","daily",70,"right","serious","no","8"
"55","book","9481563","nsl_list2","40","nsl","nonaligned","cognate",1,1207.52000000596,2.55,2.67,0.6,"low","noun","exact","inanimate","concrete",7,7,"yes","high","high","high","parents","yes","daily",50,"right","serious","yes","1"
"56","book","9631781","nsl_list1","31","nsl","aligned","cognate",1,10004,2.55,2.67,0.6,"low","noun","exact","inanimate","concrete",7,7,"yes","high","high","high","other","no","often",81,"right","serious","no","19"
"57","book","9462565","nsl_list1","19","nsl","aligned","cognate",1,1132,2.55,2.67,0.6,"low","noun","exact","inanimate","concrete",7,7,"yes","high","high","high","parents","yes","daily",42,"right","serious","yes","0"
"58","book","9687063","nsl_list1","10","nsl","aligned","cognate",1,1247,2.55,2.67,0.6,"low","noun","exact","inanimate","concrete",7,7,"yes","high","high","high","parents","no","daily",23,"right","serious","no","0"
"59","book","9498903","nsl_list1","25","nsl","aligned","cognate",1,863.900000286114,2.55,2.67,0.6,"low","noun","exact","inanimate","concrete",7,7,"yes","high","high","high","school","yes","daily",49,"right","serious","no","18"
"60","book","9368241","nsl_list2","35","nsl","nonaligned","cognate",1,2827.81999999704,2.55,2.67,0.6,"low","noun","exact","inanimate","concrete",7,7,"yes","high","high","high","other","yes","daily",37,"right","serious","yes","0.5"
"61","book","9477538","nsl_list2","35","nsl","nonaligned","cognate",1,1035.77100000001,2.55,2.67,0.6,"low","noun","exact","inanimate","concrete",7,7,"yes","high","high","high","other","no","daily",37,"right","serious","yes","17"
"62","book","9479027","nsl_list2","40","nsl","nonaligned","cognate",1,2483.5,2.55,2.67,0.6,"low","noun","exact","inanimate","concrete",7,7,"yes","high","high","high","parents","yes","daily",48,"right","serious","yes","1"
"63","book","9455706","rsl_list1","2","rsl","nonaligned","cognate",1,2393.985,2.55,2.67,1.07,"high","noun","exact","inanimate","concrete",7,7,"yes","high","high","high","other","yes","daily",31,"right","considerable","no","7"
"64","book","9541537","rsl_list1","28","rsl","nonaligned","cognate",1,620.719000004465,2.55,2.67,1.07,"high","noun","exact","inanimate","concrete",7,7,"yes","high","high","high","parents","yes","daily",34,"right","moderate","yes","0"
"65","book","9473775","rsl_list2","28","rsl","aligned","cognate",1,1021.59999999998,2.55,2.67,1.07,"high","noun","exact","inanimate","concrete",7,7,"yes","high","high","high","school","yes","daily",44,"right","considerable","no","7"
"66","book","9476391","rsl_list2","35","rsl","aligned","cognate",1,989.786999999953,2.55,2.67,1.07,"high","noun","exact","inanimate","concrete",7,7,"yes","high","high","high","parents","yes","daily",32,"right","serious","no","2"
"67","book","9476587","rsl_list2","6","rsl","aligned","cognate",1,642,2.55,2.67,1.07,"high","noun","exact","inanimate","concrete",7,7,"yes","high","high","high","school","yes","daily",25,"right","serious","yes","5"
"68","book","9458431","rsl_list2","37","rsl","aligned","cognate",1,1126.21799995232,2.55,2.67,1.07,"high","noun","exact","inanimate","concrete",7,7,"yes","high","high","high","parents","yes","daily",38,"right","serious","yes","0"
"69","book","9587228","rsl_list1","37","rsl","nonaligned","cognate",1,1076.56900000147,2.55,2.67,1.07,"high","noun","exact","inanimate","concrete",7,7,"yes","high","high","high","parents","yes","daily",61,"right","considerable","no","0"
"70","book","9555238","rsl_list2","45","rsl","aligned","cognate",1,575.968999993987,2.55,2.67,1.07,"high","noun","exact","inanimate","concrete",7,7,"yes","high","high","high","caregiver","no","daily",13,"right","mild","no","0"
"71","book","9473190","rsl_list2","7","rsl","aligned","cognate",1,1474.83100000597,2.55,2.67,1.07,"high","noun","exact","inanimate","concrete",7,7,"yes","high","high","high","school","yes","daily",49,"right","serious","no","7"
"72","book","9482266","rsl_list1","4","rsl","nonaligned","cognate",1,6329.26599998808,2.55,2.67,1.07,"high","noun","exact","inanimate","concrete",7,7,"yes","high","high","high","other","no","daily",35,"right","considerable","no","15"
"73","book","9489076","rsl_list2","4","rsl","aligned","cognate",1,421.467999952321,2.55,2.67,1.07,"high","noun","exact","inanimate","concrete",7,7,"yes","high","high","high","parents","yes","daily",38,"right","serious","no","1"
"74","book","9503065","rsl_list1","30","rsl","nonaligned","cognate",1,2525.88699999999,2.55,2.67,1.07,"high","noun","exact","inanimate","concrete",7,7,"yes","high","high","high","parents","yes","daily",36,"right","considerable","yes","0"
"75","book","9473110","rsl_list1","37","rsl","nonaligned","cognate",1,916.718999999983,2.55,2.67,1.07,"high","noun","exact","inanimate","concrete",7,7,"yes","high","high","high","other","yes","daily",36,"right","serious","yes","3.5"
"76","book","9472740","rsl_list2","12","rsl","aligned","cognate",1,1272.86599999701,2.55,2.67,1.07,"high","noun","exact","inanimate","concrete",7,7,"yes","high","high","high","other","yes","daily",24,"right","moderate","yes","7"
"77","book","9483913","rsl_list1","5","rsl","nonaligned","cognate",1,1305.53600000075,2.55,2.67,1.07,"high","noun","exact","inanimate","concrete",7,7,"yes","high","high","high","parents","yes","daily",37,"right","considerable","yes","0"
"78","book","9454567","rsl_list2","9","rsl","aligned","cognate",1,385.255000000005,2.55,2.67,1.07,"high","noun","exact","inanimate","concrete",7,7,"yes","high","high","high","school","yes","daily",38,"right","serious","yes","6"
"79","book","9492137","rsl_list1","43","rsl","nonaligned","cognate",1,1159.61800000077,2.55,2.67,1.07,"high","noun","exact","inanimate","concrete",7,7,"yes","high","high","high","other","yes","daily",28,"right","moderate","no","3"
"80","book","9479813","rsl_list2","18","rsl","aligned","cognate",1,259.13199999553,2.55,2.67,1.07,"high","noun","exact","inanimate","concrete",7,7,"yes","high","high","high","parents","yes","daily",35,"right","considerable","no","0"
"81","book","9483878","rsl_list1","8","rsl","nonaligned","cognate",1,579.899999999994,2.55,2.67,1.07,"high","noun","exact","inanimate","concrete",7,7,"yes","high","high","high","parents","yes","daily",42,"right","considerable","yes","0"
"82","book","9537479","rsl_list2","21","rsl","aligned","cognate",1,834.380000000005,2.55,2.67,1.07,"high","noun","exact","inanimate","concrete",7,7,"yes","high","high","high","parents","yes","daily",43,"right","serious","yes","0"
"83","book","9454658","rsl_list1","42","rsl","nonaligned","cognate",1,537,2.55,2.67,1.07,"high","noun","exact","inanimate","concrete",7,7,"yes","high","high","high","other","yes","daily",29,"right","serious","no","5"
"84","book","9498014","rsl_list2","6","rsl","aligned","cognate",1,2560.10200001192,2.55,2.67,1.07,"high","noun","exact","inanimate","concrete",7,7,"yes","high","high","high","other","no","daily",44,"right","considerable","no","16"
"85","book","9555631","rsl_list1","8","rsl","nonaligned","cognate",1,1203.85299998213,2.55,2.67,1.07,"high","noun","exact","inanimate","concrete",7,7,"yes","high","high","high","other","no","daily",33,"right","considerable","yes","28"
"86","book","9377336","rsl_list2","33","rsl","aligned","cognate",1,1294.26099996426,2.55,2.67,1.07,"high","noun","exact","inanimate","concrete",7,7,"yes","high","high","high","school","yes","daily",48,"right","serious","no","6.5"
"87","book","9647566","nsl_list1","25","nsl","aligned","cognate",1,1363.46800000599,2.55,2.67,0.6,"low","noun","exact","inanimate","concrete",7,7,"yes","high","high","high","other","no","often",81,"right","serious","no","19"
"88","book","9476778","nsl_list1","40","nsl","aligned","cognate",0,644.171999994025,2.55,2.67,0.6,"low","noun","exact","inanimate","concrete",7,7,"yes","high","high","high","parents","yes","daily",46,"right","considerable","yes","0"
"89","book","9483072","nsl_list2","48","nsl","nonaligned","cognate",1,3143.92100000003,2.55,2.67,0.6,"low","noun","exact","inanimate","concrete",7,7,"yes","high","high","high","school","no","daily",45,"left","serious","no","14"
"90","book","9481525","nsl_list1","36","nsl","aligned","cognate",1,1749.45100000006,2.55,2.67,0.6,"low","noun","exact","inanimate","concrete",7,7,"yes","high","high","high","caregiver","yes","daily",53,"right","serious","yes","48"
"91","boy","9458431","rsl_list2","21","rsl","aligned","cognate",1,202.465999952314,2.28,2.26,2,"high","noun","near","animate","concrete",7,7,"yes","high","high","high","parents","yes","daily",38,"right","serious","yes","0"
"92","boy","9455706","rsl_list1","39","rsl","nonaligned","cognate",1,2563.91599999997,2.28,2.26,2,"high","noun","near","animate","concrete",7,7,"yes","high","high","high","other","yes","daily",31,"right","considerable","no","7"
"93","boy","9492137","rsl_list1","25","rsl","nonaligned","cognate",1,344.570999999996,2.28,2.26,2,"high","noun","near","animate","concrete",7,1,"yes","high","low","high","other","yes","daily",28,"right","moderate","no","3"
"94","boy","9489076","rsl_list2","1","rsl","aligned","cognate",1,940.133000000002,2.28,2.26,2,"high","noun","near","animate","concrete",7,7,"yes","high","high","high","parents","yes","daily",38,"right","serious","no","1"
"95","boy","9472740","rsl_list2","14","rsl","aligned","cognate",1,1513.89100000297,2.28,2.26,2,"high","noun","near","animate","concrete",7,7,"yes","high","high","high","other","yes","daily",24,"right","moderate","yes","7"
"96","boy","9503065","rsl_list1","29","rsl","nonaligned","cognate",1,1612.78399999999,2.28,2.26,2,"high","noun","near","animate","concrete",7,7,"yes","high","high","high","parents","yes","daily",36,"right","considerable","yes","0"
"97","boy","9454658","rsl_list1","18","rsl","nonaligned","cognate",1,1018,2.28,2.26,2,"high","noun","near","animate","concrete",7,7,"yes","high","high","high","other","yes","daily",29,"right","serious","no","5"
"98","boy","9482266","rsl_list1","36","rsl","nonaligned","cognate",1,679.382999976166,2.28,2.26,2,"high","noun","near","animate","concrete",7,5,"yes","high","low","high","other","no","daily",35,"right","considerable","no","15"
"99","boy","9476391","rsl_list2","48","rsl","aligned","cognate",1,1682.57200000004,2.28,2.26,2,"high","noun","near","animate","concrete",7,7,"yes","high","high","high","parents","yes","daily",32,"right","serious","no","2"
"100","boy","9479813","rsl_list2","6","rsl","aligned","cognate",1,199.382999998503,2.28,2.26,2,"high","noun","near","animate","concrete",7,7,"yes","high","high","high","parents","yes","daily",35,"right","considerable","no","0"
"101","boy","9454567","rsl_list2","19","rsl","aligned","cognate",1,560.157000000007,2.28,2.26,2,"high","noun","near","animate","concrete",7,7,"yes","high","high","high","school","yes","daily",38,"right","serious","yes","6"
"102","boy","9473110","rsl_list1","31","rsl","nonaligned","cognate",1,1030.07100000075,2.28,2.26,2,"high","noun","near","animate","concrete",7,7,"yes","high","high","high","other","yes","daily",36,"right","serious","yes","3.5"
"103","boy","9498014","rsl_list2","14","rsl","aligned","cognate",1,2323.12500001193,2.28,2.26,2,"high","noun","near","animate","concrete",7,7,"yes","high","high","high","other","no","daily",44,"right","considerable","no","16"
"104","boy","9473190","rsl_list2","29","rsl","aligned","cognate",1,2152.63700000447,2.28,2.26,2,"high","noun","near","animate","concrete",7,7,"yes","high","high","high","school","yes","daily",49,"right","serious","no","7"
"105","boy","9587228","rsl_list1","33","rsl","nonaligned","cognate",1,983.217999999935,2.28,2.26,2,"high","noun","near","animate","concrete",7,7,"yes","high","high","high","parents","yes","daily",61,"right","considerable","no","0"
"106","boy","9476587","rsl_list2","23","rsl","aligned","cognate",1,776,2.28,2.26,2,"high","noun","near","animate","concrete",7,5,"yes","high","low","high","school","yes","daily",25,"right","serious","yes","5"
"107","boy","9541537","rsl_list1","30","rsl","nonaligned","cognate",1,98.5829999999842,2.28,2.26,2,"high","noun","near","animate","concrete",7,7,"yes","high","high","high","parents","yes","daily",34,"right","moderate","yes","0"
"108","boy","9555631","rsl_list1","28","rsl","nonaligned","cognate",1,443.372999994026,2.28,2.26,2,"high","noun","near","animate","concrete",7,7,"yes","high","high","high","other","no","daily",33,"right","considerable","yes","28"
"109","boy","9537479","rsl_list2","26","rsl","aligned","cognate",1,1040.44,2.28,2.26,2,"high","noun","near","animate","concrete",7,7,"yes","high","high","high","parents","yes","daily",43,"right","serious","yes","0"
"110","boy","9483913","rsl_list1","19","rsl","nonaligned","cognate",1,886.672000002989,2.28,2.26,2,"high","noun","near","animate","concrete",7,7,"yes","high","high","high","parents","yes","daily",37,"right","considerable","yes","0"
"111","boy","9479027","nsl_list2","30","nsl","nonaligned","cognate",0,836.983999999997,2.28,2.26,1.99,"high","noun","near","animate","concrete",7,2,"yes","high","low","high","parents","yes","daily",48,"right","serious","yes","1"
"112","boy","9481563","nsl_list2","14","nsl","nonaligned","cognate",1,1983.18599999999,2.28,2.26,1.99,"high","noun","near","animate","concrete",7,7,"yes","high","high","high","parents","yes","daily",50,"right","serious","yes","1"
"113","boy","9368241","nsl_list2","48","nsl","nonaligned","cognate",1,834.696000002965,2.28,2.26,1.99,"high","noun","near","animate","concrete",7,6,"yes","high","high","high","other","yes","daily",37,"right","serious","yes","0.5"
"114","boy","9631781","nsl_list1","6","nsl","aligned","cognate",1,12067,2.28,2.26,1.99,"high","noun","near","animate","concrete",7,7,"yes","high","high","high","other","no","often",81,"right","serious","no","19"
"115","boy","9477400","nsl_list2","31","nsl","nonaligned","cognate",1,1651.04000009538,2.28,2.26,1.99,"high","noun","near","animate","concrete",7,6,"yes","high","high","high","other","yes","daily",44,"right","serious","yes","1"
"116","boy","9481529","nsl_list2","28","nsl","nonaligned","cognate",1,179.972000000009,2.28,2.26,1.99,"high","noun","near","animate","concrete",7,7,"yes","high","high","high","other","yes","daily",43,"right","serious","no","3.5"
"117","boy","9479413","nsl_list1","1","nsl","aligned","cognate",1,4152.903,2.28,2.26,1.99,"high","noun","near","animate","concrete",7,7,"yes","high","high","high","other","yes","daily",55,"right","serious","no","16"
"118","boy","9493027","nsl_list2","47","nsl","nonaligned","cognate",0,724.457999999984,2.28,2.26,1.99,"high","noun","near","animate","concrete",7,2,"yes","high","low","high","parents","yes","daily",31,"right","considerable","no","2"
"119","boy","9477675","nsl_list2","22","nsl","nonaligned","cognate",1,800.119000000006,2.28,2.26,1.99,"high","noun","near","animate","concrete",7,6,"yes","high","high","high","other","yes","daily",41,"right","serious","no","3"
"120","boy","9473775","rsl_list2","37","rsl","aligned","cognate",1,898.140000000014,2.28,2.26,2,"high","noun","near","animate","concrete",7,7,"yes","high","high","high","school","yes","daily",44,"right","considerable","no","7"
"121","boy","9483878","rsl_list1","3","rsl","nonaligned","cognate",1,1796.08,2.28,2.26,2,"high","noun","near","animate","concrete",7,5,"yes","high","low","high","parents","yes","daily",42,"right","considerable","yes","0"
"122","boy","9555238","rsl_list2","9","rsl","aligned","cognate",1,975.108000000007,2.28,2.26,2,"high","noun","near","animate","concrete",7,2,"yes","high","low","high","caregiver","no","daily",13,"right","mild","no","0"
"123","boy","9377336","rsl_list2","8","rsl","aligned","cognate",1,942.664000000004,2.28,2.26,2,"high","noun","near","animate","concrete",7,7,"yes","high","high","high","school","yes","daily",48,"right","serious","no","6.5"
"124","boy","9696122","nsl_list1","33","nsl","aligned","cognate",1,797.912000000069,2.28,2.26,1.99,"high","noun","near","animate","concrete",4,4,"yes","low","low","high","parents","yes","daily",34,"right","serious","yes","1"
"125","boy","9462565","nsl_list1","41","nsl","aligned","cognate",1,915,2.28,2.26,1.99,"high","noun","near","animate","concrete",7,1,"yes","high","low","high","parents","yes","daily",42,"right","serious","yes","0"
"126","boy","9476778","nsl_list1","37","nsl","aligned","cognate",0,648.237999994017,2.28,2.26,1.99,"high","noun","near","animate","concrete",7,6,"yes","high","high","high","parents","yes","daily",46,"right","considerable","yes","0"
"127","boy","9482437","nsl_list1","46","nsl","aligned","cognate",1,380,2.28,2.26,1.99,"high","noun","near","animate","concrete",7,7,"yes","high","high","high","school","yes","daily",70,"right","serious","no","8"
"128","boy","9685656","nsl_list2","6","nsl","nonaligned","cognate",1,854.008999904632,2.28,2.26,1.99,"high","noun","near","animate","concrete",7,7,"yes","high","high","high","parents","yes","daily",48,"right","serious","yes","2"
"129","boy","9647566","nsl_list1","15","nsl","aligned","cognate",1,861.180000017892,2.28,2.26,1.99,"high","noun","near","animate","concrete",7,7,"yes","high","high","high","other","no","often",81,"right","serious","no","19"
"130","boy","9612157","nsl_list1","30","nsl","aligned","cognate",1,274.984999964247,2.28,2.26,1.99,"high","noun","near","animate","concrete",7,7,"yes","high","high","high","school","yes","daily",28,"left","serious","yes","5"
"131","boy","9481525","nsl_list1","37","nsl","aligned","cognate",1,1503.26000000595,2.28,2.26,1.99,"high","noun","near","animate","concrete",7,2,"yes","high","low","high","caregiver","yes","daily",53,"right","serious","yes","48"
"132","boy","9477538","nsl_list2","45","nsl","nonaligned","cognate",1,964.479000047664,2.28,2.26,1.99,"high","noun","near","animate","concrete",7,7,"yes","high","high","high","other","no","daily",37,"right","serious","yes","17"
"133","boy","9483072","nsl_list2","22","nsl","nonaligned","cognate",1,803.122999999992,2.28,2.26,1.99,"high","noun","near","animate","concrete",7,7,"yes","high","high","high","school","no","daily",45,"left","serious","no","14"
"134","boy","9687063","nsl_list1","48","nsl","aligned","cognate",1,929.000000000058,2.28,2.26,1.99,"high","noun","near","animate","concrete",7,6,"yes","high","high","high","parents","no","daily",23,"right","serious","no","0"
"135","boy","9498903","nsl_list1","39","nsl","aligned","cognate",1,489.356000095373,2.28,2.26,1.99,"high","noun","near","animate","concrete",7,7,"yes","high","high","high","school","yes","daily",49,"right","serious","no","18"
"136","breathe","9473110","rsl_list1","25","rsl","nonaligned","cognate",1,2249.01299999852,1.2,1.82,0.77,"low","verb","exact","atelic","intrans",7,7,"yes","high","high","high","other","yes","daily",36,"right","serious","yes","3.5"
"137","breathe","9503065","rsl_list1","36","rsl","nonaligned","cognate",1,2291.97000000073,1.2,1.82,0.77,"low","verb","exact","atelic","intrans",7,4,"yes","high","low","high","parents","yes","daily",36,"right","considerable","yes","0"
"138","breathe","9587228","rsl_list1","24","rsl","nonaligned","cognate",1,4226.41500000301,1.2,1.82,0.77,"low","verb","exact","atelic","intrans",7,6,"yes","high","low","high","parents","yes","daily",61,"right","considerable","no","0"
"139","breathe","9482266","rsl_list1","40","rsl","nonaligned","cognate",1,1399.88799999998,1.2,1.82,0.77,"low","verb","exact","atelic","intrans",7,7,"yes","high","high","high","other","no","daily",35,"right","considerable","no","15"
"140","breathe","9492137","rsl_list1","14","rsl","nonaligned","cognate",0,1768.80000000057,1.2,1.82,0.77,"low","verb","exact","atelic","intrans",7,4,"yes","high","low","high","other","yes","daily",28,"right","moderate","no","3"
"141","breathe","9555238","rsl_list2","35","rsl","aligned","cognate",1,1764.13500000001,1.2,1.82,0.77,"low","verb","exact","atelic","intrans",7,5,"yes","high","low","high","caregiver","no","daily",13,"right","mild","no","0"
"142","breathe","9489076","rsl_list2","5","rsl","aligned","cognate",1,631.488999809269,1.2,1.82,0.77,"low","verb","exact","atelic","intrans",7,7,"yes","high","high","high","parents","yes","daily",38,"right","serious","no","1"
"143","breathe","9454567","rsl_list2","35","rsl","aligned","cognate",1,323.292000000074,1.2,1.82,0.77,"low","verb","exact","atelic","intrans",7,7,"yes","high","high","high","school","yes","daily",38,"right","serious","yes","6"
"144","breathe","9498014","rsl_list2","25","rsl","aligned","cognate",1,1849.32700001192,1.2,1.82,0.77,"low","verb","exact","atelic","intrans",7,7,"yes","high","high","high","other","no","daily",44,"right","considerable","no","16"
"145","breathe","9685656","nsl_list2","47","nsl","nonaligned","cognate",1,996.335999952338,1.2,1.82,0.6,"low","verb","exact","atelic","intrans",7,7,"yes","high","high","high","parents","yes","daily",48,"right","serious","yes","2"
"146","breathe","9483072","nsl_list2","43","nsl","nonaligned","cognate",1,1648.60800000146,1.2,1.82,0.6,"low","verb","exact","atelic","intrans",7,7,"yes","high","high","high","school","no","daily",45,"left","serious","no","14"
"147","breathe","9477675","nsl_list2","34","nsl","nonaligned","cognate",1,922.444000023825,1.2,1.82,0.6,"low","verb","exact","atelic","intrans",6,6,"yes","low","high","high","other","yes","daily",41,"right","serious","no","3"
"148","breathe","9477538","nsl_list2","38","nsl","nonaligned","cognate",1,1262.16499990463,1.2,1.82,0.6,"low","verb","exact","atelic","intrans",7,7,"yes","high","high","high","other","no","daily",37,"right","serious","yes","17"
"149","breathe","9647566","nsl_list1","36","nsl","aligned","cognate",1,3254.70700000005,1.2,1.82,0.6,"low","verb","exact","atelic","intrans",7,7,"yes","high","high","high","other","no","often",81,"right","serious","no","19"
"150","breathe","9476778","nsl_list1","14","nsl","aligned","cognate",0,1598.09300000596,1.2,1.82,0.6,"low","verb","exact","atelic","intrans",7,6,"yes","high","high","high","parents","yes","daily",46,"right","considerable","yes","0"
"151","breathe","9482437","nsl_list1","26","nsl","aligned","cognate",1,1593.00000000003,1.2,1.82,0.6,"low","verb","exact","atelic","intrans",7,7,"yes","high","high","high","school","yes","daily",70,"right","serious","no","8"
"152","breathe","9612157","nsl_list1","23","nsl","aligned","cognate",1,336.189999999973,1.2,1.82,0.6,"low","verb","exact","atelic","intrans",7,7,"yes","high","high","high","school","yes","daily",28,"left","serious","yes","5"
"153","breathe","9631781","nsl_list1","48","nsl","aligned","cognate",1,1849,1.2,1.82,0.6,"low","verb","exact","atelic","intrans",7,7,"yes","high","high","high","other","no","often",81,"right","serious","no","19"
"154","breathe","9481563","nsl_list2","42","nsl","nonaligned","cognate",1,2897.70400000596,1.2,1.82,0.6,"low","verb","exact","atelic","intrans",7,3,"yes","high","low","high","parents","yes","daily",50,"right","serious","yes","1"
"155","breathe","9462565","nsl_list1","27","nsl","aligned","cognate",1,916,1.2,1.82,0.6,"low","verb","exact","atelic","intrans",7,7,"yes","high","high","high","parents","yes","daily",42,"right","serious","yes","0"
"156","breathe","9477400","nsl_list2","3","nsl","nonaligned","cognate",1,5217.86899995232,1.2,1.82,0.6,"low","verb","exact","atelic","intrans",7,3,"yes","high","low","high","other","yes","daily",44,"right","serious","yes","1"
"157","breathe","9368241","nsl_list2","4","nsl","nonaligned","cognate",0,2449.97399999702,1.2,1.82,0.6,"low","verb","exact","atelic","intrans",7,5,"yes","high","low","high","other","yes","daily",37,"right","serious","yes","0.5"
"158","breathe","9687063","nsl_list1","13","nsl","aligned","cognate",1,2899,1.2,1.82,0.6,"low","verb","exact","atelic","intrans",7,5,"yes","high","low","high","parents","no","daily",23,"right","serious","no","0"
"159","breathe","9481529","nsl_list2","8","nsl","nonaligned","cognate",1,1653.03200000001,1.2,1.82,0.6,"low","verb","exact","atelic","intrans",7,5,"yes","high","low","high","other","yes","daily",43,"right","serious","no","3.5"
"160","breathe","9483878","rsl_list1","28","rsl","nonaligned","cognate",1,432.359999999986,1.2,1.82,0.77,"low","verb","exact","atelic","intrans",7,7,"yes","high","high","high","parents","yes","daily",42,"right","considerable","yes","0"
"161","breathe","9454658","rsl_list1","37","rsl","nonaligned","cognate",1,1950,1.2,1.82,0.77,"low","verb","exact","atelic","intrans",7,7,"yes","high","high","high","other","yes","daily",29,"right","serious","no","5"
"162","breathe","9473190","rsl_list2","48","rsl","aligned","cognate",1,2797.49800000002,1.2,1.82,0.77,"low","verb","exact","atelic","intrans",7,7,"yes","high","high","high","school","yes","daily",49,"right","serious","no","7"
"163","breathe","9455706","rsl_list1","38","rsl","nonaligned","cognate",1,1342.59199999942,1.2,1.82,0.77,"low","verb","exact","atelic","intrans",7,7,"yes","high","high","high","other","yes","daily",31,"right","considerable","no","7"
"164","breathe","9377336","rsl_list2","22","rsl","aligned","cognate",1,1072.27799998806,1.2,1.82,0.77,"low","verb","exact","atelic","intrans",7,7,"yes","high","high","high","school","yes","daily",48,"right","serious","no","6.5"
"165","breathe","9483913","rsl_list1","18","rsl","nonaligned","cognate",1,1568.88900000148,1.2,1.82,0.77,"low","verb","exact","atelic","intrans",7,7,"yes","high","high","high","parents","yes","daily",37,"right","considerable","yes","0"
"166","breathe","9472740","rsl_list2","35","rsl","aligned","cognate",1,1885.90199999104,1.2,1.82,0.77,"low","verb","exact","atelic","intrans",7,7,"yes","high","high","high","other","yes","daily",24,"right","moderate","yes","7"
"167","breathe","9537479","rsl_list2","34","rsl","aligned","cognate",0,3169.09999999998,1.2,1.82,0.77,"low","verb","exact","atelic","intrans",7,4,"yes","high","low","high","parents","yes","daily",43,"right","serious","yes","0"
"168","breathe","9555631","rsl_list1","20","rsl","nonaligned","cognate",1,903.946000005933,1.2,1.82,0.77,"low","verb","exact","atelic","intrans",7,7,"yes","high","high","high","other","no","daily",33,"right","considerable","yes","28"
"169","breathe","9458431","rsl_list2","45","rsl","aligned","cognate",1,431.064000000013,1.2,1.82,0.77,"low","verb","exact","atelic","intrans",7,6,"yes","high","low","high","parents","yes","daily",38,"right","serious","yes","0"
"170","breathe","9473775","rsl_list2","22","rsl","aligned","cognate",1,797.659999999974,1.2,1.82,0.77,"low","verb","exact","atelic","intrans",7,7,"yes","high","high","high","school","yes","daily",44,"right","considerable","no","7"
"171","breathe","9476587","rsl_list2","36","rsl","aligned","cognate",1,1601,1.2,1.82,0.77,"low","verb","exact","atelic","intrans",7,7,"yes","high","high","high","school","yes","daily",25,"right","serious","yes","5"
"172","breathe","9479813","rsl_list2","39","rsl","aligned","cognate",1,1414.76699999551,1.2,1.82,0.77,"low","verb","exact","atelic","intrans",7,7,"yes","high","high","high","parents","yes","daily",35,"right","considerable","no","0"
"173","breathe","9541537","rsl_list1","9","rsl","nonaligned","cognate",1,624.763999999996,1.2,1.82,0.77,"low","verb","exact","atelic","intrans",7,7,"yes","high","high","high","parents","yes","daily",34,"right","moderate","yes","0"
"174","breathe","9476391","rsl_list2","39","rsl","aligned","cognate",1,2456.54100000003,1.2,1.82,0.77,"low","verb","exact","atelic","intrans",7,7,"yes","high","high","high","parents","yes","daily",32,"right","serious","no","2"
"175","breathe","9479413","nsl_list1","46","nsl","aligned","cognate",1,994.927000047697,1.2,1.82,0.6,"low","verb","exact","atelic","intrans",7,7,"yes","high","high","high","other","yes","daily",55,"right","serious","no","16"
"176","breathe","9493027","nsl_list2","30","nsl","nonaligned","cognate",1,2150.68099999963,1.2,1.82,0.6,"low","verb","exact","atelic","intrans",7,5,"yes","high","low","high","parents","yes","daily",31,"right","considerable","no","2"
"177","breathe","9481525","nsl_list1","48","nsl","aligned","cognate",1,1059.35600000597,1.2,1.82,0.6,"low","verb","exact","atelic","intrans",7,7,"yes","high","high","high","caregiver","yes","daily",53,"right","serious","yes","48"
"178","breathe","9696122","nsl_list1","42","nsl","aligned","cognate",1,15.0179999999818,1.2,1.82,0.6,"low","verb","exact","atelic","intrans",7,7,"yes","high","high","high","parents","yes","daily",34,"right","serious","yes","1"
"179","breathe","9479027","nsl_list2","15","nsl","nonaligned","cognate",0,5899.57999999999,1.2,1.82,0.6,"low","verb","exact","atelic","intrans",7,7,"yes","high","high","high","parents","yes","daily",48,"right","serious","yes","1"
"180","breathe","9498903","nsl_list1","13","nsl","aligned","cognate",1,1790.23600019074,1.2,1.82,0.6,"low","verb","exact","atelic","intrans",7,7,"yes","high","high","high","school","yes","daily",49,"right","serious","no","18"
"181","cabbage","9503065","rsl_list1","33","rsl","aligned","noncognate",0,4071.89899999852,0.31,1.3,0.6,"low","noun","different","inanimate","concrete",7,3,"yes","high","low","high","parents","yes","daily",36,"right","considerable","yes","0"
"182","cabbage","9473110","rsl_list1","27","rsl","aligned","noncognate",1,1136.34699999774,0.31,1.3,0.6,"low","noun","different","inanimate","concrete",7,7,"yes","high","high","high","other","yes","daily",36,"right","serious","yes","3.5"
"183","cabbage","9537479","rsl_list2","44","rsl","nonaligned","noncognate",1,940.659999999974,0.31,1.3,0.6,"low","noun","different","inanimate","concrete",6,5,"yes","low","low","high","parents","yes","daily",43,"right","serious","yes","0"
"184","cabbage","9479813","rsl_list2","12","rsl","nonaligned","noncognate",1,282.029999998515,0.31,1.3,0.6,"low","noun","different","inanimate","concrete",7,7,"yes","high","high","high","parents","yes","daily",35,"right","considerable","no","0"
"185","cabbage","9377336","rsl_list2","35","rsl","nonaligned","noncognate",1,1239.42300000001,0.31,1.3,0.6,"low","noun","different","inanimate","concrete",7,7,"yes","high","high","high","school","yes","daily",48,"right","serious","no","6.5"
"186","cabbage","9473775","rsl_list2","45","rsl","nonaligned","noncognate",1,1752.82000000001,0.31,1.3,0.6,"low","noun","different","inanimate","concrete",7,7,"yes","high","high","high","school","yes","daily",44,"right","considerable","no","7"
"187","cabbage","9541537","rsl_list1","44","rsl","aligned","noncognate",1,659.457000004477,0.31,1.3,0.6,"low","noun","different","inanimate","concrete",7,7,"yes","high","high","high","parents","yes","daily",34,"right","moderate","yes","0"
"188","cabbage","9473190","rsl_list2","17","rsl","nonaligned","noncognate",1,1097.89500000444,0.31,1.3,0.6,"low","noun","different","inanimate","concrete",7,7,"yes","high","high","high","school","yes","daily",49,"right","serious","no","7"
"189","cabbage","9472740","rsl_list2","7","rsl","nonaligned","noncognate",1,1111.90399999999,0.31,1.3,0.6,"low","noun","different","inanimate","concrete",7,7,"yes","high","high","high","other","yes","daily",24,"right","moderate","yes","7"
"190","cabbage","9555238","rsl_list2","2","rsl","nonaligned","noncognate",1,1611.11599998212,0.31,1.3,0.6,"low","noun","different","inanimate","concrete",7,5,"yes","high","low","high","caregiver","no","daily",13,"right","mild","no","0"
"191","cabbage","9587228","rsl_list1","9","rsl","aligned","noncognate",1,1561.85500000224,0.31,1.3,0.6,"low","noun","different","inanimate","concrete",7,7,"yes","high","high","high","parents","yes","daily",61,"right","considerable","no","0"
"192","cabbage","9454658","rsl_list1","48","rsl","aligned","noncognate",1,1099,0.31,1.3,0.6,"low","noun","different","inanimate","concrete",7,7,"yes","high","high","high","other","yes","daily",29,"right","serious","no","5"
"193","cabbage","9482437","nsl_list1","17","nsl","aligned","noncognate",1,2176,0.31,1.3,0,"low","noun","different","inanimate","concrete",7,7,"yes","high","high","high","school","yes","daily",70,"right","serious","no","8"
"194","cabbage","9477538","nsl_list2","18","nsl","nonaligned","noncognate",1,4233.2659999523,0.31,1.3,0,"low","noun","different","inanimate","concrete",7,6,"yes","high","high","high","other","no","daily",37,"right","serious","yes","17"
"195","cabbage","9476778","nsl_list1","43","nsl","aligned","noncognate",1,1128.35899998213,0.31,1.3,0,"low","noun","different","inanimate","concrete",7,7,"yes","high","high","high","parents","yes","daily",46,"right","considerable","yes","0"
"196","cabbage","9685656","nsl_list2","36","nsl","nonaligned","noncognate",0,2417.60199995234,0.31,1.3,0,"low","noun","different","inanimate","concrete",7,7,"yes","high","high","high","parents","yes","daily",48,"right","serious","yes","2"
"197","cabbage","9479413","nsl_list1","24","nsl","aligned","noncognate",1,2976.35299985696,0.31,1.3,0,"low","noun","different","inanimate","concrete",7,7,"yes","high","high","high","other","yes","daily",55,"right","serious","no","16"
"198","cabbage","9481563","nsl_list2","10","nsl","nonaligned","noncognate",1,3994.39600000894,0.31,1.3,0,"low","noun","different","inanimate","concrete",7,7,"yes","high","high","high","parents","yes","daily",50,"right","serious","yes","1"
"199","cabbage","9696122","nsl_list1","26","nsl","aligned","noncognate",1,1034.42000000298,0.31,1.3,0,"low","noun","different","inanimate","concrete",7,7,"yes","high","high","high","parents","yes","daily",34,"right","serious","yes","1"
"200","cabbage","9482266","rsl_list1","14","rsl","aligned","noncognate",1,1179.51899998807,0.31,1.3,0.6,"low","noun","different","inanimate","concrete",7,4,"yes","high","low","high","other","no","daily",35,"right","considerable","no","15"
"201","cabbage","9454567","rsl_list2","37","rsl","nonaligned","noncognate",1,859.925999999978,0.31,1.3,0.6,"low","noun","different","inanimate","concrete",7,7,"yes","high","high","high","school","yes","daily",38,"right","serious","yes","6"
"202","cabbage","9498014","rsl_list2","1","rsl","nonaligned","noncognate",1,2916.24299998808,0.31,1.3,0.6,"low","noun","different","inanimate","concrete",7,7,"yes","high","high","high","other","no","daily",44,"right","considerable","no","16"
"203","cabbage","9455706","rsl_list1","10","rsl","aligned","noncognate",1,1544.22499999963,0.31,1.3,0.6,"low","noun","different","inanimate","concrete",7,4,"yes","high","low","high","other","yes","daily",31,"right","considerable","no","7"
"204","cabbage","9458431","rsl_list2","42","rsl","nonaligned","noncognate",1,480.222000047681,0.31,1.3,0.6,"low","noun","different","inanimate","concrete",7,7,"yes","high","high","high","parents","yes","daily",38,"right","serious","yes","0"
"205","cabbage","9483913","rsl_list1","30","rsl","aligned","noncognate",1,1515.18099999998,0.31,1.3,0.6,"low","noun","different","inanimate","concrete",7,7,"yes","high","high","high","parents","yes","daily",37,"right","considerable","yes","0"
"206","cabbage","9612157","nsl_list1","43","nsl","aligned","noncognate",1,1436.75399996422,0.31,1.3,0,"low","noun","different","inanimate","concrete",7,7,"yes","high","high","high","school","yes","daily",28,"left","serious","yes","5"
"207","cabbage","9479027","nsl_list2","2","nsl","nonaligned","noncognate",0,11099.6869999993,0.31,1.3,0,"low","noun","different","inanimate","concrete",7,7,"yes","high","high","high","parents","yes","daily",48,"right","serious","yes","1"
"208","cabbage","9498903","nsl_list1","12","nsl","aligned","noncognate",1,1498.77700019073,0.31,1.3,0,"low","noun","different","inanimate","concrete",7,6,"no","high","high","low","school","yes","daily",49,"right","serious","no","18"
"209","cabbage","9493027","nsl_list2","38","nsl","nonaligned","noncognate",0,2275.72700000001,0.31,1.3,0,"low","noun","different","inanimate","concrete",7,4,"yes","high","low","high","parents","yes","daily",31,"right","considerable","no","2"
"210","cabbage","9368241","nsl_list2","15","nsl","nonaligned","noncognate",1,3345.19699999999,0.31,1.3,0,"low","noun","different","inanimate","concrete",7,7,"yes","high","high","high","other","yes","daily",37,"right","serious","yes","0.5"
"211","cabbage","9687063","nsl_list1","42","nsl","aligned","noncognate",1,1347,0.31,1.3,0,"low","noun","different","inanimate","concrete",6,6,"yes","low","high","high","parents","no","daily",23,"right","serious","no","0"
"212","cabbage","9631781","nsl_list1","37","nsl","aligned","noncognate",1,1710,0.31,1.3,0,"low","noun","different","inanimate","concrete",7,7,"yes","high","high","high","other","no","often",81,"right","serious","no","19"
"213","cabbage","9477400","nsl_list2","6","nsl","nonaligned","noncognate",0,2996.992,0.31,1.3,0,"low","noun","different","inanimate","concrete",7,6,"yes","high","high","high","other","yes","daily",44,"right","serious","yes","1"
"214","cabbage","9477675","nsl_list2","33","nsl","nonaligned","noncognate",0,2167.098,0.31,1.3,0,"low","noun","different","inanimate","concrete",6,6,"yes","low","high","high","other","yes","daily",41,"right","serious","no","3"
"215","cabbage","9481525","nsl_list1","33","nsl","aligned","noncognate",1,1503.58199999999,0.31,1.3,0,"low","noun","different","inanimate","concrete",7,7,"yes","high","high","high","caregiver","yes","daily",53,"right","serious","yes","48"
"216","cabbage","9481529","nsl_list2","43","nsl","nonaligned","noncognate",1,2252.06299997616,0.31,1.3,0,"low","noun","different","inanimate","concrete",7,7,"yes","high","high","high","other","yes","daily",43,"right","serious","no","3.5"
"217","cabbage","9647566","nsl_list1","14","nsl","aligned","noncognate",1,1045.72,0.31,1.3,0,"low","noun","different","inanimate","concrete",7,7,"yes","high","high","high","other","no","often",81,"right","serious","no","19"
"218","cabbage","9462565","nsl_list1","25","nsl","aligned","noncognate",1,884,0.31,1.3,0,"low","noun","different","inanimate","concrete",7,1,"yes","high","low","high","parents","yes","daily",42,"right","serious","yes","0"
"219","cabbage","9492137","rsl_list1","9","rsl","aligned","noncognate",1,597.31000000074,0.31,1.3,0.6,"low","noun","different","inanimate","concrete",7,4,"yes","high","low","high","other","yes","daily",28,"right","moderate","no","3"
"220","cabbage","9476587","rsl_list2","40","rsl","nonaligned","noncognate",1,672,0.31,1.3,0.6,"low","noun","different","inanimate","concrete",7,7,"yes","high","high","high","school","yes","daily",25,"right","serious","yes","5"
"221","cabbage","9489076","rsl_list2","6","rsl","nonaligned","noncognate",1,947.921999856946,0.31,1.3,0.6,"low","noun","different","inanimate","concrete",7,7,"yes","high","high","high","parents","yes","daily",38,"right","serious","no","1"
"222","cabbage","9483072","nsl_list2","45","nsl","nonaligned","noncognate",1,1895.92599999928,0.31,1.3,0,"low","noun","different","inanimate","concrete",7,7,"yes","high","high","high","school","no","daily",45,"left","serious","no","14"
"223","cabbage","9483878","rsl_list1","1","rsl","aligned","noncognate",1,12849.12,0.31,1.3,0.6,"low","noun","different","inanimate","concrete",7,3,"yes","high","low","high","parents","yes","daily",42,"right","considerable","yes","0"
"224","cabbage","9555631","rsl_list1","2","rsl","aligned","noncognate",1,1499.95499998212,0.31,1.3,0.6,"low","noun","different","inanimate","concrete",7,7,"yes","high","high","high","other","no","daily",33,"right","considerable","yes","28"
"225","cabbage","9476391","rsl_list2","44","rsl","nonaligned","noncognate",1,1155.71899999998,0.31,1.3,0.6,"low","noun","different","inanimate","concrete",7,7,"yes","high","high","high","parents","yes","daily",32,"right","serious","no","2"
"226","call","9476391","rsl_list2","6","rsl","nonaligned","noncognate",0,5018.28900000009,1.49,2.14,1.64,"high","verb","different","telic","trans",7,7,"yes","high","high","high","parents","yes","daily",32,"right","serious","no","2"
"227","call","9377336","rsl_list2","38","rsl","nonaligned","noncognate",0,4103.20799999998,1.49,2.14,1.64,"high","verb","different","telic","trans",7,1,"yes","high","low","high","school","yes","daily",48,"right","serious","no","6.5"
"228","call","9473775","rsl_list2","38","rsl","nonaligned","noncognate",0,1948.46000000002,1.49,2.14,1.64,"high","verb","different","telic","trans",7,7,"yes","high","high","high","school","yes","daily",44,"right","considerable","no","7"
"229","call","9492137","rsl_list1","18","rsl","aligned","noncognate",1,680.918000000733,1.49,2.14,1.64,"high","verb","different","telic","trans",7,7,"yes","high","high","high","other","yes","daily",28,"right","moderate","no","3"
"230","call","9481529","nsl_list2","21","nsl","nonaligned","noncognate",0,930.325999976165,1.49,2.14,1.36,"high","verb","different","telic","trans",7,7,"yes","high","high","high","other","yes","daily",43,"right","serious","no","3.5"
"231","call","9555238","rsl_list2","44","rsl","nonaligned","noncognate",0,1914.86399998807,1.49,2.14,1.64,"high","verb","different","telic","trans",7,6,"yes","high","low","high","caregiver","no","daily",13,"right","mild","no","0"
"232","call","9631781","nsl_list1","43","nsl","aligned","noncognate",0,4464.00000000047,1.49,2.14,1.36,"high","verb","different","telic","trans",7,7,"yes","high","high","high","other","no","often",81,"right","serious","no","19"
"233","call","9493027","nsl_list2","40","nsl","nonaligned","noncognate",0,475.720999999787,1.49,2.14,1.36,"high","verb","different","telic","trans",7,4,"yes","high","low","high","parents","yes","daily",31,"right","considerable","no","2"
"234","call","9647566","nsl_list1","8","nsl","aligned","noncognate",1,1953.34600001192,1.49,2.14,1.36,"high","verb","different","telic","trans",7,7,"yes","high","high","high","other","no","often",81,"right","serious","no","19"
"235","call","9696122","nsl_list1","32","nsl","aligned","noncognate",1,524.214000002248,1.49,2.14,1.36,"high","verb","different","telic","trans",7,7,"yes","high","high","high","parents","yes","daily",34,"right","serious","yes","1"
"236","call","9483072","nsl_list2","31","nsl","nonaligned","noncognate",1,2963.29699999851,1.49,2.14,1.36,"high","verb","different","telic","trans",7,7,"yes","high","high","high","school","no","daily",45,"left","serious","no","14"
"237","call","9537479","rsl_list2","16","rsl","nonaligned","noncognate",0,358.640000000014,1.49,2.14,1.64,"high","verb","different","telic","trans",7,6,"yes","high","low","high","parents","yes","daily",43,"right","serious","yes","0"
"238","call","9498014","rsl_list2","11","rsl","nonaligned","noncognate",0,8529.72799998807,1.49,2.14,1.64,"high","verb","different","telic","trans",7,7,"yes","high","high","high","other","no","daily",44,"right","considerable","no","16"
"239","call","9462565","nsl_list1","11","nsl","aligned","noncognate",1,1532,1.49,2.14,1.36,"high","verb","different","telic","trans",7,7,"yes","high","high","high","parents","yes","daily",42,"right","serious","yes","0"
"240","call","9479413","nsl_list1","26","nsl","aligned","noncognate",1,914.527999999991,1.49,2.14,1.36,"high","verb","different","telic","trans",7,7,"yes","high","high","high","other","yes","daily",55,"right","serious","no","16"
"241","call","9481525","nsl_list1","45","nsl","aligned","noncognate",1,692.551999988034,1.49,2.14,1.36,"high","verb","different","telic","trans",7,6,"yes","high","high","high","caregiver","yes","daily",53,"right","serious","yes","48"
"242","call","9477400","nsl_list2","8","nsl","nonaligned","noncognate",0,2484.26899995231,1.49,2.14,1.36,"high","verb","different","telic","trans",7,7,"yes","high","high","high","other","yes","daily",44,"right","serious","yes","1"
"243","call","9482437","nsl_list1","47","nsl","aligned","noncognate",1,443.000000000058,1.49,2.14,1.36,"high","verb","different","telic","trans",7,7,"yes","high","high","high","school","yes","daily",70,"right","serious","no","8"
"244","call","9476778","nsl_list1","39","nsl","aligned","noncognate",1,204.532999999996,1.49,2.14,1.36,"high","verb","different","telic","trans",7,6,"yes","high","high","high","parents","yes","daily",46,"right","considerable","yes","0"
"245","call","9368241","nsl_list2","16","nsl","nonaligned","noncognate",1,3146.035,1.49,2.14,1.36,"high","verb","different","telic","trans",7,6,"yes","high","high","high","other","yes","daily",37,"right","serious","yes","0.5"
"246","call","9477675","nsl_list2","37","nsl","nonaligned","noncognate",0,1050.26199999999,1.49,2.14,1.36,"high","verb","different","telic","trans",7,7,"yes","high","high","high","other","yes","daily",41,"right","serious","no","3"
"247","call","9685656","nsl_list2","25","nsl","nonaligned","noncognate",0,967.605999952299,1.49,2.14,1.36,"high","verb","different","telic","trans",7,7,"yes","high","high","high","parents","yes","daily",48,"right","serious","yes","2"
"248","call","9503065","rsl_list1","24","rsl","aligned","noncognate",1,1074.315,1.49,2.14,1.64,"high","verb","different","telic","trans",7,7,"yes","high","high","high","parents","yes","daily",36,"right","considerable","yes","0"
"249","call","9476587","rsl_list2","14","rsl","nonaligned","noncognate",0,3480.00000000003,1.49,2.14,1.64,"high","verb","different","telic","trans",7,7,"yes","high","high","high","school","yes","daily",25,"right","serious","yes","5"
"250","call","9477538","nsl_list2","2","nsl","nonaligned","noncognate",0,1341.946,1.49,2.14,1.36,"high","verb","different","telic","trans",7,7,"yes","high","high","high","other","no","daily",37,"right","serious","yes","17"
"251","call","9479027","nsl_list2","48","nsl","nonaligned","noncognate",0,978.82399999781,1.49,2.14,1.36,"high","verb","different","telic","trans",7,5,"yes","high","low","high","parents","yes","daily",48,"right","serious","yes","1"
"252","call","9612157","nsl_list1","29","nsl","aligned","noncognate",1,567.331999964255,1.49,2.14,1.36,"high","verb","different","telic","trans",7,7,"yes","high","high","high","school","yes","daily",28,"left","serious","yes","5"
"253","call","9481563","nsl_list2","35","nsl","nonaligned","noncognate",1,3823.62800000596,1.49,2.14,1.36,"high","verb","different","telic","trans",7,7,"yes","high","high","high","parents","yes","daily",50,"right","serious","yes","1"
"254","call","9498903","nsl_list1","38","nsl","aligned","noncognate",1,847.619000190753,1.49,2.14,1.36,"high","verb","different","telic","trans",7,7,"yes","high","high","high","school","yes","daily",49,"right","serious","no","18"
"255","call","9687063","nsl_list1","32","nsl","aligned","noncognate",1,1619,1.49,2.14,1.36,"high","verb","different","telic","trans",7,6,"yes","high","high","high","parents","no","daily",23,"right","serious","no","0"
"256","call","9483878","rsl_list1","15","rsl","aligned","noncognate",1,274.739999999991,1.49,2.14,1.64,"high","verb","different","telic","trans",7,7,"yes","high","high","high","parents","yes","daily",42,"right","considerable","yes","0"
"257","call","9454658","rsl_list1","16","rsl","aligned","noncognate",1,553,1.49,2.14,1.64,"high","verb","different","telic","trans",7,7,"yes","high","high","high","other","yes","daily",29,"right","serious","no","5"
"258","call","9555631","rsl_list1","24","rsl","aligned","noncognate",1,913.787999988068,1.49,2.14,1.64,"high","verb","different","telic","trans",7,7,"yes","high","high","high","other","no","daily",33,"right","considerable","yes","28"
"259","call","9541537","rsl_list1","15","rsl","aligned","noncognate",1,259.076000001485,1.49,2.14,1.64,"high","verb","different","telic","trans",7,7,"yes","high","high","high","parents","yes","daily",34,"right","moderate","yes","0"
"260","call","9479813","rsl_list2","40","rsl","nonaligned","noncognate",0,599.920000000042,1.49,2.14,1.64,"high","verb","different","telic","trans",7,7,"yes","high","high","high","parents","yes","daily",35,"right","considerable","no","0"
"261","call","9454567","rsl_list2","12","rsl","nonaligned","noncognate",0,2838.64500000011,1.49,2.14,1.64,"high","verb","different","telic","trans",7,7,"yes","high","high","high","school","yes","daily",38,"right","serious","yes","6"
"262","call","9473190","rsl_list2","35","rsl","nonaligned","noncognate",0,8423.04800000449,1.49,2.14,1.64,"high","verb","different","telic","trans",7,7,"yes","high","high","high","school","yes","daily",49,"right","serious","no","7"
"263","call","9489076","rsl_list2","23","rsl","nonaligned","noncognate",1,1565.21499980928,1.49,2.14,1.64,"high","verb","different","telic","trans",7,7,"yes","high","high","high","parents","yes","daily",38,"right","serious","no","1"
"264","call","9455706","rsl_list1","34","rsl","aligned","noncognate",1,2277.87199999997,1.49,2.14,1.64,"high","verb","different","telic","trans",7,7,"yes","high","high","high","other","yes","daily",31,"right","considerable","no","7"
"265","call","9482266","rsl_list1","17","rsl","aligned","noncognate",1,2480.04399996423,1.49,2.14,1.64,"high","verb","different","telic","trans",7,7,"yes","high","high","high","other","no","daily",35,"right","considerable","no","15"
"266","call","9587228","rsl_list1","29","rsl","aligned","noncognate",1,1666.54400000005,1.49,2.14,1.64,"high","verb","different","telic","trans",7,7,"yes","high","high","high","parents","yes","daily",61,"right","considerable","no","0"
"267","call","9473110","rsl_list1","36","rsl","aligned","noncognate",1,870.849999998522,1.49,2.14,1.64,"high","verb","different","telic","trans",7,7,"yes","high","high","high","other","yes","daily",36,"right","serious","yes","3.5"
"268","call","9458431","rsl_list2","46","rsl","nonaligned","noncognate",0,414.5300000477,1.49,2.14,1.64,"high","verb","different","telic","trans",7,7,"yes","high","high","high","parents","yes","daily",38,"right","serious","yes","0"
"269","call","9472740","rsl_list2","18","rsl","nonaligned","noncognate",1,3083.68899999998,1.49,2.14,1.64,"high","verb","different","telic","trans",7,7,"yes","high","high","high","other","yes","daily",24,"right","moderate","yes","7"
"270","call","9483913","rsl_list1","41","rsl","aligned","noncognate",1,1933.49400000006,1.49,2.14,1.64,"high","verb","different","telic","trans",7,7,"yes","high","high","high","parents","yes","daily",37,"right","considerable","yes","0"
"271","change","9472740","rsl_list2","15","rsl","nonaligned","cognate",1,1551.13099999403,2.22,2.03,0,"low","noun","near","inanimate","abstract",7,7,"yes","high","high","high","other","yes","daily",24,"right","moderate","yes","7"
"272","change","9483878","rsl_list1","22","rsl","aligned","cognate",1,1466.65999999997,2.22,2.03,0,"low","noun","near","inanimate","abstract",7,1,"yes","high","low","high","parents","yes","daily",42,"right","considerable","yes","0"
"273","change","9455706","rsl_list1","21","rsl","aligned","cognate",1,2439.59199999983,2.22,2.03,0,"low","noun","near","inanimate","abstract",7,7,"yes","high","high","high","other","yes","daily",31,"right","considerable","no","7"
"274","change","9537479","rsl_list2","2","rsl","nonaligned","cognate",0,2149.62,2.22,2.03,0,"low","noun","near","inanimate","abstract",7,5,"yes","high","low","high","parents","yes","daily",43,"right","serious","yes","0"
"275","change","9555631","rsl_list1","15","rsl","aligned","cognate",1,1825.467,2.22,2.03,0,"low","noun","near","inanimate","abstract",7,7,"yes","high","high","high","other","no","daily",33,"right","considerable","yes","28"
"276","change","9483913","rsl_list1","14","rsl","aligned","cognate",1,1522.35600000224,2.22,2.03,0,"low","noun","near","inanimate","abstract",7,7,"yes","high","high","high","parents","yes","daily",37,"right","considerable","yes","0"
"277","change","9482266","rsl_list1","1","rsl","aligned","cognate",1,2195.329,2.22,2.03,0,"low","noun","near","inanimate","abstract",7,7,"yes","high","high","high","other","no","daily",35,"right","considerable","no","15"
"278","change","9454567","rsl_list2","36","rsl","nonaligned","cognate",1,2384.46600000007,2.22,2.03,0,"low","noun","near","inanimate","abstract",7,4,"yes","high","low","high","school","yes","daily",38,"right","serious","yes","6"
"279","change","9587228","rsl_list1","43","rsl","aligned","cognate",1,1813.7400000015,2.22,2.03,0,"low","noun","near","inanimate","abstract",7,7,"yes","high","high","high","parents","yes","daily",61,"right","considerable","no","0"
"280","change","9555238","rsl_list2","29","rsl","nonaligned","cognate",1,1152.45200000599,2.22,2.03,0,"low","noun","near","inanimate","abstract",7,3,"yes","high","low","high","caregiver","no","daily",13,"right","mild","no","0"
"281","change","9541537","rsl_list1","12","rsl","aligned","cognate",1,381.241999999998,2.22,2.03,0,"low","noun","near","inanimate","abstract",7,7,"yes","high","high","high","parents","yes","daily",34,"right","moderate","yes","0"
"282","change","9377336","rsl_list2","13","rsl","nonaligned","cognate",0,2151.95799997615,2.22,2.03,0,"low","noun","near","inanimate","abstract",7,4,"yes","high","low","high","school","yes","daily",48,"right","serious","no","6.5"
"283","change","9492137","rsl_list1","10","rsl","aligned","cognate",1,1456.83900000018,2.22,2.03,0,"low","noun","near","inanimate","abstract",7,6,"yes","high","low","high","other","yes","daily",28,"right","moderate","no","3"
"284","change","9476391","rsl_list2","12","rsl","nonaligned","cognate",1,1736.87599999999,2.22,2.03,0,"low","noun","near","inanimate","abstract",7,7,"yes","high","high","high","parents","yes","daily",32,"right","serious","no","2"
"285","change","9473190","rsl_list2","1","rsl","nonaligned","cognate",0,4243.183,2.22,2.03,0,"low","noun","near","inanimate","abstract",7,4,"yes","high","low","high","school","yes","daily",49,"right","serious","no","7"
"286","change","9458431","rsl_list2","3","rsl","nonaligned","cognate",1,1861.50499995232,2.22,2.03,0,"low","noun","near","inanimate","abstract",7,7,"yes","high","high","high","parents","yes","daily",38,"right","serious","yes","0"
"287","change","9479813","rsl_list2","28","rsl","nonaligned","cognate",0,308.99500000148,2.22,2.03,0,"low","noun","near","inanimate","abstract",7,1,"yes","high","low","high","parents","yes","daily",35,"right","considerable","no","0"
"288","change","9685656","nsl_list2","42","nsl","aligned","cognate",0,2482.06899995229,2.22,2.03,0,"low","noun","near","inanimate","abstract",7,7,"yes","high","high","high","parents","yes","daily",48,"right","serious","yes","2"
"289","change","9481525","nsl_list1","21","nsl","nonaligned","cognate",1,2208.701,2.22,2.03,0,"low","noun","near","inanimate","abstract",7,3,"yes","high","low","high","caregiver","yes","daily",53,"right","serious","yes","48"
"290","change","9498014","rsl_list2","44","rsl","nonaligned","cognate",1,4851.45600001188,2.22,2.03,0,"low","noun","near","inanimate","abstract",7,6,"yes","high","low","high","other","no","daily",44,"right","considerable","no","16"
"291","change","9473110","rsl_list1","29","rsl","aligned","cognate",1,1064.48699999927,2.22,2.03,0,"low","noun","near","inanimate","abstract",7,6,"yes","high","low","high","other","yes","daily",36,"right","serious","yes","3.5"
"292","change","9473775","rsl_list2","21","rsl","nonaligned","cognate",1,1047.35999999999,2.22,2.03,0,"low","noun","near","inanimate","abstract",7,6,"yes","high","low","high","school","yes","daily",44,"right","considerable","no","7"
"293","change","9368241","nsl_list2","6","nsl","aligned","cognate",1,2484.04700000596,2.22,2.03,0,"low","noun","near","inanimate","abstract",7,6,"yes","high","high","high","other","yes","daily",37,"right","serious","yes","0.5"
"294","change","9489076","rsl_list2","40","rsl","nonaligned","cognate",1,760.402000000002,2.22,2.03,0,"low","noun","near","inanimate","abstract",7,4,"yes","high","low","high","parents","yes","daily",38,"right","serious","no","1"
"295","change","9454658","rsl_list1","19","rsl","aligned","cognate",1,872,2.22,2.03,0,"low","noun","near","inanimate","abstract",7,7,"yes","high","high","high","other","yes","daily",29,"right","serious","no","5"
"296","change","9476587","rsl_list2","31","rsl","nonaligned","cognate",1,1632,2.22,2.03,0,"low","noun","near","inanimate","abstract",7,7,"yes","high","high","high","school","yes","daily",25,"right","serious","yes","5"
"297","change","9503065","rsl_list1","21","rsl","aligned","cognate",1,4733.772,2.22,2.03,0,"low","noun","near","inanimate","abstract",7,6,"yes","high","low","high","parents","yes","daily",36,"right","considerable","yes","0"
"298","change","9476778","nsl_list1","26","nsl","nonaligned","cognate",0,5570.05399999995,2.22,2.03,0,"low","noun","near","inanimate","abstract",7,7,"yes","high","high","high","parents","yes","daily",46,"right","considerable","yes","0"
"299","change","9481529","nsl_list2","11","nsl","aligned","cognate",0,2239.98100002384,2.22,2.03,0,"low","noun","near","inanimate","abstract",7,7,"yes","high","high","high","other","yes","daily",43,"right","serious","no","3.5"
"300","change","9483072","nsl_list2","42","nsl","aligned","cognate",1,2614.62200000073,2.22,2.03,0,"low","noun","near","inanimate","abstract",7,7,"yes","high","high","high","school","no","daily",45,"left","serious","no","14"
"301","change","9696122","nsl_list1","48","nsl","nonaligned","cognate",0,681.721000000718,2.22,2.03,0,"low","noun","near","inanimate","abstract",4,4,"yes","low","low","high","parents","yes","daily",34,"right","serious","yes","1"
"302","change","9612157","nsl_list1","31","nsl","nonaligned","cognate",0,5517.58499996422,2.22,2.03,0,"low","noun","near","inanimate","abstract",7,1,"yes","high","low","high","school","yes","daily",28,"left","serious","yes","5"
"303","change","9462565","nsl_list1","37","nsl","nonaligned","cognate",1,1916,2.22,2.03,0,"low","noun","near","inanimate","abstract",7,2,"yes","high","low","high","parents","yes","daily",42,"right","serious","yes","0"
"304","change","9481563","nsl_list2","6","nsl","aligned","cognate",1,10547.0260000119,2.22,2.03,0,"low","noun","near","inanimate","abstract",7,2,"yes","high","low","high","parents","yes","daily",50,"right","serious","yes","1"
"305","change","9477400","nsl_list2","40","nsl","aligned","cognate",1,1599.52600009536,2.22,2.03,0,"low","noun","near","inanimate","abstract",7,5,"yes","high","low","high","other","yes","daily",44,"right","serious","yes","1"
"306","change","9498903","nsl_list1","22","nsl","nonaligned","cognate",0,2807.15900009536,2.22,2.03,0,"low","noun","near","inanimate","abstract",7,7,"yes","high","high","high","school","yes","daily",49,"right","serious","no","18"
"307","change","9482437","nsl_list1","9","nsl","nonaligned","cognate",0,1731,2.22,2.03,0,"low","noun","near","inanimate","abstract",4,4,"no","low","low","low","school","yes","daily",70,"right","serious","no","8"
"308","change","9477538","nsl_list2","34","nsl","aligned","cognate",1,3459.55599999998,2.22,2.03,0,"low","noun","near","inanimate","abstract",7,7,"yes","high","high","high","other","no","daily",37,"right","serious","yes","17"
"309","change","9477675","nsl_list2","25","nsl","aligned","cognate",1,3170.54700000002,2.22,2.03,0,"low","noun","near","inanimate","abstract",6,5,"yes","low","low","high","other","yes","daily",41,"right","serious","no","3"
"310","change","9647566","nsl_list1","29","nsl","nonaligned","cognate",0,7133.13500001194,2.22,2.03,0,"low","noun","near","inanimate","abstract",7,5,"yes","high","low","high","other","no","often",81,"right","serious","no","19"
"311","change","9631781","nsl_list1","2","nsl","nonaligned","cognate",0,18031,2.22,2.03,0,"low","noun","near","inanimate","abstract",7,7,"yes","high","high","high","other","no","often",81,"right","serious","no","19"
"312","change","9479027","nsl_list2","37","nsl","aligned","cognate",0,2922.62999999849,2.22,2.03,0,"low","noun","near","inanimate","abstract",6,3,"yes","low","low","high","parents","yes","daily",48,"right","serious","yes","1"
"313","change","9687063","nsl_list1","38","nsl","nonaligned","cognate",1,3275,2.22,2.03,0,"low","noun","near","inanimate","abstract",7,5,"yes","high","low","high","parents","no","daily",23,"right","serious","no","0"
"314","change","9479413","nsl_list1","5","nsl","nonaligned","cognate",0,4323.15899990463,2.22,2.03,0,"low","noun","near","inanimate","abstract",7,1,"yes","high","low","high","other","yes","daily",55,"right","serious","no","16"
"315","change","9493027","nsl_list2","46","nsl","aligned","cognate",0,1137.00299999979,2.22,2.03,0,"low","noun","near","inanimate","abstract",7,1,"yes","high","low","high","parents","yes","daily",31,"right","considerable","no","2"
"316","children","9483072","nsl_list2","24","nsl","nonaligned","cognate",1,1800.45899999997,2.76,-0.3,1.85,"high","noun","exact","animate","concrete",4,4,"yes","low","low","high","school","no","daily",45,"left","serious","no","14"
"317","children","9612157","nsl_list1","12","nsl","aligned","cognate",1,2324.11199997616,2.76,-0.3,1.85,"high","noun","exact","animate","concrete",7,4,"yes","high","low","high","school","yes","daily",28,"left","serious","yes","5"
"318","children","9481525","nsl_list1","42","nsl","aligned","cognate",1,490.607999988133,2.76,-0.3,1.85,"high","noun","exact","animate","concrete",7,7,"yes","high","high","high","caregiver","yes","daily",53,"right","serious","yes","48"
"319","children","9477675","nsl_list2","8","nsl","nonaligned","cognate",0,3956.86800002384,2.76,-0.3,1.85,"high","noun","exact","animate","concrete",6,6,"yes","low","high","high","other","yes","daily",41,"right","serious","no","3"
"320","children","9479027","nsl_list2","19","nsl","nonaligned","cognate",0,1299.43099999998,2.76,-0.3,1.85,"high","noun","exact","animate","concrete",5,4,"yes","low","low","high","parents","yes","daily",48,"right","serious","yes","1"
"321","children","9476778","nsl_list1","16","nsl","aligned","cognate",1,4832.10699999999,2.76,-0.3,1.85,"high","noun","exact","animate","concrete",7,5,"yes","high","low","high","parents","yes","daily",46,"right","considerable","yes","0"
"322","children","9481563","nsl_list2","22","nsl","nonaligned","cognate",1,4558.22000000894,2.76,-0.3,1.85,"high","noun","exact","animate","concrete",7,7,"yes","high","high","high","parents","yes","daily",50,"right","serious","yes","1"
"323","children","9455706","rsl_list1","45","rsl","nonaligned","cognate",0,3252.98499999999,2.76,-0.3,2.3,"high","noun","exact","animate","concrete",7,7,"yes","high","high","high","other","yes","daily",31,"right","considerable","no","7"
"324","children","9482437","nsl_list1","29","nsl","aligned","cognate",1,846,2.76,-0.3,1.85,"high","noun","exact","animate","concrete",7,7,"yes","high","high","high","school","yes","daily",70,"right","serious","no","8"
"325","children","9483878","rsl_list1","45","rsl","nonaligned","cognate",1,290.859999999986,2.76,-0.3,2.3,"high","noun","exact","animate","concrete",7,6,"yes","high","low","high","parents","yes","daily",42,"right","considerable","yes","0"
"326","children","9473775","rsl_list2","33","rsl","aligned","cognate",1,799.940000000061,2.76,-0.3,2.3,"high","noun","exact","animate","concrete",7,7,"yes","high","high","high","school","yes","daily",44,"right","considerable","no","7"
"327","children","9472740","rsl_list2","32","rsl","aligned","cognate",1,2170.16199999704,2.76,-0.3,2.3,"high","noun","exact","animate","concrete",7,7,"yes","high","high","high","other","yes","daily",24,"right","moderate","yes","7"
"328","children","9537479","rsl_list2","12","rsl","aligned","cognate",1,528,2.76,-0.3,2.3,"high","noun","exact","animate","concrete",7,7,"yes","high","high","high","parents","yes","daily",43,"right","serious","yes","0"
"329","children","9541537","rsl_list1","1","rsl","nonaligned","cognate",1,1580.674,2.76,-0.3,2.3,"high","noun","exact","animate","concrete",7,7,"yes","high","high","high","parents","yes","daily",34,"right","moderate","yes","0"
"330","children","9503065","rsl_list1","39","rsl","nonaligned","cognate",1,10455.83,2.76,-0.3,2.3,"high","noun","exact","animate","concrete",7,6,"yes","high","low","high","parents","yes","daily",36,"right","considerable","yes","0"
"331","children","9489076","rsl_list2","9","rsl","aligned","cognate",1,587.016999856947,2.76,-0.3,2.3,"high","noun","exact","animate","concrete",7,7,"yes","high","high","high","parents","yes","daily",38,"right","serious","no","1"
"332","children","9479413","nsl_list1","40","nsl","aligned","cognate",1,784.281999856932,2.76,-0.3,1.85,"high","noun","exact","animate","concrete",7,7,"yes","high","high","high","other","yes","daily",55,"right","serious","no","16"
"333","children","9481529","nsl_list2","7","nsl","nonaligned","cognate",1,2271.47899998807,2.76,-0.3,1.85,"high","noun","exact","animate","concrete",6,6,"yes","low","high","high","other","yes","daily",43,"right","serious","no","3.5"
"334","children","9631781","nsl_list1","39","nsl","aligned","cognate",0,30078.0000000005,2.76,-0.3,1.85,"high","noun","exact","animate","concrete",6,6,"yes","low","high","high","other","no","often",81,"right","serious","no","19"
"335","children","9587228","rsl_list1","38","rsl","nonaligned","cognate",1,1657.087,2.76,-0.3,2.3,"high","noun","exact","animate","concrete",7,7,"yes","high","high","high","parents","yes","daily",61,"right","considerable","no","0"
"336","children","9377336","rsl_list2","31","rsl","aligned","cognate",1,1924.58299999998,2.76,-0.3,2.3,"high","noun","exact","animate","concrete",7,7,"yes","high","high","high","school","yes","daily",48,"right","serious","no","6.5"
"337","children","9555238","rsl_list2","6","rsl","aligned","cognate",1,1947.59499999999,2.76,-0.3,2.3,"high","noun","exact","animate","concrete",7,4,"yes","high","low","high","caregiver","no","daily",13,"right","mild","no","0"
"338","children","9482266","rsl_list1","38","rsl","nonaligned","cognate",1,1212.29199998808,2.76,-0.3,2.3,"high","noun","exact","animate","concrete",7,7,"yes","high","high","high","other","no","daily",35,"right","considerable","no","15"
"339","children","9555631","rsl_list1","19","rsl","nonaligned","cognate",1,1874.05800000002,2.76,-0.3,2.3,"high","noun","exact","animate","concrete",7,7,"yes","high","high","high","other","no","daily",33,"right","considerable","yes","28"
"340","children","9454567","rsl_list2","38","rsl","aligned","cognate",1,310.880000000005,2.76,-0.3,2.3,"high","noun","exact","animate","concrete",7,7,"yes","high","high","high","school","yes","daily",38,"right","serious","yes","6"
"341","children","9458431","rsl_list2","14","rsl","aligned","cognate",1,508.808999856963,2.76,-0.3,2.3,"high","noun","exact","animate","concrete",7,6,"yes","high","low","high","parents","yes","daily",38,"right","serious","yes","0"
"342","children","9454658","rsl_list1","35","rsl","nonaligned","cognate",1,1170,2.76,-0.3,2.3,"high","noun","exact","animate","concrete",7,7,"yes","high","high","high","other","yes","daily",29,"right","serious","no","5"
"343","children","9473190","rsl_list2","14","rsl","aligned","cognate",1,2136.94500000146,2.76,-0.3,2.3,"high","noun","exact","animate","concrete",7,7,"yes","high","high","high","school","yes","daily",49,"right","serious","no","7"
"344","children","9477538","nsl_list2","3","nsl","nonaligned","cognate",0,1314.97499990463,2.76,-0.3,1.85,"high","noun","exact","animate","concrete",7,4,"yes","high","low","high","other","no","daily",37,"right","serious","yes","17"
"345","children","9647566","nsl_list1","43","nsl","aligned","cognate",1,1264.89500001189,2.76,-0.3,1.85,"high","noun","exact","animate","concrete",7,7,"yes","high","high","high","other","no","often",81,"right","serious","no","19"
"346","children","9476391","rsl_list2","47","rsl","aligned","cognate",0,4969.82599999988,2.76,-0.3,2.3,"high","noun","exact","animate","concrete",7,3,"yes","high","low","high","parents","yes","daily",32,"right","serious","no","2"
"347","children","9476587","rsl_list2","41","rsl","aligned","cognate",1,1086,2.76,-0.3,2.3,"high","noun","exact","animate","concrete",7,7,"yes","high","high","high","school","yes","daily",25,"right","serious","yes","5"
"348","children","9483913","rsl_list1","4","rsl","nonaligned","cognate",1,1778.34700000298,2.76,-0.3,2.3,"high","noun","exact","animate","concrete",7,7,"yes","high","high","high","parents","yes","daily",37,"right","considerable","yes","0"
"349","children","9492137","rsl_list1","1","rsl","nonaligned","cognate",0,3412.39100000019,2.76,-0.3,2.3,"high","noun","exact","animate","concrete",7,7,"yes","high","high","high","other","yes","daily",28,"right","moderate","no","3"
"350","children","9493027","nsl_list2","37","nsl","nonaligned","cognate",0,439.554999999644,2.76,-0.3,1.85,"high","noun","exact","animate","concrete",7,3,"yes","high","low","high","parents","yes","daily",31,"right","considerable","no","2"
"351","children","9477400","nsl_list2","27","nsl","nonaligned","cognate",1,963.797000095365,2.76,-0.3,1.85,"high","noun","exact","animate","concrete",7,4,"yes","high","low","high","other","yes","daily",44,"right","serious","yes","1"
"352","children","9696122","nsl_list1","19","nsl","aligned","cognate",0,1285.77800000223,2.76,-0.3,1.85,"high","noun","exact","animate","concrete",1,1,"no","low","low","low","parents","yes","daily",34,"right","serious","yes","1"
"353","children","9687063","nsl_list1","15","nsl","aligned","cognate",1,1172,2.76,-0.3,1.85,"high","noun","exact","animate","concrete",5,3,"yes","low","low","high","parents","no","daily",23,"right","serious","no","0"
"354","children","9462565","nsl_list1","40","nsl","aligned","cognate",1,697,2.76,-0.3,1.85,"high","noun","exact","animate","concrete",7,4,"yes","high","low","high","parents","yes","daily",42,"right","serious","yes","0"
"355","children","9685656","nsl_list2","8","nsl","nonaligned","cognate",1,1915.88400000001,2.76,-0.3,1.85,"high","noun","exact","animate","concrete",7,7,"yes","high","high","high","parents","yes","daily",48,"right","serious","yes","2"
"356","children","9368241","nsl_list2","22","nsl","nonaligned","cognate",1,1584.87700000298,2.76,-0.3,1.85,"high","noun","exact","animate","concrete",7,3,"yes","high","low","high","other","yes","daily",37,"right","serious","yes","0.5"
"357","children","9473110","rsl_list1","34","rsl","nonaligned","cognate",1,1283.397,2.76,-0.3,2.3,"high","noun","exact","animate","concrete",7,7,"yes","high","high","high","other","yes","daily",36,"right","serious","yes","3.5"
"358","children","9479813","rsl_list2","10","rsl","aligned","cognate",1,131.954999997019,2.76,-0.3,2.3,"high","noun","exact","animate","concrete",7,7,"yes","high","high","high","parents","yes","daily",35,"right","considerable","no","0"
"359","children","9498903","nsl_list1","42","nsl","aligned","cognate",1,3077.88199990464,2.76,-0.3,1.85,"high","noun","exact","animate","concrete",7,7,"yes","high","high","high","school","yes","daily",49,"right","serious","no","18"
"360","children","9498014","rsl_list2","37","rsl","aligned","cognate",1,3233.28000000597,2.76,-0.3,2.3,"high","noun","exact","animate","concrete",7,7,"yes","high","high","high","other","no","daily",44,"right","considerable","no","16"
"361","choose","9696122","nsl_list1","41","nsl","aligned","noncognate",1,624.271000002977,2.57,1.72,0,"low","verb","different","telic","trans",7,7,"yes","high","high","high","parents","yes","daily",34,"right","serious","yes","1"
"362","choose","9685656","nsl_list2","21","nsl","nonaligned","noncognate",1,833.43999995233,2.57,1.72,0,"low","verb","different","telic","trans",7,7,"yes","high","high","high","parents","yes","daily",48,"right","serious","yes","2"
"363","choose","9483072","nsl_list2","27","nsl","nonaligned","noncognate",1,1472.58299999923,2.57,1.72,0,"low","verb","different","telic","trans",7,7,"yes","high","high","high","school","no","daily",45,"left","serious","no","14"
"364","choose","9482437","nsl_list1","45","nsl","aligned","noncognate",1,615,2.57,1.72,0,"low","verb","different","telic","trans",7,7,"yes","high","high","high","school","yes","daily",70,"right","serious","no","8"
"365","choose","9481563","nsl_list2","34","nsl","nonaligned","noncognate",1,2566.50799999997,2.57,1.72,0,"low","verb","different","telic","trans",7,7,"yes","high","high","high","parents","yes","daily",50,"right","serious","yes","1"
"366","choose","9458431","rsl_list2","6","rsl","nonaligned","noncognate",1,685.672999999995,2.57,1.72,1,"high","verb","different","telic","trans",7,7,"yes","high","high","high","parents","yes","daily",38,"right","serious","yes","0"
"367","choose","9503065","rsl_list1","25","rsl","aligned","noncognate",1,1997.42599999998,2.57,1.72,1,"high","verb","different","telic","trans",7,7,"yes","high","high","high","parents","yes","daily",36,"right","considerable","yes","0"
"368","choose","9472740","rsl_list2","8","rsl","nonaligned","noncognate",1,864.394999991055,2.57,1.72,1,"high","verb","different","telic","trans",7,7,"yes","high","high","high","other","yes","daily",24,"right","moderate","yes","7"
"369","choose","9476391","rsl_list2","32","rsl","nonaligned","noncognate",1,4303.01099999994,2.57,1.72,1,"high","verb","different","telic","trans",7,7,"yes","high","high","high","parents","yes","daily",32,"right","serious","no","2"
"370","choose","9483878","rsl_list1","9","rsl","aligned","noncognate",1,1233.35999999999,2.57,1.72,1,"high","verb","different","telic","trans",7,4,"yes","high","low","high","parents","yes","daily",42,"right","considerable","yes","0"
"371","choose","9455706","rsl_list1","13","rsl","aligned","noncognate",1,1694.3579999998,2.57,1.72,1,"high","verb","different","telic","trans",7,7,"yes","high","high","high","other","yes","daily",31,"right","considerable","no","7"
"372","choose","9483913","rsl_list1","42","rsl","aligned","noncognate",1,1265.97999999998,2.57,1.72,1,"high","verb","different","telic","trans",7,7,"yes","high","high","high","parents","yes","daily",37,"right","considerable","yes","0"
"373","choose","9477675","nsl_list2","6","nsl","nonaligned","noncognate",0,2416.99000000001,2.57,1.72,0,"low","verb","different","telic","trans",7,7,"yes","high","high","high","other","yes","daily",41,"right","serious","no","3"
"374","choose","9498014","rsl_list2","16","rsl","nonaligned","noncognate",1,3066.9650000119,2.57,1.72,1,"high","verb","different","telic","trans",7,6,"yes","high","low","high","other","no","daily",44,"right","considerable","no","16"
"375","choose","9489076","rsl_list2","10","rsl","nonaligned","noncognate",1,361.283999904626,2.57,1.72,1,"high","verb","different","telic","trans",7,7,"yes","high","high","high","parents","yes","daily",38,"right","serious","no","1"
"376","choose","9479413","nsl_list1","8","nsl","aligned","noncognate",1,3934.77399990463,2.57,1.72,0,"low","verb","different","telic","trans",7,7,"yes","high","high","high","other","yes","daily",55,"right","serious","no","16"
"377","choose","9587228","rsl_list1","30","rsl","aligned","noncognate",1,1544.57500000001,2.57,1.72,1,"high","verb","different","telic","trans",7,7,"yes","high","high","high","parents","yes","daily",61,"right","considerable","no","0"
"378","choose","9537479","rsl_list2","35","rsl","nonaligned","noncognate",1,1006.56,2.57,1.72,1,"high","verb","different","telic","trans",7,4,"yes","high","low","high","parents","yes","daily",43,"right","serious","yes","0"
"379","choose","9477400","nsl_list2","23","nsl","nonaligned","noncognate",1,795.613999952329,2.57,1.72,0,"low","verb","different","telic","trans",7,6,"yes","high","high","high","other","yes","daily",44,"right","serious","yes","1"
"380","choose","9493027","nsl_list2","32","nsl","nonaligned","noncognate",0,1193.64499999926,2.57,1.72,0,"low","verb","different","telic","trans",7,5,"yes","high","low","high","parents","yes","daily",31,"right","considerable","no","2"
"381","choose","9687063","nsl_list1","28","nsl","aligned","noncognate",1,1447,2.57,1.72,0,"low","verb","different","telic","trans",7,7,"yes","high","high","high","parents","no","daily",23,"right","serious","no","0"
"382","choose","9612157","nsl_list1","41","nsl","aligned","noncognate",1,181.85299998807,2.57,1.72,0,"low","verb","different","telic","trans",7,7,"yes","high","high","high","school","yes","daily",28,"left","serious","yes","5"
"383","choose","9462565","nsl_list1","17","nsl","aligned","noncognate",1,698,2.57,1.72,0,"low","verb","different","telic","trans",7,1,"yes","high","low","high","parents","yes","daily",42,"right","serious","yes","0"
"384","choose","9479027","nsl_list2","27","nsl","nonaligned","noncognate",0,2597.88399999775,2.57,1.72,0,"low","verb","different","telic","trans",7,7,"yes","high","high","high","parents","yes","daily",48,"right","serious","yes","1"
"385","choose","9454567","rsl_list2","3","rsl","nonaligned","noncognate",1,1376.20300000005,2.57,1.72,1,"high","verb","different","telic","trans",7,7,"no","high","high","low","school","yes","daily",38,"right","serious","yes","6"
"386","choose","9482266","rsl_list1","30","rsl","aligned","noncognate",1,1424.065,2.57,1.72,1,"high","verb","different","telic","trans",7,7,"yes","high","high","high","other","no","daily",35,"right","considerable","no","15"
"387","choose","9377336","rsl_list2","14","rsl","nonaligned","noncognate",1,1258.90599998808,2.57,1.72,1,"high","verb","different","telic","trans",7,7,"yes","high","high","high","school","yes","daily",48,"right","serious","no","6.5"
"388","choose","9631781","nsl_list1","23","nsl","aligned","noncognate",1,1002617,2.57,1.72,0,"low","verb","different","telic","trans",7,7,"yes","high","high","high","other","no","often",81,"right","serious","no","19"
"389","choose","9473775","rsl_list2","2","rsl","nonaligned","noncognate",1,1644.74000000001,2.57,1.72,1,"high","verb","different","telic","trans",7,7,"yes","high","high","high","school","yes","daily",44,"right","considerable","no","7"
"390","choose","9476587","rsl_list2","10","rsl","nonaligned","noncognate",1,1228,2.57,1.72,1,"high","verb","different","telic","trans",7,7,"yes","high","high","high","school","yes","daily",25,"right","serious","yes","5"
"391","choose","9492137","rsl_list1","38","rsl","aligned","noncognate",1,683.476000000024,2.57,1.72,1,"high","verb","different","telic","trans",7,7,"yes","high","high","high","other","yes","daily",28,"right","moderate","no","3"
"392","choose","9473110","rsl_list1","16","rsl","aligned","noncognate",1,4720.99599999777,2.57,1.72,1,"high","verb","different","telic","trans",7,6,"yes","high","low","high","other","yes","daily",36,"right","serious","yes","3.5"
"393","choose","9647566","nsl_list1","2","nsl","aligned","noncognate",1,1561.12600000596,2.57,1.72,0,"low","verb","different","telic","trans",7,7,"yes","high","high","high","other","no","often",81,"right","serious","no","19"
"394","choose","9481525","nsl_list1","27","nsl","aligned","noncognate",1,1027.4809999821,2.57,1.72,0,"low","verb","different","telic","trans",7,4,"yes","high","low","high","caregiver","yes","daily",53,"right","serious","yes","48"
"395","choose","9555238","rsl_list2","22","rsl","nonaligned","noncognate",1,991.898000005982,2.57,1.72,1,"high","verb","different","telic","trans",7,6,"yes","high","low","high","caregiver","no","daily",13,"right","mild","no","0"
"396","choose","9555631","rsl_list1","46","rsl","aligned","noncognate",1,733.835999994073,2.57,1.72,1,"high","verb","different","telic","trans",7,7,"yes","high","high","high","other","no","daily",33,"right","considerable","yes","28"
"397","choose","9473190","rsl_list2","41","rsl","nonaligned","noncognate",1,1116.43099999998,2.57,1.72,1,"high","verb","different","telic","trans",7,7,"yes","high","high","high","school","yes","daily",49,"right","serious","no","7"
"398","choose","9479813","rsl_list2","17","rsl","nonaligned","noncognate",1,382.85799999701,2.57,1.72,1,"high","verb","different","telic","trans",7,7,"yes","high","high","high","parents","yes","daily",35,"right","considerable","no","0"
"399","choose","9454658","rsl_list1","7","rsl","aligned","noncognate",1,1763,2.57,1.72,1,"high","verb","different","telic","trans",7,7,"yes","high","high","high","other","yes","daily",29,"right","serious","no","5"
"400","choose","9477538","nsl_list2","23","nsl","nonaligned","noncognate",1,1328.46100009535,2.57,1.72,0,"low","verb","different","telic","trans",7,7,"yes","high","high","high","other","no","daily",37,"right","serious","yes","17"
"401","choose","9498903","nsl_list1","18","nsl","aligned","noncognate",1,701.805000286113,2.57,1.72,0,"low","verb","different","telic","trans",7,7,"yes","high","high","high","school","yes","daily",49,"right","serious","no","18"
"402","choose","9476778","nsl_list1","27","nsl","aligned","noncognate",1,1227.46900000598,2.57,1.72,0,"low","verb","different","telic","trans",7,7,"yes","high","high","high","parents","yes","daily",46,"right","considerable","yes","0"
"403","choose","9368241","nsl_list2","46","nsl","nonaligned","noncognate",1,1275.81899999699,2.57,1.72,0,"low","verb","different","telic","trans",7,5,"yes","high","low","high","other","yes","daily",37,"right","serious","yes","0.5"
"404","choose","9481529","nsl_list2","6","nsl","nonaligned","noncognate",1,4676.94999997616,2.57,1.72,0,"low","verb","different","telic","trans",7,7,"yes","high","high","high","other","yes","daily",43,"right","serious","no","3.5"
"405","choose","9541537","rsl_list1","39","rsl","aligned","noncognate",1,637.706000001519,2.57,1.72,1,"high","verb","different","telic","trans",7,7,"yes","high","high","high","parents","yes","daily",34,"right","moderate","yes","0"
"406","cigar","9685656","nsl_list2","4","nsl","nonaligned","cognate",1,1004.27299990464,0.66,1.54,0.3,"low","noun","exact","inanimate","concrete",7,7,"yes","high","high","high","parents","yes","daily",48,"right","serious","yes","2"
"407","cigar","9377336","rsl_list2","20","rsl","aligned","cognate",1,943.971999988076,0.66,1.54,0,"low","noun","exact","inanimate","concrete",7,7,"yes","high","high","high","school","yes","daily",48,"right","serious","no","6.5"
"408","cigar","9482266","rsl_list1","6","rsl","nonaligned","cognate",1,1674.59399998808,0.66,1.54,0,"low","noun","exact","inanimate","concrete",7,7,"yes","high","high","high","other","no","daily",35,"right","considerable","no","15"
"409","cigar","9483913","rsl_list1","35","rsl","nonaligned","cognate",1,1604.23300000298,0.66,1.54,0,"low","noun","exact","inanimate","concrete",7,7,"no","high","high","low","parents","yes","daily",37,"right","considerable","yes","0"
"410","cigar","9479813","rsl_list2","35","rsl","aligned","cognate",1,176.372999996995,0.66,1.54,0,"low","noun","exact","inanimate","concrete",7,7,"yes","high","high","high","parents","yes","daily",35,"right","considerable","no","0"
"411","cigar","9492137","rsl_list1","8","rsl","nonaligned","cognate",1,754.53600000056,0.66,1.54,0,"low","noun","exact","inanimate","concrete",7,7,"no","high","high","low","other","yes","daily",28,"right","moderate","no","3"
"412","cigar","9473110","rsl_list1","21","rsl","nonaligned","cognate",1,898.336999999243,0.66,1.54,0,"low","noun","exact","inanimate","concrete",7,6,"no","high","low","low","other","yes","daily",36,"right","serious","yes","3.5"
"413","cigar","9587228","rsl_list1","3","rsl","nonaligned","cognate",1,1516.139,0.66,1.54,0,"low","noun","exact","inanimate","concrete",7,7,"yes","high","high","high","parents","yes","daily",61,"right","considerable","no","0"
"414","cigar","9489076","rsl_list2","42","rsl","aligned","cognate",1,577.611999809276,0.66,1.54,0,"low","noun","exact","inanimate","concrete",7,7,"yes","high","high","high","parents","yes","daily",38,"right","serious","no","1"
"415","cigar","9454658","rsl_list1","23","rsl","nonaligned","cognate",1,702.000000000058,0.66,1.54,0,"low","noun","exact","inanimate","concrete",7,7,"yes","high","high","high","other","yes","daily",29,"right","serious","no","5"
"416","cigar","9612157","nsl_list1","39","nsl","aligned","cognate",1,321.952000011923,0.66,1.54,0.3,"low","noun","exact","inanimate","concrete",7,7,"yes","high","high","high","school","yes","daily",28,"left","serious","yes","5"
"417","cigar","9482437","nsl_list1","4","nsl","aligned","cognate",1,692,0.66,1.54,0.3,"low","noun","exact","inanimate","concrete",7,7,"yes","high","high","high","school","yes","daily",70,"right","serious","no","8"
"418","cigar","9477675","nsl_list2","21","nsl","nonaligned","cognate",1,1073.37800002383,0.66,1.54,0.3,"low","noun","exact","inanimate","concrete",7,7,"yes","high","high","high","other","yes","daily",41,"right","serious","no","3"
"419","cigar","9479413","nsl_list1","34","nsl","aligned","cognate",1,774.104999904637,0.66,1.54,0.3,"low","noun","exact","inanimate","concrete",7,7,"yes","high","high","high","other","yes","daily",55,"right","serious","no","16"
"420","cigar","9631781","nsl_list1","26","nsl","aligned","cognate",1,15894,0.66,1.54,0.3,"low","noun","exact","inanimate","concrete",7,7,"yes","high","high","high","other","no","often",81,"right","serious","no","19"
"421","cigar","9687063","nsl_list1","6","nsl","aligned","cognate",1,1342,0.66,1.54,0.3,"low","noun","exact","inanimate","concrete",7,6,"yes","high","high","high","parents","no","daily",23,"right","serious","no","0"
"422","cigar","9476778","nsl_list1","10","nsl","aligned","cognate",1,1345.63999999403,0.66,1.54,0.3,"low","noun","exact","inanimate","concrete",7,7,"yes","high","high","high","parents","yes","daily",46,"right","considerable","yes","0"
"423","cigar","9481529","nsl_list2","3","nsl","nonaligned","cognate",1,2346.511,0.66,1.54,0.3,"low","noun","exact","inanimate","concrete",7,7,"yes","high","high","high","other","yes","daily",43,"right","serious","no","3.5"
"424","cigar","9477538","nsl_list2","28","nsl","nonaligned","cognate",1,1038.70099990466,0.66,1.54,0.3,"low","noun","exact","inanimate","concrete",7,7,"yes","high","high","high","other","no","daily",37,"right","serious","yes","17"
"425","cigar","9503065","rsl_list1","23","rsl","nonaligned","cognate",1,1964.68899999777,0.66,1.54,0,"low","noun","exact","inanimate","concrete",7,6,"yes","high","low","high","parents","yes","daily",36,"right","considerable","yes","0"
"426","cigar","9541537","rsl_list1","38","rsl","nonaligned","cognate",1,350.067000001494,0.66,1.54,0,"low","noun","exact","inanimate","concrete",7,7,"yes","high","high","high","parents","yes","daily",34,"right","moderate","yes","0"
"427","cigar","9458431","rsl_list2","2","rsl","aligned","cognate",1,1535.953,0.66,1.54,0,"low","noun","exact","inanimate","concrete",7,5,"no","high","low","low","parents","yes","daily",38,"right","serious","yes","0"
"428","cigar","9476391","rsl_list2","41","rsl","aligned","cognate",1,1402.86199999996,0.66,1.54,0,"low","noun","exact","inanimate","concrete",7,7,"no","high","high","low","parents","yes","daily",32,"right","serious","no","2"
"429","cigar","9476587","rsl_list2","11","rsl","aligned","cognate",1,1354,0.66,1.54,0,"low","noun","exact","inanimate","concrete",7,7,"yes","high","high","high","school","yes","daily",25,"right","serious","yes","5"
"430","cigar","9472740","rsl_list2","27","rsl","aligned","cognate",1,1873.81199999107,0.66,1.54,0,"low","noun","exact","inanimate","concrete",7,7,"no","high","high","low","other","yes","daily",24,"right","moderate","yes","7"
"431","cigar","9483878","rsl_list1","46","rsl","nonaligned","cognate",1,121.359999999986,0.66,1.54,0,"low","noun","exact","inanimate","concrete",7,7,"yes","high","high","high","parents","yes","daily",42,"right","considerable","yes","0"
"432","cigar","9473775","rsl_list2","17","rsl","aligned","cognate",1,633.220000000088,0.66,1.54,0,"low","noun","exact","inanimate","concrete",7,7,"yes","high","high","high","school","yes","daily",44,"right","considerable","no","7"
"433","cigar","9555238","rsl_list2","14","rsl","aligned","cognate",0,3215.85299998807,0.66,1.54,0,"low","noun","exact","inanimate","concrete",2,4,"no","low","low","low","caregiver","no","daily",13,"right","mild","no","0"
"434","cigar","9696122","nsl_list1","36","nsl","aligned","cognate",1,194.167000001471,0.66,1.54,0.3,"low","noun","exact","inanimate","concrete",7,4,"yes","high","low","high","parents","yes","daily",34,"right","serious","yes","1"
"435","cigar","9647566","nsl_list1","45","nsl","aligned","cognate",1,783.740000005986,0.66,1.54,0.3,"low","noun","exact","inanimate","concrete",7,7,"yes","high","high","high","other","no","often",81,"right","serious","no","19"
"436","cigar","9483072","nsl_list2","46","nsl","nonaligned","cognate",1,1341.93899999926,0.66,1.54,0.3,"low","noun","exact","inanimate","concrete",7,7,"yes","high","high","high","school","no","daily",45,"left","serious","no","14"
"437","cigar","9462565","nsl_list1","2","nsl","aligned","cognate",1,1015,0.66,1.54,0.3,"low","noun","exact","inanimate","concrete",7,3,"yes","high","low","high","parents","yes","daily",42,"right","serious","yes","0"
"438","cigar","9481563","nsl_list2","33","nsl","nonaligned","cognate",1,1004.73200000596,0.66,1.54,0.3,"low","noun","exact","inanimate","concrete",7,7,"yes","high","high","high","parents","yes","daily",50,"right","serious","yes","1"
"439","cigar","9493027","nsl_list2","35","nsl","nonaligned","cognate",0,3109.71600000001,0.66,1.54,0.3,"low","noun","exact","inanimate","concrete",7,6,"yes","high","high","high","parents","yes","daily",31,"right","considerable","no","2"
"440","cigar","9481525","nsl_list1","35","nsl","aligned","cognate",1,873.015000000014,0.66,1.54,0.3,"low","noun","exact","inanimate","concrete",7,7,"yes","high","high","high","caregiver","yes","daily",53,"right","serious","yes","48"
"441","cigar","9479027","nsl_list2","31","nsl","nonaligned","cognate",1,3566.11600000004,0.66,1.54,0.3,"low","noun","exact","inanimate","concrete",7,7,"yes","high","high","high","parents","yes","daily",48,"right","serious","yes","1"
"442","cigar","9368241","nsl_list2","42","nsl","nonaligned","cognate",1,1439.79299999704,0.66,1.54,0.3,"low","noun","exact","inanimate","concrete",7,6,"yes","high","high","high","other","yes","daily",37,"right","serious","yes","0.5"
"443","cigar","9473190","rsl_list2","32","rsl","aligned","cognate",1,919.175000005984,0.66,1.54,0,"low","noun","exact","inanimate","concrete",7,7,"yes","high","high","high","school","yes","daily",49,"right","serious","no","7"
"444","cigar","9498014","rsl_list2","45","rsl","aligned","cognate",1,1321.00500001188,0.66,1.54,0,"low","noun","exact","inanimate","concrete",5,7,"no","low","high","low","other","no","daily",44,"right","considerable","no","16"
"445","cigar","9455706","rsl_list1","32","rsl","nonaligned","cognate",1,1180.36299999926,0.66,1.54,0,"low","noun","exact","inanimate","concrete",7,7,"yes","high","high","high","other","yes","daily",31,"right","considerable","no","7"
"446","cigar","9537479","rsl_list2","17","rsl","aligned","cognate",1,433.380000000005,0.66,1.54,0,"low","noun","exact","inanimate","concrete",7,7,"yes","high","high","high","parents","yes","daily",43,"right","serious","yes","0"
"447","cigar","9454567","rsl_list2","24","rsl","aligned","cognate",1,491.540000000095,0.66,1.54,0,"low","noun","exact","inanimate","concrete",7,6,"no","high","low","low","school","yes","daily",38,"right","serious","yes","6"
"448","cigar","9555631","rsl_list1","34","rsl","nonaligned","cognate",1,646.296000005968,0.66,1.54,0,"low","noun","exact","inanimate","concrete",7,7,"yes","high","high","high","other","no","daily",33,"right","considerable","yes","28"
"449","cigar","9477400","nsl_list2","44","nsl","nonaligned","cognate",1,565.296000095375,0.66,1.54,0.3,"low","noun","exact","inanimate","concrete",7,6,"yes","high","high","high","other","yes","daily",44,"right","serious","yes","1"
"450","cigar","9498903","nsl_list1","3","nsl","aligned","cognate",1,1491.45599990463,0.66,1.54,0.3,"low","noun","exact","inanimate","concrete",7,7,"yes","high","high","high","school","yes","daily",49,"right","serious","no","18"
"451","coffee","9503065","rsl_list1","16","rsl","nonaligned","cognate",1,2728.95100000076,1.59,1.69,0,"low","noun","exact","inanimate","concrete",7,6,"yes","high","low","high","parents","yes","daily",36,"right","considerable","yes","0"
"452","coffee","9631781","nsl_list1","35","nsl","aligned","cognate",1,2127,1.59,1.69,0.69,"low","noun","exact","inanimate","concrete",7,7,"yes","high","high","high","other","no","often",81,"right","serious","no","19"
"453","coffee","9541537","rsl_list1","6","rsl","nonaligned","cognate",1,783.099000002985,1.59,1.69,0,"low","noun","exact","inanimate","concrete",7,7,"yes","high","high","high","parents","yes","daily",34,"right","moderate","yes","0"
"454","coffee","9476391","rsl_list2","21","rsl","aligned","cognate",1,1240.97400000002,1.59,1.69,0,"low","noun","exact","inanimate","concrete",7,7,"yes","high","high","high","parents","yes","daily",32,"right","serious","no","2"
"455","coffee","9479027","nsl_list2","43","nsl","nonaligned","cognate",1,865.741000000038,1.59,1.69,0.69,"low","noun","exact","inanimate","concrete",7,5,"yes","high","low","high","parents","yes","daily",48,"right","serious","yes","1"
"456","coffee","9482437","nsl_list1","24","nsl","aligned","cognate",1,609,1.59,1.69,0.69,"low","noun","exact","inanimate","concrete",7,7,"yes","high","high","high","school","yes","daily",70,"right","serious","no","8"
"457","coffee","9476778","nsl_list1","7","nsl","aligned","cognate",1,1195.40500000597,1.59,1.69,0.69,"low","noun","exact","inanimate","concrete",7,7,"yes","high","high","high","parents","yes","daily",46,"right","considerable","yes","0"
"458","coffee","9696122","nsl_list1","28","nsl","aligned","cognate",0,676.577000002231,1.59,1.69,0.69,"low","noun","exact","inanimate","concrete",1,1,"no","low","low","low","parents","yes","daily",34,"right","serious","yes","1"
"459","coffee","9612157","nsl_list1","35","nsl","aligned","cognate",1,379.317999988096,1.59,1.69,0.69,"low","noun","exact","inanimate","concrete",7,7,"yes","high","high","high","school","yes","daily",28,"left","serious","yes","5"
"460","coffee","9493027","nsl_list2","33","nsl","nonaligned","cognate",1,2286.97899999982,1.59,1.69,0.69,"low","noun","exact","inanimate","concrete",7,3,"yes","high","low","high","parents","yes","daily",31,"right","considerable","no","2"
"461","coffee","9477675","nsl_list2","2","nsl","nonaligned","cognate",1,1273.73,1.59,1.69,0.69,"low","noun","exact","inanimate","concrete",7,5,"yes","high","low","high","other","yes","daily",41,"right","serious","no","3"
"462","coffee","9685656","nsl_list2","12","nsl","nonaligned","cognate",1,1204.40299997616,1.59,1.69,0.69,"low","noun","exact","inanimate","concrete",7,7,"yes","high","high","high","parents","yes","daily",48,"right","serious","yes","2"
"463","coffee","9687063","nsl_list1","8","nsl","aligned","cognate",1,2103,1.59,1.69,0.69,"low","noun","exact","inanimate","concrete",7,5,"yes","high","low","high","parents","no","daily",23,"right","serious","no","0"
"464","coffee","9477400","nsl_list2","46","nsl","nonaligned","cognate",1,199.553999952332,1.59,1.69,0.69,"low","noun","exact","inanimate","concrete",6,5,"yes","low","low","high","other","yes","daily",44,"right","serious","yes","1"
"465","coffee","9368241","nsl_list2","12","nsl","nonaligned","cognate",1,926.105999997031,1.59,1.69,0.69,"low","noun","exact","inanimate","concrete",7,5,"yes","high","low","high","other","yes","daily",37,"right","serious","yes","0.5"
"466","coffee","9481525","nsl_list1","40","nsl","aligned","cognate",1,842.379000000015,1.59,1.69,0.69,"low","noun","exact","inanimate","concrete",7,6,"yes","high","high","high","caregiver","yes","daily",53,"right","serious","yes","48"
"467","coffee","9498903","nsl_list1","2","nsl","aligned","cognate",1,3305.9060002861,1.59,1.69,0.69,"low","noun","exact","inanimate","concrete",7,7,"yes","high","high","high","school","yes","daily",49,"right","serious","no","18"
"468","coffee","9647566","nsl_list1","30","nsl","aligned","cognate",1,906.570000017877,1.59,1.69,0.69,"low","noun","exact","inanimate","concrete",7,7,"yes","high","high","high","other","no","often",81,"right","serious","no","19"
"469","coffee","9481563","nsl_list2","18","nsl","nonaligned","cognate",1,1664.05000001192,1.59,1.69,0.69,"low","noun","exact","inanimate","concrete",7,7,"yes","high","high","high","parents","yes","daily",50,"right","serious","yes","1"
"470","coffee","9483072","nsl_list2","3","nsl","nonaligned","cognate",1,1071.77299999851,1.59,1.69,0.69,"low","noun","exact","inanimate","concrete",7,7,"yes","high","high","high","school","no","daily",45,"left","serious","no","14"
"471","coffee","9481529","nsl_list2","35","nsl","nonaligned","cognate",1,487.770000000019,1.59,1.69,0.69,"low","noun","exact","inanimate","concrete",7,7,"yes","high","high","high","other","yes","daily",43,"right","serious","no","3.5"
"472","coffee","9479413","nsl_list1","12","nsl","aligned","cognate",1,804.880999999994,1.59,1.69,0.69,"low","noun","exact","inanimate","concrete",7,7,"yes","high","high","high","other","yes","daily",55,"right","serious","no","16"
"473","coffee","9555238","rsl_list2","48","rsl","aligned","cognate",1,897.865999999805,1.59,1.69,0,"low","noun","exact","inanimate","concrete",5,3,"no","low","low","low","caregiver","no","daily",13,"right","mild","no","0"
"474","coffee","9455706","rsl_list1","48","rsl","nonaligned","cognate",1,2064.00199999963,1.59,1.69,0,"low","noun","exact","inanimate","concrete",7,7,"yes","high","high","high","other","yes","daily",31,"right","considerable","no","7"
"475","coffee","9492137","rsl_list1","11","rsl","nonaligned","cognate",1,605.75400000019,1.59,1.69,0,"low","noun","exact","inanimate","concrete",7,7,"yes","high","high","high","other","yes","daily",28,"right","moderate","no","3"
"476","coffee","9476587","rsl_list2","20","rsl","aligned","cognate",1,1155,1.59,1.69,0,"low","noun","exact","inanimate","concrete",7,7,"yes","high","high","high","school","yes","daily",25,"right","serious","yes","5"
"477","coffee","9454567","rsl_list2","31","rsl","aligned","cognate",1,541.14499999996,1.59,1.69,0,"low","noun","exact","inanimate","concrete",7,7,"no","high","high","low","school","yes","daily",38,"right","serious","yes","6"
"478","coffee","9482266","rsl_list1","12","rsl","nonaligned","cognate",1,1812.19599997616,1.59,1.69,0,"low","noun","exact","inanimate","concrete",7,7,"yes","high","high","high","other","no","daily",35,"right","considerable","no","15"
"479","coffee","9483913","rsl_list1","28","rsl","nonaligned","cognate",1,1359.05699999997,1.59,1.69,0,"low","noun","exact","inanimate","concrete",7,7,"yes","high","high","high","parents","yes","daily",37,"right","considerable","yes","0"
"480","coffee","9537479","rsl_list2","31","rsl","aligned","cognate",1,726.919999999984,1.59,1.69,0,"low","noun","exact","inanimate","concrete",7,7,"yes","high","high","high","parents","yes","daily",43,"right","serious","yes","0"
"481","coffee","9458431","rsl_list2","39","rsl","aligned","cognate",1,984.777999856975,1.59,1.69,0,"low","noun","exact","inanimate","concrete",7,4,"no","high","low","low","parents","yes","daily",38,"right","serious","yes","0"
"482","coffee","9489076","rsl_list2","45","rsl","aligned","cognate",1,421.783999856969,1.59,1.69,0,"low","noun","exact","inanimate","concrete",7,7,"yes","high","high","high","parents","yes","daily",38,"right","serious","no","1"
"483","coffee","9477538","nsl_list2","16","nsl","nonaligned","cognate",1,1092.01099995233,1.59,1.69,0.69,"low","noun","exact","inanimate","concrete",7,6,"yes","high","high","high","other","no","daily",37,"right","serious","yes","17"
"484","coffee","9462565","nsl_list1","24","nsl","aligned","cognate",1,749,1.59,1.69,0.69,"low","noun","exact","inanimate","concrete",7,1,"yes","high","low","high","parents","yes","daily",42,"right","serious","yes","0"
"485","coffee","9454658","rsl_list1","41","rsl","nonaligned","cognate",1,646,1.59,1.69,0,"low","noun","exact","inanimate","concrete",7,4,"yes","high","low","high","other","yes","daily",29,"right","serious","no","5"
"486","coffee","9472740","rsl_list2","42","rsl","aligned","cognate",1,2177.66999999998,1.59,1.69,0,"low","noun","exact","inanimate","concrete",7,7,"yes","high","high","high","other","yes","daily",24,"right","moderate","yes","7"
"487","coffee","9473775","rsl_list2","24","rsl","aligned","cognate",1,2483.38000000006,1.59,1.69,0,"low","noun","exact","inanimate","concrete",7,7,"yes","high","high","high","school","yes","daily",44,"right","considerable","no","7"
"488","coffee","9377336","rsl_list2","11","rsl","aligned","cognate",1,946.97899995232,1.59,1.69,0,"low","noun","exact","inanimate","concrete",7,7,"yes","high","high","high","school","yes","daily",48,"right","serious","no","6.5"
"489","coffee","9587228","rsl_list1","31","rsl","nonaligned","cognate",1,1359.90600000077,1.59,1.69,0,"low","noun","exact","inanimate","concrete",7,7,"yes","high","high","high","parents","yes","daily",61,"right","considerable","no","0"
"490","coffee","9473110","rsl_list1","24","rsl","nonaligned","cognate",1,777.768999998516,1.59,1.69,0,"low","noun","exact","inanimate","concrete",7,5,"yes","high","low","high","other","yes","daily",36,"right","serious","yes","3.5"
"491","coffee","9483878","rsl_list1","16","rsl","nonaligned","cognate",1,578.059999999998,1.59,1.69,0,"low","noun","exact","inanimate","concrete",7,5,"yes","high","low","high","parents","yes","daily",42,"right","considerable","yes","0"
"492","coffee","9473190","rsl_list2","19","rsl","aligned","cognate",1,1241.66800000001,1.59,1.69,0,"low","noun","exact","inanimate","concrete",7,7,"yes","high","high","high","school","yes","daily",49,"right","serious","no","7"
"493","coffee","9479813","rsl_list2","20","rsl","aligned","cognate",1,426.905999998504,1.59,1.69,0,"low","noun","exact","inanimate","concrete",7,7,"yes","high","high","high","parents","yes","daily",35,"right","considerable","no","0"
"494","coffee","9555631","rsl_list1","33","rsl","nonaligned","cognate",1,1229.07099998806,1.59,1.69,0,"low","noun","exact","inanimate","concrete",7,7,"yes","high","high","high","other","no","daily",33,"right","considerable","yes","28"
"495","coffee","9498014","rsl_list2","8","rsl","aligned","cognate",1,2131.05300000595,1.59,1.69,0,"low","noun","exact","inanimate","concrete",7,7,"yes","high","high","high","other","no","daily",44,"right","considerable","no","16"
"496","color","9477538","nsl_list2","11","nsl","nonaligned","noncognate",0,1326.34200009536,1.96,2.12,0.84,"low","noun","different","inanimate","abstract",7,7,"yes","high","high","high","other","no","daily",37,"right","serious","yes","17"
"497","color","9481529","nsl_list2","5","nsl","nonaligned","noncognate",0,1727.58299997616,1.96,2.12,0.84,"low","noun","different","inanimate","abstract",7,5,"no","high","low","low","other","yes","daily",43,"right","serious","no","3.5"
"498","color","9481563","nsl_list2","29","nsl","nonaligned","noncognate",0,8955.05400001194,1.96,2.12,0.84,"low","noun","different","inanimate","abstract",7,7,"yes","high","high","high","parents","yes","daily",50,"right","serious","yes","1"
"499","color","9631781","nsl_list1","18","nsl","aligned","noncognate",1,8454,1.96,2.12,0.84,"low","noun","different","inanimate","abstract",7,7,"yes","high","high","high","other","no","often",81,"right","serious","no","19"
"500","color","9612157","nsl_list1","38","nsl","aligned","noncognate",1,811.545999964233,1.96,2.12,0.84,"low","noun","different","inanimate","abstract",7,7,"yes","high","high","high","school","yes","daily",28,"left","serious","yes","5"
"501","color","9481525","nsl_list1","3","nsl","aligned","noncognate",1,1318.47199999404,1.96,2.12,0.84,"low","noun","different","inanimate","abstract",7,7,"yes","high","high","high","caregiver","yes","daily",53,"right","serious","yes","48"
"502","color","9479027","nsl_list2","7","nsl","nonaligned","noncognate",0,1999.099,1.96,2.12,0.84,"low","noun","different","inanimate","abstract",7,2,"yes","high","low","high","parents","yes","daily",48,"right","serious","yes","1"
"503","color","9687063","nsl_list1","14","nsl","aligned","noncognate",1,3677,1.96,2.12,0.84,"low","noun","different","inanimate","abstract",7,2,"yes","high","low","high","parents","no","daily",23,"right","serious","no","0"
"504","color","9479413","nsl_list1","9","nsl","aligned","noncognate",0,23099.6959999523,1.96,2.12,0.84,"low","noun","different","inanimate","abstract",7,7,"yes","high","high","high","other","yes","daily",55,"right","serious","no","16"
"505","color","9482437","nsl_list1","14","nsl","aligned","noncognate",0,1081,1.96,2.12,0.84,"low","noun","different","inanimate","abstract",7,7,"yes","high","high","high","school","yes","daily",70,"right","serious","no","8"
"506","color","9696122","nsl_list1","24","nsl","aligned","noncognate",0,1037.51600000297,1.96,2.12,0.84,"low","noun","different","inanimate","abstract",1,1,"no","low","low","low","parents","yes","daily",34,"right","serious","yes","1"
"507","color","9498903","nsl_list1","48","nsl","aligned","noncognate",1,3499.27900028613,1.96,2.12,0.84,"low","noun","different","inanimate","abstract",7,7,"yes","high","high","high","school","yes","daily",49,"right","serious","no","18"
"508","color","9477675","nsl_list2","3","nsl","nonaligned","noncognate",0,2983.095,1.96,2.12,0.84,"low","noun","different","inanimate","abstract",6,7,"yes","low","high","high","other","yes","daily",41,"right","serious","no","3"
"509","color","9476778","nsl_list1","45","nsl","aligned","noncognate",1,712.948999982094,1.96,2.12,0.84,"low","noun","different","inanimate","abstract",7,7,"no","high","high","low","parents","yes","daily",46,"right","considerable","yes","0"
"510","color","9685656","nsl_list2","29","nsl","nonaligned","noncognate",0,832.656999976141,1.96,2.12,0.84,"low","noun","different","inanimate","abstract",7,7,"yes","high","high","high","parents","yes","daily",48,"right","serious","yes","2"
"511","color","9493027","nsl_list2","14","nsl","nonaligned","noncognate",0,553.428999999436,1.96,2.12,0.84,"low","noun","different","inanimate","abstract",7,7,"yes","high","high","high","parents","yes","daily",31,"right","considerable","no","2"
"512","color","9647566","nsl_list1","33","nsl","aligned","noncognate",1,934.359999999986,1.96,2.12,0.84,"low","noun","different","inanimate","abstract",7,7,"yes","high","high","high","other","no","often",81,"right","serious","no","19"
"513","color","9455706","rsl_list1","47","rsl","aligned","noncognate",0,2226.89699999942,1.96,2.12,0.47,"low","noun","different","inanimate","abstract",6,1,"yes","low","low","high","other","yes","daily",31,"right","considerable","no","7"
"514","color","9476587","rsl_list2","8","rsl","nonaligned","noncognate",0,1298,1.96,2.12,0.47,"low","noun","different","inanimate","abstract",7,1,"yes","high","low","high","school","yes","daily",25,"right","serious","yes","5"
"515","color","9473110","rsl_list1","44","rsl","aligned","noncognate",0,1065.32200000074,1.96,2.12,0.47,"low","noun","different","inanimate","abstract",7,1,"yes","high","low","high","other","yes","daily",36,"right","serious","yes","3.5"
"516","color","9498014","rsl_list2","42","rsl","nonaligned","noncognate",1,4728.50500001188,1.96,2.12,0.47,"low","noun","different","inanimate","abstract",6,2,"yes","low","low","high","other","no","daily",44,"right","considerable","no","16"
"517","color","9587228","rsl_list1","11","rsl","aligned","noncognate",0,2413.92300000149,1.96,2.12,0.47,"low","noun","different","inanimate","abstract",1,1,"no","low","low","low","parents","yes","daily",61,"right","considerable","no","0"
"518","color","9541537","rsl_list1","32","rsl","aligned","noncognate",0,1035.63100000296,1.96,2.12,0.47,"low","noun","different","inanimate","abstract",7,1,"yes","high","low","high","parents","yes","daily",34,"right","moderate","yes","0"
"519","color","9458431","rsl_list2","40","rsl","nonaligned","noncognate",1,955.238999952329,1.96,2.12,0.47,"low","noun","different","inanimate","abstract",7,1,"yes","high","low","high","parents","yes","daily",38,"right","serious","yes","0"
"520","color","9477400","nsl_list2","47","nsl","nonaligned","noncognate",0,370.225999952294,1.96,2.12,0.84,"low","noun","different","inanimate","abstract",7,6,"yes","high","high","high","other","yes","daily",44,"right","serious","yes","1"
"521","color","9462565","nsl_list1","28","nsl","aligned","noncognate",1,932,1.96,2.12,0.84,"low","noun","different","inanimate","abstract",7,3,"yes","high","low","high","parents","yes","daily",42,"right","serious","yes","0"
"522","color","9503065","rsl_list1","26","rsl","aligned","noncognate",0,1414.01599999925,1.96,2.12,0.47,"low","noun","different","inanimate","abstract",7,1,"yes","high","low","high","parents","yes","daily",36,"right","considerable","yes","0"
"523","color","9483072","nsl_list2","44","nsl","nonaligned","noncognate",0,2737.51400000002,1.96,2.12,0.84,"low","noun","different","inanimate","abstract",7,7,"yes","high","high","high","school","no","daily",45,"left","serious","no","14"
"524","color","9368241","nsl_list2","41","nsl","nonaligned","noncognate",0,2205.97300000896,1.96,2.12,0.84,"low","noun","different","inanimate","abstract",7,4,"yes","high","low","high","other","yes","daily",37,"right","serious","yes","0.5"
"525","color","9473190","rsl_list2","9","rsl","nonaligned","noncognate",0,1499.696,1.96,2.12,0.47,"low","noun","different","inanimate","abstract",7,1,"yes","high","low","high","school","yes","daily",49,"right","serious","no","7"
"526","color","9472740","rsl_list2","31","rsl","nonaligned","noncognate",0,1866.96399999107,1.96,2.12,0.47,"low","noun","different","inanimate","abstract",7,1,"yes","high","low","high","other","yes","daily",24,"right","moderate","yes","7"
"527","color","9555238","rsl_list2","26","rsl","nonaligned","noncognate",0,1501.31599998806,1.96,2.12,0.47,"low","noun","different","inanimate","abstract",2,4,"no","low","low","low","caregiver","no","daily",13,"right","mild","no","0"
"528","color","9476391","rsl_list2","36","rsl","nonaligned","noncognate",1,6542.94000000012,1.96,2.12,0.47,"low","noun","different","inanimate","abstract",7,1,"yes","high","low","high","parents","yes","daily",32,"right","serious","no","2"
"529","color","9555631","rsl_list1","1","rsl","aligned","noncognate",1,2496.86799999999,1.96,2.12,0.47,"low","noun","different","inanimate","abstract",7,1,"yes","high","low","high","other","no","daily",33,"right","considerable","yes","28"
"530","color","9479813","rsl_list2","16","rsl","nonaligned","noncognate",0,780.060999997018,1.96,2.12,0.47,"low","noun","different","inanimate","abstract",7,1,"yes","high","low","high","parents","yes","daily",35,"right","considerable","no","0"
"531","color","9489076","rsl_list2","34","rsl","nonaligned","noncognate",0,1280.6169999523,1.96,2.12,0.47,"low","noun","different","inanimate","abstract",7,1,"yes","high","low","high","parents","yes","daily",38,"right","serious","no","1"
"532","color","9377336","rsl_list2","12","rsl","nonaligned","noncognate",0,4756.88899995232,1.96,2.12,0.47,"low","noun","different","inanimate","abstract",7,1,"yes","high","low","high","school","yes","daily",48,"right","serious","no","6.5"
"533","color","9473775","rsl_list2","13","rsl","nonaligned","noncognate",1,12525.04,1.96,2.12,0.47,"low","noun","different","inanimate","abstract",7,1,"yes","high","low","high","school","yes","daily",44,"right","considerable","no","7"
"534","color","9482266","rsl_list1","8","rsl","aligned","noncognate",0,2262.497,1.96,2.12,0.47,"low","noun","different","inanimate","abstract",7,1,"yes","high","low","high","other","no","daily",35,"right","considerable","no","15"
"535","color","9454658","rsl_list1","17","rsl","aligned","noncognate",0,1014,1.96,2.12,0.47,"low","noun","different","inanimate","abstract",7,1,"yes","high","low","high","other","yes","daily",29,"right","serious","no","5"
"536","color","9492137","rsl_list1","27","rsl","aligned","noncognate",0,1504.68599999999,1.96,2.12,0.47,"low","noun","different","inanimate","abstract",7,1,"yes","high","low","high","other","yes","daily",28,"right","moderate","no","3"
"537","color","9483913","rsl_list1","7","rsl","aligned","noncognate",0,1627.64300000074,1.96,2.12,0.47,"low","noun","different","inanimate","abstract",7,1,"yes","high","low","high","parents","yes","daily",37,"right","considerable","yes","0"
"538","color","9483878","rsl_list1","12","rsl","aligned","noncognate",0,1258.17999999999,1.96,2.12,0.47,"low","noun","different","inanimate","abstract",7,1,"yes","high","low","high","parents","yes","daily",42,"right","considerable","yes","0"
"539","color","9537479","rsl_list2","37","rsl","nonaligned","noncognate",1,1108.94,1.96,2.12,0.47,"low","noun","different","inanimate","abstract",5,1,"no","low","low","low","parents","yes","daily",43,"right","serious","yes","0"
"540","color","9454567","rsl_list2","29","rsl","nonaligned","noncognate",0,1551.92800000001,1.96,2.12,0.47,"low","noun","different","inanimate","abstract",7,1,"yes","high","low","high","school","yes","daily",38,"right","serious","yes","6"
"541","come","9454658","rsl_list1","27","rsl","aligned","noncognate",1,1604,3.27,2.76,2.17,"high","verb","different","atelic","intrans",7,7,"yes","high","high","high","other","yes","daily",29,"right","serious","no","5"
"542","come","9479813","rsl_list2","45","rsl","nonaligned","noncognate",1,939.752999996999,3.27,2.76,2.17,"high","verb","different","atelic","intrans",7,3,"yes","high","low","high","parents","yes","daily",35,"right","considerable","no","0"
"543","come","9587228","rsl_list1","12","rsl","aligned","noncognate",1,2065.56299999999,3.27,2.76,2.17,"high","verb","different","atelic","intrans",7,7,"yes","high","high","high","parents","yes","daily",61,"right","considerable","no","0"
"544","come","9541537","rsl_list1","41","rsl","aligned","noncognate",1,685.617000004451,3.27,2.76,2.17,"high","verb","different","atelic","intrans",7,7,"yes","high","high","high","parents","yes","daily",34,"right","moderate","yes","0"
"545","come","9454567","rsl_list2","17","rsl","nonaligned","noncognate",0,7225.11600000004,3.27,2.76,2.17,"high","verb","different","atelic","intrans",7,1,"yes","high","low","high","school","yes","daily",38,"right","serious","yes","6"
"546","come","9476391","rsl_list2","8","rsl","nonaligned","noncognate",0,5096.74700000005,3.27,2.76,2.17,"high","verb","different","atelic","intrans",7,7,"yes","high","high","high","parents","yes","daily",32,"right","serious","no","2"
"547","come","9483913","rsl_list1","21","rsl","aligned","noncognate",0,1290.80100000149,3.27,2.76,2.17,"high","verb","different","atelic","intrans",7,7,"yes","high","high","high","parents","yes","daily",37,"right","considerable","yes","0"
"548","come","9555631","rsl_list1","3","rsl","aligned","noncognate",1,1711.03300000596,3.27,2.76,2.17,"high","verb","different","atelic","intrans",7,7,"yes","high","high","high","other","no","daily",33,"right","considerable","yes","28"
"549","come","9477538","nsl_list2","13","nsl","nonaligned","noncognate",0,1825.65500009537,3.27,2.76,1.59,"high","verb","different","atelic","intrans",7,7,"yes","high","high","high","other","no","daily",37,"right","serious","yes","17"
"550","come","9368241","nsl_list2","8","nsl","nonaligned","noncognate",0,1799.13400000894,3.27,2.76,1.59,"high","verb","different","atelic","intrans",7,7,"yes","high","high","high","other","yes","daily",37,"right","serious","yes","0.5"
"551","come","9696122","nsl_list1","34","nsl","aligned","noncognate",1,64.4540000022389,3.27,2.76,1.59,"high","verb","different","atelic","intrans",7,7,"yes","high","high","high","parents","yes","daily",34,"right","serious","yes","1"
"552","come","9477400","nsl_list2","42","nsl","nonaligned","noncognate",1,2913.74799999996,3.27,2.76,1.59,"high","verb","different","atelic","intrans",7,6,"yes","high","high","high","other","yes","daily",44,"right","serious","yes","1"
"553","come","9479413","nsl_list1","25","nsl","aligned","noncognate",1,634.555000047694,3.27,2.76,1.59,"high","verb","different","atelic","intrans",7,3,"yes","high","low","high","other","yes","daily",55,"right","serious","no","16"
"554","come","9481525","nsl_list1","38","nsl","aligned","noncognate",1,1672.68299998809,3.27,2.76,1.59,"high","verb","different","atelic","intrans",7,7,"yes","high","high","high","caregiver","yes","daily",53,"right","serious","yes","48"
"555","come","9481529","nsl_list2","30","nsl","nonaligned","noncognate",1,6147.14600000001,3.27,2.76,1.59,"high","verb","different","atelic","intrans",7,7,"yes","high","high","high","other","yes","daily",43,"right","serious","no","3.5"
"556","come","9473775","rsl_list2","25","rsl","nonaligned","noncognate",0,1195.09999999998,3.27,2.76,2.17,"high","verb","different","atelic","intrans",7,3,"yes","high","low","high","school","yes","daily",44,"right","considerable","no","7"
"557","come","9498014","rsl_list2","32","rsl","nonaligned","noncognate",1,4708.90999999404,3.27,2.76,2.17,"high","verb","different","atelic","intrans",7,6,"yes","high","low","high","other","no","daily",44,"right","considerable","no","16"
"558","come","9473110","rsl_list1","6","rsl","aligned","noncognate",1,3064.92299999925,3.27,2.76,2.17,"high","verb","different","atelic","intrans",7,6,"yes","high","low","high","other","yes","daily",36,"right","serious","yes","3.5"
"559","come","9687063","nsl_list1","7","nsl","aligned","noncognate",1,899,3.27,2.76,1.59,"high","verb","different","atelic","intrans",7,7,"yes","high","high","high","parents","no","daily",23,"right","serious","no","0"
"560","come","9482266","rsl_list1","46","rsl","aligned","noncognate",1,1103.69299996423,3.27,2.76,2.17,"high","verb","different","atelic","intrans",7,7,"yes","high","high","high","other","no","daily",35,"right","considerable","no","15"
"561","come","9483878","rsl_list1","29","rsl","aligned","noncognate",1,769.880000000005,3.27,2.76,2.17,"high","verb","different","atelic","intrans",7,4,"yes","high","low","high","parents","yes","daily",42,"right","considerable","yes","0"
"562","come","9493027","nsl_list2","10","nsl","nonaligned","noncognate",0,508.512000000002,3.27,2.76,1.59,"high","verb","different","atelic","intrans",7,7,"yes","high","high","high","parents","yes","daily",31,"right","considerable","no","2"
"563","come","9555238","rsl_list2","25","rsl","nonaligned","noncognate",0,1097.48999999999,3.27,2.76,2.17,"high","verb","different","atelic","intrans",7,4,"yes","high","low","high","caregiver","no","daily",13,"right","mild","no","0"
"564","come","9472740","rsl_list2","2","rsl","nonaligned","noncognate",1,1656.22199999702,3.27,2.76,2.17,"high","verb","different","atelic","intrans",7,4,"yes","high","low","high","other","yes","daily",24,"right","moderate","yes","7"
"565","come","9476587","rsl_list2","22","rsl","nonaligned","noncognate",0,1981,3.27,2.76,2.17,"high","verb","different","atelic","intrans",7,7,"yes","high","high","high","school","yes","daily",25,"right","serious","yes","5"
"566","come","9473190","rsl_list2","46","rsl","nonaligned","noncognate",0,6830.092000006,3.27,2.76,2.17,"high","verb","different","atelic","intrans",7,3,"yes","high","low","high","school","yes","daily",49,"right","serious","no","7"
"567","come","9455706","rsl_list1","12","rsl","aligned","noncognate",1,2526.29499999963,3.27,2.76,2.17,"high","verb","different","atelic","intrans",7,7,"yes","high","high","high","other","yes","daily",31,"right","considerable","no","7"
"568","come","9458431","rsl_list2","48","rsl","nonaligned","noncognate",0,944.940999856975,3.27,2.76,2.17,"high","verb","different","atelic","intrans",7,4,"yes","high","low","high","parents","yes","daily",38,"right","serious","yes","0"
"569","come","9482437","nsl_list1","40","nsl","aligned","noncognate",1,516,3.27,2.76,1.59,"high","verb","different","atelic","intrans",7,6,"yes","high","high","high","school","yes","daily",70,"right","serious","no","8"
"570","come","9685656","nsl_list2","43","nsl","nonaligned","noncognate",0,1059.25199995231,3.27,2.76,1.59,"high","verb","different","atelic","intrans",7,7,"yes","high","high","high","parents","yes","daily",48,"right","serious","yes","2"
"571","come","9647566","nsl_list1","21","nsl","aligned","noncognate",1,1823.90700000597,3.27,2.76,1.59,"high","verb","different","atelic","intrans",7,7,"yes","high","high","high","other","no","often",81,"right","serious","no","19"
"572","come","9476778","nsl_list1","12","nsl","aligned","noncognate",1,1866.75999998808,3.27,2.76,1.59,"high","verb","different","atelic","intrans",7,7,"yes","high","high","high","parents","yes","daily",46,"right","considerable","yes","0"
"573","come","9483072","nsl_list2","10","nsl","nonaligned","noncognate",1,1901.60799999925,3.27,2.76,1.59,"high","verb","different","atelic","intrans",7,7,"yes","high","high","high","school","no","daily",45,"left","serious","no","14"
"574","come","9481563","nsl_list2","3","nsl","nonaligned","noncognate",1,10948.108000006,3.27,2.76,1.59,"high","verb","different","atelic","intrans",7,7,"yes","high","high","high","parents","yes","daily",50,"right","serious","yes","1"
"575","come","9612157","nsl_list1","3","nsl","aligned","noncognate",1,758.006999999998,3.27,2.76,1.59,"high","verb","different","atelic","intrans",7,7,"yes","high","high","high","school","yes","daily",28,"left","serious","yes","5"
"576","come","9631781","nsl_list1","21","nsl","aligned","noncognate",0,5008.00000000012,3.27,2.76,1.59,"high","verb","different","atelic","intrans",7,7,"yes","high","high","high","other","no","often",81,"right","serious","no","19"
"577","come","9462565","nsl_list1","3","nsl","aligned","noncognate",1,733,3.27,2.76,1.59,"high","verb","different","atelic","intrans",7,7,"yes","high","high","high","parents","yes","daily",42,"right","serious","yes","0"
"578","come","9479027","nsl_list2","45","nsl","nonaligned","noncognate",0,1549.69299999997,3.27,2.76,1.59,"high","verb","different","atelic","intrans",7,7,"yes","high","high","high","parents","yes","daily",48,"right","serious","yes","1"
"579","come","9477675","nsl_list2","4","nsl","nonaligned","noncognate",0,1742.50900001192,3.27,2.76,1.59,"high","verb","different","atelic","intrans",6,6,"no","low","high","low","other","yes","daily",41,"right","serious","no","3"
"580","come","9492137","rsl_list1","31","rsl","aligned","noncognate",1,1353.26400000002,3.27,2.76,2.17,"high","verb","different","atelic","intrans",7,7,"yes","high","high","high","other","yes","daily",28,"right","moderate","no","3"
"581","come","9498903","nsl_list1","32","nsl","aligned","noncognate",1,694.092000286095,3.27,2.76,1.59,"high","verb","different","atelic","intrans",7,7,"yes","high","high","high","school","yes","daily",49,"right","serious","no","18"
"582","come","9503065","rsl_list1","10","rsl","aligned","noncognate",1,1510.243,3.27,2.76,2.17,"high","verb","different","atelic","intrans",7,7,"yes","high","high","high","parents","yes","daily",36,"right","considerable","yes","0"
"583","come","9489076","rsl_list2","21","rsl","nonaligned","noncognate",1,2687.83199999999,3.27,2.76,2.17,"high","verb","different","atelic","intrans",7,7,"yes","high","high","high","parents","yes","daily",38,"right","serious","no","1"
"584","come","9537479","rsl_list2","6","rsl","nonaligned","noncognate",0,1277.12,3.27,2.76,2.17,"high","verb","different","atelic","intrans",7,3,"yes","high","low","high","parents","yes","daily",43,"right","serious","yes","0"
"585","come","9377336","rsl_list2","42","rsl","nonaligned","noncognate",0,6584.55299996422,3.27,2.76,2.17,"high","verb","different","atelic","intrans",7,1,"yes","high","low","high","school","yes","daily",48,"right","serious","no","6.5"
"586","cry","9481563","nsl_list2","46","nsl","nonaligned","cognate",1,1052.59400000295,1.28,2.11,0.3,"low","verb","near","atelic","intrans",7,7,"yes","high","high","high","parents","yes","daily",50,"right","serious","yes","1"
"587","cry","9481529","nsl_list2","39","nsl","nonaligned","cognate",0,5397.60799998807,1.28,2.11,0.3,"low","verb","near","atelic","intrans",7,7,"yes","high","high","high","other","yes","daily",43,"right","serious","no","3.5"
"588","cry","9477400","nsl_list2","32","nsl","nonaligned","cognate",1,505.582000095339,1.28,2.11,0.3,"low","verb","near","atelic","intrans",7,7,"yes","high","high","high","other","yes","daily",44,"right","serious","yes","1"
"589","cry","9481525","nsl_list1","19","nsl","aligned","cognate",1,2058.25899998212,1.28,2.11,0.3,"low","verb","near","atelic","intrans",7,7,"yes","high","high","high","caregiver","yes","daily",53,"right","serious","yes","48"
"590","cry","9687063","nsl_list1","35","nsl","aligned","cognate",1,963,1.28,2.11,0.3,"low","verb","near","atelic","intrans",7,7,"yes","high","high","high","parents","no","daily",23,"right","serious","no","0"
"591","cry","9647566","nsl_list1","26","nsl","aligned","cognate",1,580.629000000015,1.28,2.11,0.3,"low","verb","near","atelic","intrans",7,7,"yes","high","high","high","other","no","often",81,"right","serious","no","19"
"592","cry","9479413","nsl_list1","42","nsl","aligned","cognate",1,607.937000047707,1.28,2.11,0.3,"low","verb","near","atelic","intrans",7,7,"yes","high","high","high","other","yes","daily",55,"right","serious","no","16"
"593","cry","9473775","rsl_list2","46","rsl","aligned","cognate",1,555.520000000019,1.28,2.11,1.17,"high","verb","near","atelic","intrans",7,7,"yes","high","high","high","school","yes","daily",44,"right","considerable","no","7"
"594","cry","9482266","rsl_list1","48","rsl","nonaligned","cognate",1,811.361999999965,1.28,2.11,1.17,"high","verb","near","atelic","intrans",7,7,"yes","high","high","high","other","no","daily",35,"right","considerable","no","15"
"595","cry","9454567","rsl_list2","2","rsl","aligned","cognate",1,516.55899999995,1.28,2.11,1.17,"high","verb","near","atelic","intrans",7,7,"yes","high","high","high","school","yes","daily",38,"right","serious","yes","6"
"596","cry","9541537","rsl_list1","10","rsl","nonaligned","cognate",1,975.641000001488,1.28,2.11,1.17,"high","verb","near","atelic","intrans",7,7,"yes","high","high","high","parents","yes","daily",34,"right","moderate","yes","0"
"597","cry","9498014","rsl_list2","39","rsl","aligned","cognate",1,1188.63000001188,1.28,2.11,1.17,"high","verb","near","atelic","intrans",7,7,"yes","high","high","high","other","no","daily",44,"right","considerable","no","16"
"598","cry","9473190","rsl_list2","47","rsl","aligned","cognate",1,548.523000005982,1.28,2.11,1.17,"high","verb","near","atelic","intrans",7,7,"yes","high","high","high","school","yes","daily",49,"right","serious","no","7"
"599","cry","9555238","rsl_list2","7","rsl","aligned","cognate",1,920.484000005963,1.28,2.11,1.17,"high","verb","near","atelic","intrans",7,7,"yes","high","high","high","caregiver","no","daily",13,"right","mild","no","0"
"600","cry","9483913","rsl_list1","1","rsl","nonaligned","cognate",1,1647.45,1.28,2.11,1.17,"high","verb","near","atelic","intrans",7,7,"yes","high","high","high","parents","yes","daily",37,"right","considerable","yes","0"
"601","cry","9472740","rsl_list2","40","rsl","aligned","cognate",1,1607.91199999105,1.28,2.11,1.17,"high","verb","near","atelic","intrans",7,7,"yes","high","high","high","other","yes","daily",24,"right","moderate","yes","7"
"602","cry","9479813","rsl_list2","7","rsl","aligned","cognate",1,207.604999997013,1.28,2.11,1.17,"high","verb","near","atelic","intrans",7,7,"yes","high","high","high","parents","yes","daily",35,"right","considerable","no","0"
"603","cry","9454658","rsl_list1","20","rsl","nonaligned","cognate",1,540,1.28,2.11,1.17,"high","verb","near","atelic","intrans",7,7,"yes","high","high","high","other","yes","daily",29,"right","serious","no","5"
"604","cry","9476391","rsl_list2","46","rsl","aligned","cognate",1,1116.74700000009,1.28,2.11,1.17,"high","verb","near","atelic","intrans",7,7,"yes","high","high","high","parents","yes","daily",32,"right","serious","no","2"
"605","cry","9492137","rsl_list1","42","rsl","nonaligned","cognate",1,509.558000000194,1.28,2.11,1.17,"high","verb","near","atelic","intrans",7,7,"yes","high","high","high","other","yes","daily",28,"right","moderate","no","3"
"606","cry","9455706","rsl_list1","30","rsl","nonaligned","cognate",1,1283.02099999983,1.28,2.11,1.17,"high","verb","near","atelic","intrans",7,7,"yes","high","high","high","other","yes","daily",31,"right","considerable","no","7"
"607","cry","9377336","rsl_list2","3","rsl","aligned","cognate",1,1143.66499999999,1.28,2.11,1.17,"high","verb","near","atelic","intrans",7,7,"yes","high","high","high","school","yes","daily",48,"right","serious","no","6.5"
"608","cry","9503065","rsl_list1","32","rsl","nonaligned","cognate",0,4767.15499999997,1.28,2.11,1.17,"high","verb","near","atelic","intrans",7,7,"yes","high","high","high","parents","yes","daily",36,"right","considerable","yes","0"
"609","cry","9458431","rsl_list2","16","rsl","aligned","cognate",1,425.383000047674,1.28,2.11,1.17,"high","verb","near","atelic","intrans",7,7,"yes","high","high","high","parents","yes","daily",38,"right","serious","yes","0"
"610","cry","9489076","rsl_list2","35","rsl","aligned","cognate",1,252.01699995232,1.28,2.11,1.17,"high","verb","near","atelic","intrans",7,7,"yes","high","high","high","parents","yes","daily",38,"right","serious","no","1"
"611","cry","9587228","rsl_list1","2","rsl","nonaligned","cognate",1,1354.32400000223,1.28,2.11,1.17,"high","verb","near","atelic","intrans",7,7,"yes","high","high","high","parents","yes","daily",61,"right","considerable","no","0"
"612","cry","9476587","rsl_list2","43","rsl","aligned","cognate",1,754,1.28,2.11,1.17,"high","verb","near","atelic","intrans",7,7,"yes","high","high","high","school","yes","daily",25,"right","serious","yes","5"
"613","cry","9696122","nsl_list1","44","nsl","aligned","cognate",1,-31.1529999992345,1.28,2.11,0.3,"low","verb","near","atelic","intrans",7,7,"yes","high","high","high","parents","yes","daily",34,"right","serious","yes","1"
"614","cry","9462565","nsl_list1","42","nsl","aligned","cognate",1,430,1.28,2.11,0.3,"low","verb","near","atelic","intrans",7,7,"yes","high","high","high","parents","yes","daily",42,"right","serious","yes","0"
"615","cry","9483878","rsl_list1","36","rsl","nonaligned","cognate",1,93.460000000021,1.28,2.11,1.17,"high","verb","near","atelic","intrans",7,7,"yes","high","high","high","parents","yes","daily",42,"right","considerable","yes","0"
"616","cry","9473110","rsl_list1","5","rsl","nonaligned","cognate",1,2717.202,1.28,2.11,1.17,"high","verb","near","atelic","intrans",7,7,"yes","high","high","high","other","yes","daily",36,"right","serious","yes","3.5"
"617","cry","9537479","rsl_list2","47","rsl","aligned","cognate",1,274.179999999993,1.28,2.11,1.17,"high","verb","near","atelic","intrans",7,7,"yes","high","high","high","parents","yes","daily",43,"right","serious","yes","0"
"618","cry","9555631","rsl_list1","16","rsl","nonaligned","cognate",1,700.711000005947,1.28,2.11,1.17,"high","verb","near","atelic","intrans",7,7,"yes","high","high","high","other","no","daily",33,"right","considerable","yes","28"
"619","cry","9482437","nsl_list1","2","nsl","aligned","cognate",1,819,1.28,2.11,0.3,"low","verb","near","atelic","intrans",7,7,"yes","high","high","high","school","yes","daily",70,"right","serious","no","8"
"620","cry","9477675","nsl_list2","14","nsl","nonaligned","cognate",1,782.063000017894,1.28,2.11,0.3,"low","verb","near","atelic","intrans",7,7,"yes","high","high","high","other","yes","daily",41,"right","serious","no","3"
"621","cry","9685656","nsl_list2","38","nsl","nonaligned","cognate",1,4865.337,1.28,2.11,0.3,"low","verb","near","atelic","intrans",7,7,"yes","high","high","high","parents","yes","daily",48,"right","serious","yes","2"
"622","cry","9479027","nsl_list2","41","nsl","nonaligned","cognate",0,2056.54999999778,1.28,2.11,0.3,"low","verb","near","atelic","intrans",7,7,"yes","high","high","high","parents","yes","daily",48,"right","serious","yes","1"
"623","cry","9476778","nsl_list1","19","nsl","aligned","cognate",1,426.222000000009,1.28,2.11,0.3,"low","verb","near","atelic","intrans",7,7,"yes","high","high","high","parents","yes","daily",46,"right","considerable","yes","0"
"624","cry","9612157","nsl_list1","33","nsl","aligned","cognate",1,176.355999988096,1.28,2.11,0.3,"low","verb","near","atelic","intrans",7,7,"yes","high","high","high","school","yes","daily",28,"left","serious","yes","5"
"625","cry","9498903","nsl_list1","6","nsl","aligned","cognate",1,941.448000095363,1.28,2.11,0.3,"low","verb","near","atelic","intrans",7,7,"yes","high","high","high","school","yes","daily",49,"right","serious","no","18"
"626","cry","9483072","nsl_list2","19","nsl","nonaligned","cognate",0,1251.79300000001,1.28,2.11,0.3,"low","verb","near","atelic","intrans",7,7,"yes","high","high","high","school","no","daily",45,"left","serious","no","14"
"627","cry","9368241","nsl_list2","18","nsl","nonaligned","cognate",1,1650.10900000299,1.28,2.11,0.3,"low","verb","near","atelic","intrans",7,6,"yes","high","high","high","other","yes","daily",37,"right","serious","yes","0.5"
"628","cry","9477538","nsl_list2","44","nsl","nonaligned","cognate",1,1313.48299990461,1.28,2.11,0.3,"low","verb","near","atelic","intrans",7,7,"yes","high","high","high","other","no","daily",37,"right","serious","yes","17"
"629","cry","9493027","nsl_list2","17","nsl","nonaligned","cognate",0,695.300000000003,1.28,2.11,0.3,"low","verb","near","atelic","intrans",7,7,"yes","high","high","high","parents","yes","daily",31,"right","considerable","no","2"
"630","cry","9631781","nsl_list1","5","nsl","aligned","cognate",1,4965,1.28,2.11,0.3,"low","verb","near","atelic","intrans",7,7,"yes","high","high","high","other","no","often",81,"right","serious","no","19"
"631","doll","9455706","rsl_list1","15","rsl","aligned","noncognate",1,2053.00200000001,0.96,1.33,0.69,"low","noun","different","inanimate","concrete",7,7,"yes","high","high","high","other","yes","daily",31,"right","considerable","no","7"
"632","doll","9483878","rsl_list1","44","rsl","aligned","noncognate",0,800.01999999996,0.96,1.33,0.69,"low","noun","different","inanimate","concrete",7,1,"yes","high","low","high","parents","yes","daily",42,"right","considerable","yes","0"
"633","doll","9458431","rsl_list2","19","rsl","nonaligned","noncognate",1,512.024999856949,0.96,1.33,0.69,"low","noun","different","inanimate","concrete",7,7,"yes","high","high","high","parents","yes","daily",38,"right","serious","yes","0"
"634","doll","9541537","rsl_list1","40","rsl","aligned","noncognate",1,-75.1749999955064,0.96,1.33,0.69,"low","noun","different","inanimate","concrete",7,7,"yes","high","high","high","parents","yes","daily",34,"right","moderate","yes","0"
"635","doll","9479813","rsl_list2","4","rsl","nonaligned","noncognate",1,-186.567999998515,0.96,1.33,0.69,"low","noun","different","inanimate","concrete",7,7,"yes","high","high","high","parents","yes","daily",35,"right","considerable","no","0"
"636","doll","9454658","rsl_list1","12","rsl","aligned","noncognate",1,270,0.96,1.33,0.69,"low","noun","different","inanimate","concrete",7,7,"yes","high","high","high","other","yes","daily",29,"right","serious","no","5"
"637","doll","9555238","rsl_list2","4","rsl","nonaligned","noncognate",1,8591.82599999403,0.96,1.33,0.69,"low","noun","different","inanimate","concrete",5,5,"no","low","low","low","caregiver","no","daily",13,"right","mild","no","0"
"638","doll","9498014","rsl_list2","24","rsl","nonaligned","noncognate",1,2206.47000000597,0.96,1.33,0.69,"low","noun","different","inanimate","concrete",6,6,"yes","low","low","high","other","no","daily",44,"right","considerable","no","16"
"639","doll","9476391","rsl_list2","27","rsl","nonaligned","noncognate",1,783.965000000026,0.96,1.33,0.69,"low","noun","different","inanimate","concrete",7,7,"yes","high","high","high","parents","yes","daily",32,"right","serious","no","2"
"640","doll","9476587","rsl_list2","13","rsl","nonaligned","noncognate",1,825,0.96,1.33,0.69,"low","noun","different","inanimate","concrete",7,5,"yes","high","low","high","school","yes","daily",25,"right","serious","yes","5"
"641","doll","9587228","rsl_list1","1","rsl","aligned","noncognate",1,2483.13,0.96,1.33,0.69,"low","noun","different","inanimate","concrete",7,7,"yes","high","high","high","parents","yes","daily",61,"right","considerable","no","0"
"642","doll","9454567","rsl_list2","41","rsl","nonaligned","noncognate",1,649.870000000054,0.96,1.33,0.69,"low","noun","different","inanimate","concrete",7,7,"yes","high","high","high","school","yes","daily",38,"right","serious","yes","6"
"643","doll","9555631","rsl_list1","44","rsl","aligned","noncognate",1,691.585999982082,0.96,1.33,0.69,"low","noun","different","inanimate","concrete",7,7,"yes","high","high","high","other","no","daily",33,"right","considerable","yes","28"
"644","doll","9483913","rsl_list1","43","rsl","aligned","noncognate",1,1033.41299999994,0.96,1.33,0.69,"low","noun","different","inanimate","concrete",7,7,"yes","high","high","high","parents","yes","daily",37,"right","considerable","yes","0"
"645","doll","9492137","rsl_list1","37","rsl","aligned","noncognate",1,411.855000000214,0.96,1.33,0.69,"low","noun","different","inanimate","concrete",7,7,"yes","high","high","high","other","yes","daily",28,"right","moderate","no","3"
"646","doll","9482266","rsl_list1","18","rsl","aligned","noncognate",1,5771.95100001193,0.96,1.33,0.69,"low","noun","different","inanimate","concrete",7,5,"yes","high","low","high","other","no","daily",35,"right","considerable","no","15"
"647","doll","9473775","rsl_list2","23","rsl","nonaligned","noncognate",1,495.539999999979,0.96,1.33,0.69,"low","noun","different","inanimate","concrete",7,7,"yes","high","high","high","school","yes","daily",44,"right","considerable","no","7"
"648","doll","9473190","rsl_list2","45","rsl","nonaligned","noncognate",1,957.43200000003,0.96,1.33,0.69,"low","noun","different","inanimate","concrete",7,7,"yes","high","high","high","school","yes","daily",49,"right","serious","no","7"
"649","doll","9503065","rsl_list1","28","rsl","aligned","noncognate",1,1575.32099999778,0.96,1.33,0.69,"low","noun","different","inanimate","concrete",7,6,"yes","high","low","high","parents","yes","daily",36,"right","considerable","yes","0"
"650","doll","9696122","nsl_list1","17","nsl","aligned","noncognate",1,320.854000000749,0.96,1.33,0,"low","noun","different","inanimate","concrete",7,7,"yes","high","high","high","parents","yes","daily",34,"right","serious","yes","1"
"651","doll","9612157","nsl_list1","48","nsl","aligned","noncognate",1,435.901999999944,0.96,1.33,0,"low","noun","different","inanimate","concrete",7,7,"yes","high","high","high","school","yes","daily",28,"left","serious","yes","5"
"652","doll","9476778","nsl_list1","2","nsl","aligned","noncognate",1,2058.02299998212,0.96,1.33,0,"low","noun","different","inanimate","concrete",7,7,"yes","high","high","high","parents","yes","daily",46,"right","considerable","yes","0"
"653","doll","9479413","nsl_list1","20","nsl","aligned","noncognate",0,721.587000047672,0.96,1.33,0,"low","noun","different","inanimate","concrete",7,7,"yes","high","high","high","other","yes","daily",55,"right","serious","no","16"
"654","doll","9482437","nsl_list1","5","nsl","aligned","noncognate",1,1191,0.96,1.33,0,"low","noun","different","inanimate","concrete",7,7,"yes","high","high","high","school","yes","daily",70,"right","serious","no","8"
"655","doll","9481529","nsl_list2","29","nsl","nonaligned","noncognate",0,6283.234,0.96,1.33,0,"low","noun","different","inanimate","concrete",7,7,"yes","high","high","high","other","yes","daily",43,"right","serious","no","3.5"
"656","doll","9493027","nsl_list2","4","nsl","nonaligned","noncognate",0,1101.66499999963,0.96,1.33,0,"low","noun","different","inanimate","concrete",7,6,"yes","high","high","high","parents","yes","daily",31,"right","considerable","no","2"
"657","doll","9481525","nsl_list1","26","nsl","aligned","noncognate",1,861.217000000004,0.96,1.33,0,"low","noun","different","inanimate","concrete",7,6,"yes","high","high","high","caregiver","yes","daily",53,"right","serious","yes","48"
"658","doll","9377336","rsl_list2","23","rsl","nonaligned","noncognate",1,737.621999964234,0.96,1.33,0.69,"low","noun","different","inanimate","concrete",7,7,"yes","high","high","high","school","yes","daily",48,"right","serious","no","6.5"
"659","doll","9647566","nsl_list1","12","nsl","aligned","noncognate",1,1253.13200000001,0.96,1.33,0,"low","noun","different","inanimate","concrete",7,4,"yes","high","low","high","other","no","often",81,"right","serious","no","19"
"660","doll","9481563","nsl_list2","20","nsl","nonaligned","noncognate",1,744.828000011912,0.96,1.33,0,"low","noun","different","inanimate","concrete",7,7,"yes","high","high","high","parents","yes","daily",50,"right","serious","yes","1"
"661","doll","9477400","nsl_list2","5","nsl","nonaligned","noncognate",1,1585.41500004768,0.96,1.33,0,"low","noun","different","inanimate","concrete",7,7,"yes","high","high","high","other","yes","daily",44,"right","serious","yes","1"
"662","doll","9687063","nsl_list1","40","nsl","aligned","noncognate",1,982,0.96,1.33,0,"low","noun","different","inanimate","concrete",7,6,"yes","high","high","high","parents","no","daily",23,"right","serious","no","0"
"663","doll","9498903","nsl_list1","5","nsl","aligned","noncognate",1,1181.04700009536,0.96,1.33,0,"low","noun","different","inanimate","concrete",7,7,"yes","high","high","high","school","yes","daily",49,"right","serious","no","18"
"664","doll","9631781","nsl_list1","40","nsl","aligned","noncognate",1,3275,0.96,1.33,0,"low","noun","different","inanimate","concrete",7,7,"yes","high","high","high","other","no","often",81,"right","serious","no","19"
"665","doll","9483072","nsl_list2","9","nsl","nonaligned","noncognate",1,1097.04399999999,0.96,1.33,0,"low","noun","different","inanimate","concrete",7,7,"yes","high","high","high","school","no","daily",45,"left","serious","no","14"
"666","doll","9472740","rsl_list2","41","rsl","nonaligned","noncognate",1,2311.64799999702,0.96,1.33,0.69,"low","noun","different","inanimate","concrete",7,1,"yes","high","low","high","other","yes","daily",24,"right","moderate","yes","7"
"667","doll","9477538","nsl_list2","19","nsl","nonaligned","noncognate",1,1761.98699990462,0.96,1.33,0,"low","noun","different","inanimate","concrete",7,6,"yes","high","high","high","other","no","daily",37,"right","serious","yes","17"
"668","doll","9462565","nsl_list1","13","nsl","aligned","noncognate",1,970,0.96,1.33,0,"low","noun","different","inanimate","concrete",7,6,"yes","high","high","high","parents","yes","daily",42,"right","serious","yes","0"
"669","doll","9479027","nsl_list2","5","nsl","nonaligned","noncognate",0,2069.13999999852,0.96,1.33,0,"low","noun","different","inanimate","concrete",7,5,"yes","high","low","high","parents","yes","daily",48,"right","serious","yes","1"
"670","doll","9685656","nsl_list2","48","nsl","nonaligned","noncognate",1,766.635999999999,0.96,1.33,0,"low","noun","different","inanimate","concrete",7,7,"yes","high","high","high","parents","yes","daily",48,"right","serious","yes","2"
"671","doll","9477675","nsl_list2","42","nsl","nonaligned","noncognate",1,797.04800000001,0.96,1.33,0,"low","noun","different","inanimate","concrete",7,7,"yes","high","high","high","other","yes","daily",41,"right","serious","no","3"
"672","doll","9368241","nsl_list2","2","nsl","nonaligned","noncognate",0,1974.08200000298,0.96,1.33,0,"low","noun","different","inanimate","concrete",7,6,"yes","high","high","high","other","yes","daily",37,"right","serious","yes","0.5"
"673","doll","9537479","rsl_list2","3","rsl","nonaligned","noncognate",1,331.139999999985,0.96,1.33,0.69,"low","noun","different","inanimate","concrete",7,4,"yes","high","low","high","parents","yes","daily",43,"right","serious","yes","0"
"674","doll","9489076","rsl_list2","26","rsl","nonaligned","noncognate",1,-8.85200014305883,0.96,1.33,0.69,"low","noun","different","inanimate","concrete",7,7,"yes","high","high","high","parents","yes","daily",38,"right","serious","no","1"
"675","doll","9473110","rsl_list1","13","rsl","aligned","noncognate",1,524.345999997779,0.96,1.33,0.69,"low","noun","different","inanimate","concrete",7,7,"yes","high","high","high","other","yes","daily",36,"right","serious","yes","3.5"
"676","doubt","9455706","rsl_list1","31","rsl","aligned","noncognate",1,1597.78700000001,1.42,1.72,0.3,"low","verb","different","atelic","trans",7,7,"yes","high","high","high","other","yes","daily",31,"right","considerable","no","7"
"677","doubt","9473775","rsl_list2","44","rsl","nonaligned","noncognate",1,1559.64000000001,1.42,1.72,0.3,"low","verb","different","atelic","trans",7,7,"yes","high","high","high","school","yes","daily",44,"right","considerable","no","7"
"678","doubt","9473190","rsl_list2","33","rsl","nonaligned","noncognate",1,1334.95799999998,1.42,1.72,0.3,"low","verb","different","atelic","trans",7,5,"yes","high","low","high","school","yes","daily",49,"right","serious","no","7"
"679","doubt","9454658","rsl_list1","29","rsl","aligned","noncognate",1,785,1.42,1.72,0.3,"low","verb","different","atelic","trans",7,7,"yes","high","high","high","other","yes","daily",29,"right","serious","no","5"
"680","doubt","9483913","rsl_list1","38","rsl","aligned","noncognate",1,1928.95800000225,1.42,1.72,0.3,"low","verb","different","atelic","trans",7,7,"yes","high","high","high","parents","yes","daily",37,"right","considerable","yes","0"
"681","doubt","9479813","rsl_list2","9","rsl","nonaligned","noncognate",1,509.583000001483,1.42,1.72,0.3,"low","verb","different","atelic","trans",7,7,"yes","high","high","high","parents","yes","daily",35,"right","considerable","no","0"
"682","doubt","9377336","rsl_list2","4","rsl","nonaligned","noncognate",1,1225.81499996423,1.42,1.72,0.3,"low","verb","different","atelic","trans",7,7,"yes","high","high","high","school","yes","daily",48,"right","serious","no","6.5"
"683","doubt","9541537","rsl_list1","37","rsl","aligned","noncognate",1,1480.84100000595,1.42,1.72,0.3,"low","verb","different","atelic","trans",7,7,"yes","high","high","high","parents","yes","daily",34,"right","moderate","yes","0"
"684","doubt","9687063","nsl_list1","23","nsl","aligned","noncognate",1,887,1.42,1.72,0,"low","verb","different","atelic","trans",7,5,"yes","high","low","high","parents","no","daily",23,"right","serious","no","0"
"685","doubt","9612157","nsl_list1","26","nsl","aligned","noncognate",1,429.636999976152,1.42,1.72,0,"low","verb","different","atelic","trans",7,7,"yes","high","high","high","school","yes","daily",28,"left","serious","yes","5"
"686","doubt","9696122","nsl_list1","25","nsl","aligned","noncognate",1,162.897000000754,1.42,1.72,0,"low","verb","different","atelic","trans",7,7,"yes","high","high","high","parents","yes","daily",34,"right","serious","yes","1"
"687","doubt","9476778","nsl_list1","6","nsl","aligned","noncognate",0,2505.82299998212,1.42,1.72,0,"low","verb","different","atelic","trans",7,7,"yes","high","high","high","parents","yes","daily",46,"right","considerable","yes","0"
"688","doubt","9482437","nsl_list1","43","nsl","aligned","noncognate",1,904.000000000058,1.42,1.72,0,"low","verb","different","atelic","trans",7,7,"yes","high","high","high","school","yes","daily",70,"right","serious","no","8"
"689","doubt","9493027","nsl_list2","16","nsl","nonaligned","noncognate",0,1855.99099999999,1.42,1.72,0,"low","verb","different","atelic","trans",7,7,"yes","high","high","high","parents","yes","daily",31,"right","considerable","no","2"
"690","doubt","9477675","nsl_list2","18","nsl","nonaligned","noncognate",0,5865.53599999999,1.42,1.72,0,"low","verb","different","atelic","trans",7,7,"yes","high","high","high","other","yes","daily",41,"right","serious","no","3"
"691","doubt","9477400","nsl_list2","4","nsl","nonaligned","noncognate",1,2053.23600009536,1.42,1.72,0,"low","verb","different","atelic","trans",7,6,"yes","high","high","high","other","yes","daily",44,"right","serious","yes","1"
"692","doubt","9481529","nsl_list2","33","nsl","nonaligned","noncognate",0,4879.62200001191,1.42,1.72,0,"low","verb","different","atelic","trans",7,7,"yes","high","high","high","other","yes","daily",43,"right","serious","no","3.5"
"693","doubt","9479413","nsl_list1","35","nsl","aligned","noncognate",1,958.081999952323,1.42,1.72,0,"low","verb","different","atelic","trans",7,7,"yes","high","high","high","other","yes","daily",55,"right","serious","no","16"
"694","doubt","9481563","nsl_list2","16","nsl","nonaligned","noncognate",1,4663.95000000001,1.42,1.72,0,"low","verb","different","atelic","trans",7,7,"yes","high","high","high","parents","yes","daily",50,"right","serious","yes","1"
"695","doubt","9477538","nsl_list2","5","nsl","nonaligned","noncognate",1,3170.398,1.42,1.72,0,"low","verb","different","atelic","trans",7,7,"yes","high","high","high","other","no","daily",37,"right","serious","yes","17"
"696","doubt","9462565","nsl_list1","31","nsl","aligned","noncognate",1,750,1.42,1.72,0,"low","verb","different","atelic","trans",7,7,"yes","high","high","high","parents","yes","daily",42,"right","serious","yes","0"
"697","doubt","9481525","nsl_list1","31","nsl","aligned","noncognate",1,948.227999982133,1.42,1.72,0,"low","verb","different","atelic","trans",7,7,"yes","high","high","high","caregiver","yes","daily",53,"right","serious","yes","48"
"698","doubt","9647566","nsl_list1","37","nsl","aligned","noncognate",1,1093.17900001194,1.42,1.72,0,"low","verb","different","atelic","trans",7,7,"yes","high","high","high","other","no","often",81,"right","serious","no","19"
"699","doubt","9479027","nsl_list2","26","nsl","nonaligned","noncognate",1,5187.98900000076,1.42,1.72,0,"low","verb","different","atelic","trans",7,7,"yes","high","high","high","parents","yes","daily",48,"right","serious","yes","1"
"700","doubt","9498903","nsl_list1","26","nsl","aligned","noncognate",1,1265.95600019072,1.42,1.72,0,"low","verb","different","atelic","trans",7,7,"yes","high","high","high","school","yes","daily",49,"right","serious","no","18"
"701","doubt","9476391","rsl_list2","2","rsl","nonaligned","noncognate",1,2408.03300000014,1.42,1.72,0.3,"low","verb","different","atelic","trans",7,7,"yes","high","high","high","parents","yes","daily",32,"right","serious","no","2"
"702","doubt","9555238","rsl_list2","19","rsl","nonaligned","noncognate",1,2098.65299999405,1.42,1.72,0.3,"low","verb","different","atelic","trans",7,6,"yes","high","low","high","caregiver","no","daily",13,"right","mild","no","0"
"703","doubt","9454567","rsl_list2","14","rsl","nonaligned","noncognate",1,7798.8470000001,1.42,1.72,0.3,"low","verb","different","atelic","trans",7,7,"yes","high","high","high","school","yes","daily",38,"right","serious","yes","6"
"704","doubt","9458431","rsl_list2","36","rsl","nonaligned","noncognate",1,879.070000047679,1.42,1.72,0.3,"low","verb","different","atelic","trans",7,7,"yes","high","high","high","parents","yes","daily",38,"right","serious","yes","0"
"705","doubt","9482266","rsl_list1","37","rsl","aligned","noncognate",1,1045.59099996422,1.42,1.72,0.3,"low","verb","different","atelic","trans",7,7,"yes","high","high","high","other","no","daily",35,"right","considerable","no","15"
"706","doubt","9555631","rsl_list1","26","rsl","aligned","noncognate",1,1072.61800000595,1.42,1.72,0.3,"low","verb","different","atelic","trans",7,7,"yes","high","high","high","other","no","daily",33,"right","considerable","yes","28"
"707","doubt","9483878","rsl_list1","40","rsl","aligned","noncognate",1,964.580000000016,1.42,1.72,0.3,"low","verb","different","atelic","trans",7,6,"yes","high","low","high","parents","yes","daily",42,"right","considerable","yes","0"
"708","doubt","9587228","rsl_list1","18","rsl","aligned","noncognate",1,1634.101,1.42,1.72,0.3,"low","verb","different","atelic","trans",7,7,"yes","high","high","high","parents","yes","daily",61,"right","considerable","no","0"
"709","doubt","9476587","rsl_list2","25","rsl","nonaligned","noncognate",1,1825,1.42,1.72,0.3,"low","verb","different","atelic","trans",7,7,"yes","high","high","high","school","yes","daily",25,"right","serious","yes","5"
"710","doubt","9685656","nsl_list2","35","nsl","nonaligned","noncognate",1,1153.26499997615,1.42,1.72,0,"low","verb","different","atelic","trans",7,7,"yes","high","high","high","parents","yes","daily",48,"right","serious","yes","2"
"711","doubt","9368241","nsl_list2","5","nsl","nonaligned","noncognate",1,1633.47999999701,1.42,1.72,0,"low","verb","different","atelic","trans",7,6,"yes","high","high","high","other","yes","daily",37,"right","serious","yes","0.5"
"712","doubt","9483072","nsl_list2","8","nsl","nonaligned","noncognate",1,3355.71800000149,1.42,1.72,0,"low","verb","different","atelic","trans",7,7,"yes","high","high","high","school","no","daily",45,"left","serious","no","14"
"713","doubt","9631781","nsl_list1","10","nsl","aligned","noncognate",0,9650,1.42,1.72,0,"low","verb","different","atelic","trans",7,7,"yes","high","high","high","other","no","often",81,"right","serious","no","19"
"714","doubt","9472740","rsl_list2","19","rsl","nonaligned","noncognate",1,1636.40599999702,1.42,1.72,0.3,"low","verb","different","atelic","trans",7,7,"yes","high","high","high","other","yes","daily",24,"right","moderate","yes","7"
"715","doubt","9503065","rsl_list1","46","rsl","aligned","noncognate",1,1596.3969999993,1.42,1.72,0.3,"low","verb","different","atelic","trans",7,7,"yes","high","high","high","parents","yes","daily",36,"right","considerable","yes","0"
"716","doubt","9473110","rsl_list1","11","rsl","aligned","noncognate",1,1161.00199999777,1.42,1.72,0.3,"low","verb","different","atelic","trans",7,7,"yes","high","high","high","other","yes","daily",36,"right","serious","yes","3.5"
"717","doubt","9498014","rsl_list2","29","rsl","nonaligned","noncognate",1,1910.32799999998,1.42,1.72,0.3,"low","verb","different","atelic","trans",7,5,"yes","high","low","high","other","no","daily",44,"right","considerable","no","16"
"718","doubt","9489076","rsl_list2","12","rsl","nonaligned","noncognate",1,758.915999904624,1.42,1.72,0.3,"low","verb","different","atelic","trans",7,7,"yes","high","high","high","parents","yes","daily",38,"right","serious","no","1"
"719","doubt","9492137","rsl_list1","36","rsl","aligned","noncognate",1,1158.71500000072,1.42,1.72,0.3,"low","verb","different","atelic","trans",7,7,"yes","high","high","high","other","yes","daily",28,"right","moderate","no","3"
"720","doubt","9537479","rsl_list2","9","rsl","nonaligned","noncognate",1,1707.28,1.42,1.72,0.3,"low","verb","different","atelic","trans",7,6,"yes","high","low","high","parents","yes","daily",43,"right","serious","yes","0"
"721","eagle","9696122","nsl_list1","23","nsl","nonaligned","cognate",1,741.456000002974,0,1.39,0.3,"low","noun","near","animate","concrete",7,7,"yes","high","high","high","parents","yes","daily",34,"right","serious","yes","1"
"722","eagle","9685656","nsl_list2","2","nsl","aligned","cognate",1,1446.27299990463,0,1.39,0.3,"low","noun","near","animate","concrete",7,7,"yes","high","high","high","parents","yes","daily",48,"right","serious","yes","2"
"723","eagle","9481563","nsl_list2","17","nsl","aligned","cognate",1,621.764000000025,0,1.39,0.3,"low","noun","near","animate","concrete",7,7,"yes","high","high","high","parents","yes","daily",50,"right","serious","yes","1"
"724","eagle","9479027","nsl_list2","21","nsl","aligned","cognate",1,985.777999997779,0,1.39,0.3,"low","noun","near","animate","concrete",7,7,"yes","high","high","high","parents","yes","daily",48,"right","serious","yes","1"
"725","eagle","9482437","nsl_list1","20","nsl","nonaligned","cognate",1,699.000000000029,0,1.39,0.3,"low","noun","near","animate","concrete",7,7,"yes","high","high","high","school","yes","daily",70,"right","serious","no","8"
"726","eagle","9493027","nsl_list2","20","nsl","aligned","cognate",1,480.960999999632,0,1.39,0.3,"low","noun","near","animate","concrete",7,7,"yes","high","high","high","parents","yes","daily",31,"right","considerable","no","2"
"727","eagle","9647566","nsl_list1","22","nsl","nonaligned","cognate",1,1651.342,0,1.39,0.3,"low","noun","near","animate","concrete",7,7,"yes","high","high","high","other","no","often",81,"right","serious","no","19"
"728","eagle","9462565","nsl_list1","14","nsl","nonaligned","cognate",1,2812,0,1.39,0.3,"low","noun","near","animate","concrete",7,6,"yes","high","high","high","parents","yes","daily",42,"right","serious","yes","0"
"729","eagle","9498903","nsl_list1","43","nsl","nonaligned","cognate",1,589.564000095357,0,1.39,0.3,"low","noun","near","animate","concrete",7,7,"yes","high","high","high","school","yes","daily",49,"right","serious","no","18"
"730","eagle","9612157","nsl_list1","14","nsl","nonaligned","cognate",1,405.417999964237,0,1.39,0.3,"low","noun","near","animate","concrete",7,7,"yes","high","high","high","school","yes","daily",28,"left","serious","yes","5"
"731","eagle","9483072","nsl_list2","36","nsl","aligned","cognate",1,2097.08700000076,0,1.39,0.3,"low","noun","near","animate","concrete",7,7,"yes","high","high","high","school","no","daily",45,"left","serious","no","14"
"732","eagle","9687063","nsl_list1","19","nsl","nonaligned","cognate",1,2541,0,1.39,0.3,"low","noun","near","animate","concrete",7,6,"yes","high","high","high","parents","no","daily",23,"right","serious","no","0"
"733","eagle","9481525","nsl_list1","25","nsl","nonaligned","cognate",1,1529.79499999405,0,1.39,0.3,"low","noun","near","animate","concrete",7,7,"yes","high","high","high","caregiver","yes","daily",53,"right","serious","yes","48"
"734","eagle","9476778","nsl_list1","24","nsl","nonaligned","cognate",1,1896.66400000596,0,1.39,0.3,"low","noun","near","animate","concrete",7,7,"yes","high","high","high","parents","yes","daily",46,"right","considerable","yes","0"
"735","eagle","9489076","rsl_list2","41","rsl","nonaligned","cognate",1,52.9149998569628,0,1.39,0,"low","noun","near","animate","concrete",7,7,"yes","high","high","high","parents","yes","daily",38,"right","serious","no","1"
"736","eagle","9631781","nsl_list1","13","nsl","nonaligned","cognate",1,36584,0,1.39,0.3,"low","noun","near","animate","concrete",7,7,"yes","high","high","high","other","no","often",81,"right","serious","no","19"
"737","eagle","9477538","nsl_list2","7","nsl","aligned","cognate",1,2280.68799999999,0,1.39,0.3,"low","noun","near","animate","concrete",7,7,"yes","high","high","high","other","no","daily",37,"right","serious","yes","17"
"738","eagle","9368241","nsl_list2","17","nsl","aligned","cognate",1,4054.39200000002,0,1.39,0.3,"low","noun","near","animate","concrete",7,7,"yes","high","high","high","other","yes","daily",37,"right","serious","yes","0.5"
"739","eagle","9477675","nsl_list2","43","nsl","aligned","cognate",1,1597.70899999997,0,1.39,0.3,"low","noun","near","animate","concrete",7,6,"yes","high","high","high","other","yes","daily",41,"right","serious","no","3"
"740","eagle","9476587","rsl_list2","28","rsl","nonaligned","cognate",1,996,0,1.39,0,"low","noun","near","animate","concrete",7,7,"yes","high","high","high","school","yes","daily",25,"right","serious","yes","5"
"741","eagle","9479413","nsl_list1","41","nsl","nonaligned","cognate",1,822.11299995234,0,1.39,0.3,"low","noun","near","animate","concrete",7,7,"yes","high","high","high","other","yes","daily",55,"right","serious","no","16"
"742","eagle","9477400","nsl_list2","35","nsl","aligned","cognate",1,905.75899995229,0,1.39,0.3,"low","noun","near","animate","concrete",7,7,"yes","high","high","high","other","yes","daily",44,"right","serious","yes","1"
"743","eagle","9541537","rsl_list1","23","rsl","aligned","cognate",1,696.829999999987,0,1.39,0,"low","noun","near","animate","concrete",7,7,"yes","high","high","high","parents","yes","daily",34,"right","moderate","yes","0"
"744","eagle","9472740","rsl_list2","28","rsl","nonaligned","cognate",1,2158.46699999104,0,1.39,0,"low","noun","near","animate","concrete",7,7,"yes","high","high","high","other","yes","daily",24,"right","moderate","yes","7"
"745","eagle","9483878","rsl_list1","2","rsl","aligned","cognate",1,1922.74000000001,0,1.39,0,"low","noun","near","animate","concrete",7,7,"yes","high","high","high","parents","yes","daily",42,"right","considerable","yes","0"
"746","eagle","9479813","rsl_list2","38","rsl","nonaligned","cognate",1,61.2999999955064,0,1.39,0,"low","noun","near","animate","concrete",7,7,"yes","high","high","high","parents","yes","daily",35,"right","considerable","no","0"
"747","eagle","9503065","rsl_list1","11","rsl","aligned","cognate",1,1580.03099999999,0,1.39,0,"low","noun","near","animate","concrete",7,7,"yes","high","high","high","parents","yes","daily",36,"right","considerable","yes","0"
"748","eagle","9483913","rsl_list1","11","rsl","aligned","cognate",1,1882.61800000074,0,1.39,0,"low","noun","near","animate","concrete",7,7,"yes","high","high","high","parents","yes","daily",37,"right","considerable","yes","0"
"749","eagle","9555631","rsl_list1","38","rsl","aligned","cognate",1,1046.29300000001,0,1.39,0,"low","noun","near","animate","concrete",7,7,"yes","high","high","high","other","no","daily",33,"right","considerable","yes","28"
"750","eagle","9498014","rsl_list2","7","rsl","nonaligned","cognate",1,2999.73200000596,0,1.39,0,"low","noun","near","animate","concrete",7,7,"yes","high","high","high","other","no","daily",44,"right","considerable","no","16"
"751","eagle","9473775","rsl_list2","30","rsl","nonaligned","cognate",1,1366.52000000002,0,1.39,0,"low","noun","near","animate","concrete",7,7,"yes","high","high","high","school","yes","daily",44,"right","considerable","no","7"
"752","eagle","9377336","rsl_list2","39","rsl","nonaligned","cognate",1,1303.88099995232,0,1.39,0,"low","noun","near","animate","concrete",7,7,"yes","high","high","high","school","yes","daily",48,"right","serious","no","6.5"
"753","eagle","9481529","nsl_list2","4","nsl","aligned","cognate",1,1064.82099997616,0,1.39,0.3,"low","noun","near","animate","concrete",7,7,"yes","high","high","high","other","yes","daily",43,"right","serious","no","3.5"
"754","eagle","9555238","rsl_list2","13","rsl","nonaligned","cognate",1,1343.73899999404,0,1.39,0,"low","noun","near","animate","concrete",4,5,"no","low","low","low","caregiver","no","daily",13,"right","mild","no","0"
"755","eagle","9587228","rsl_list1","21","rsl","aligned","cognate",1,1447.98800000298,0,1.39,0,"low","noun","near","animate","concrete",7,7,"yes","high","high","high","parents","yes","daily",61,"right","considerable","no","0"
"756","eagle","9476391","rsl_list2","37","rsl","nonaligned","cognate",1,2142.29699999996,0,1.39,0,"low","noun","near","animate","concrete",7,7,"yes","high","high","high","parents","yes","daily",32,"right","serious","no","2"
"757","eagle","9454658","rsl_list1","31","rsl","aligned","cognate",1,687,0,1.39,0,"low","noun","near","animate","concrete",7,7,"yes","high","high","high","other","yes","daily",29,"right","serious","no","5"
"758","eagle","9473190","rsl_list2","5","rsl","nonaligned","cognate",1,1403.88600000148,0,1.39,0,"low","noun","near","animate","concrete",7,7,"yes","high","high","high","school","yes","daily",49,"right","serious","no","7"
"759","eagle","9537479","rsl_list2","24","rsl","nonaligned","cognate",1,371.119999999995,0,1.39,0,"low","noun","near","animate","concrete",7,7,"yes","high","high","high","parents","yes","daily",43,"right","serious","yes","0"
"760","eagle","9458431","rsl_list2","27","rsl","nonaligned","cognate",1,1142.68899985694,0,1.39,0,"low","noun","near","animate","concrete",7,7,"no","high","high","low","parents","yes","daily",38,"right","serious","yes","0"
"761","eagle","9492137","rsl_list1","16","rsl","aligned","cognate",1,1362.68299999999,0,1.39,0,"low","noun","near","animate","concrete",7,4,"no","high","low","low","other","yes","daily",28,"right","moderate","no","3"
"762","eagle","9455706","rsl_list1","29","rsl","aligned","cognate",1,2002.29199999984,0,1.39,0,"low","noun","near","animate","concrete",7,7,"yes","high","high","high","other","yes","daily",31,"right","considerable","no","7"
"763","eagle","9482266","rsl_list1","27","rsl","aligned","cognate",1,2593.16799996427,0,1.39,0,"low","noun","near","animate","concrete",7,5,"yes","high","low","high","other","no","daily",35,"right","considerable","no","15"
"764","eagle","9473110","rsl_list1","15","rsl","aligned","cognate",1,527.773999998521,0,1.39,0,"low","noun","near","animate","concrete",7,7,"yes","high","high","high","other","yes","daily",36,"right","serious","yes","3.5"
"765","eagle","9454567","rsl_list2","6","rsl","nonaligned","cognate",1,3549.78999999998,0,1.39,0,"low","noun","near","animate","concrete",7,7,"no","high","high","low","school","yes","daily",38,"right","serious","yes","6"
"766","east","9498903","nsl_list1","33","nsl","aligned","noncognate",0,2052.56600028608,0,1.95,1.11,"high","noun","different","inanimate","abstract",7,2,"yes","high","low","high","school","yes","daily",49,"right","serious","no","18"
"767","east","9483072","nsl_list2","1","nsl","nonaligned","noncognate",1,2585.46400000074,0,1.95,1.11,"high","noun","different","inanimate","abstract",7,7,"yes","high","high","high","school","no","daily",45,"left","serious","no","14"
"768","east","9477400","nsl_list2","41","nsl","nonaligned","noncognate",0,1139.91599990462,0,1.95,1.11,"high","noun","different","inanimate","abstract",7,3,"yes","high","low","high","other","yes","daily",44,"right","serious","yes","1"
"769","east","9479413","nsl_list1","15","nsl","aligned","noncognate",1,5316.85099990464,0,1.95,1.11,"high","noun","different","inanimate","abstract",7,4,"yes","high","low","high","other","yes","daily",55,"right","serious","no","16"
"770","east","9612157","nsl_list1","6","nsl","aligned","noncognate",0,3364.16699997616,0,1.95,1.11,"high","noun","different","inanimate","abstract",1,1,"no","low","low","low","school","yes","daily",28,"left","serious","yes","5"
"771","east","9631781","nsl_list1","44","nsl","aligned","noncognate",0,1689,0,1.95,1.11,"high","noun","different","inanimate","abstract",1,1,"no","low","low","low","other","no","often",81,"right","serious","no","19"
"772","east","9482437","nsl_list1","34","nsl","aligned","noncognate",0,1275,0,1.95,1.11,"high","noun","different","inanimate","abstract",4,4,"no","low","low","low","school","yes","daily",70,"right","serious","no","8"
"773","east","9493027","nsl_list2","42","nsl","nonaligned","noncognate",0,728.831999999413,0,1.95,1.11,"high","noun","different","inanimate","abstract",7,1,"yes","high","low","high","parents","yes","daily",31,"right","considerable","no","2"
"774","east","9481563","nsl_list2","26","nsl","nonaligned","noncognate",0,2285.36400000297,0,1.95,1.11,"high","noun","different","inanimate","abstract",7,1,"yes","high","low","high","parents","yes","daily",50,"right","serious","yes","1"
"775","east","9647566","nsl_list1","6","nsl","aligned","noncognate",1,4597.43300001787,0,1.95,1.11,"high","noun","different","inanimate","abstract",1,7,"no","low","high","low","other","no","often",81,"right","serious","no","19"
"776","east","9368241","nsl_list2","32","nsl","nonaligned","noncognate",1,1440.26500000298,0,1.95,1.11,"high","noun","different","inanimate","abstract",7,5,"yes","high","low","high","other","yes","daily",37,"right","serious","yes","0.5"
"777","east","9483878","rsl_list1","10","rsl","aligned","noncognate",1,1222.14,0,1.95,0,"low","noun","different","inanimate","abstract",7,7,"yes","high","high","high","parents","yes","daily",42,"right","considerable","yes","0"
"778","east","9473110","rsl_list1","9","rsl","aligned","noncognate",1,3948.51600000075,0,1.95,0,"low","noun","different","inanimate","abstract",7,7,"yes","high","high","high","other","yes","daily",36,"right","serious","yes","3.5"
"779","east","9555631","rsl_list1","10","rsl","aligned","noncognate",1,875.05099999404,0,1.95,0,"low","noun","different","inanimate","abstract",7,7,"yes","high","high","high","other","no","daily",33,"right","considerable","yes","28"
"780","east","9685656","nsl_list2","46","nsl","nonaligned","noncognate",0,4358.16699990461,0,1.95,1.11,"high","noun","different","inanimate","abstract",1,1,"no","low","low","low","parents","yes","daily",48,"right","serious","yes","2"
"781","east","9687063","nsl_list1","34","nsl","aligned","noncognate",1,11165.0000000001,0,1.95,1.11,"high","noun","different","inanimate","abstract",7,5,"yes","high","low","high","parents","no","daily",23,"right","serious","no","0"
"782","east","9481525","nsl_list1","22","nsl","aligned","noncognate",1,101962.588,0,1.95,1.11,"high","noun","different","inanimate","abstract",7,6,"yes","high","high","high","caregiver","yes","daily",53,"right","serious","yes","48"
"783","east","9473190","rsl_list2","23","rsl","nonaligned","noncognate",0,1357.87400000595,0,1.95,0,"low","noun","different","inanimate","abstract",7,7,"yes","high","high","high","school","yes","daily",49,"right","serious","no","7"
"784","east","9482266","rsl_list1","10","rsl","aligned","noncognate",1,1412.625,0,1.95,0,"low","noun","different","inanimate","abstract",7,7,"yes","high","high","high","other","no","daily",35,"right","considerable","no","15"
"785","east","9476587","rsl_list2","12","rsl","nonaligned","noncognate",1,2022,0,1.95,0,"low","noun","different","inanimate","abstract",7,7,"yes","high","high","high","school","yes","daily",25,"right","serious","yes","5"
"786","east","9479813","rsl_list2","43","rsl","nonaligned","noncognate",0,343.955999995524,0,1.95,0,"low","noun","different","inanimate","abstract",7,7,"yes","high","high","high","parents","yes","daily",35,"right","considerable","no","0"
"787","east","9537479","rsl_list2","43","rsl","nonaligned","noncognate",0,2330.17999999999,0,1.95,0,"low","noun","different","inanimate","abstract",5,6,"no","low","low","low","parents","yes","daily",43,"right","serious","yes","0"
"788","east","9476391","rsl_list2","28","rsl","nonaligned","noncognate",1,8689.97500000009,0,1.95,0,"low","noun","different","inanimate","abstract",7,7,"yes","high","high","high","parents","yes","daily",32,"right","serious","no","2"
"789","east","9472740","rsl_list2","9","rsl","nonaligned","noncognate",0,1533.95999999106,0,1.95,0,"low","noun","different","inanimate","abstract",7,7,"yes","high","high","high","other","yes","daily",24,"right","moderate","yes","7"
"790","east","9455706","rsl_list1","16","rsl","aligned","noncognate",1,2136.141,0,1.95,0,"low","noun","different","inanimate","abstract",7,7,"yes","high","high","high","other","yes","daily",31,"right","considerable","no","7"
"791","east","9483913","rsl_list1","29","rsl","aligned","noncognate",1,1012.70699999999,0,1.95,0,"low","noun","different","inanimate","abstract",7,7,"yes","high","high","high","parents","yes","daily",37,"right","considerable","yes","0"
"792","east","9498014","rsl_list2","17","rsl","nonaligned","noncognate",0,4960.43900000595,0,1.95,0,"low","noun","different","inanimate","abstract",7,7,"yes","high","high","high","other","no","daily",44,"right","considerable","no","16"
"793","east","9587228","rsl_list1","35","rsl","aligned","noncognate",1,1242.81500000297,0,1.95,0,"low","noun","different","inanimate","abstract",7,7,"yes","high","high","high","parents","yes","daily",61,"right","considerable","no","0"
"794","east","9555238","rsl_list2","41","rsl","nonaligned","noncognate",0,1882.74099998811,0,1.95,0,"low","noun","different","inanimate","abstract",7,7,"yes","high","high","high","caregiver","no","daily",13,"right","mild","no","0"
"795","east","9454658","rsl_list1","43","rsl","aligned","noncognate",1,1270.00000000006,0,1.95,0,"low","noun","different","inanimate","abstract",7,7,"yes","high","high","high","other","yes","daily",29,"right","serious","no","5"
"796","east","9541537","rsl_list1","42","rsl","aligned","noncognate",1,2029.22900000296,0,1.95,0,"low","noun","different","inanimate","abstract",7,7,"yes","high","high","high","parents","yes","daily",34,"right","moderate","yes","0"
"797","east","9473775","rsl_list2","36","rsl","nonaligned","noncognate",0,990.520000000019,0,1.95,0,"low","noun","different","inanimate","abstract",7,7,"yes","high","high","high","school","yes","daily",44,"right","considerable","no","7"
"798","east","9377336","rsl_list2","1","rsl","nonaligned","noncognate",0,1478.783,0,1.95,0,"low","noun","different","inanimate","abstract",7,7,"yes","high","high","high","school","yes","daily",48,"right","serious","no","6.5"
"799","east","9489076","rsl_list2","20","rsl","nonaligned","noncognate",0,1697.95199985694,0,1.95,0,"low","noun","different","inanimate","abstract",7,7,"yes","high","high","high","parents","yes","daily",38,"right","serious","no","1"
"800","east","9458431","rsl_list2","47","rsl","nonaligned","noncognate",0,693.611999952293,0,1.95,0,"low","noun","different","inanimate","abstract",7,7,"yes","high","high","high","parents","yes","daily",38,"right","serious","yes","0"
"801","east","9454567","rsl_list2","39","rsl","nonaligned","noncognate",0,470.646999999881,0,1.95,0,"low","noun","different","inanimate","abstract",7,7,"yes","high","high","high","school","yes","daily",38,"right","serious","yes","6"
"802","east","9492137","rsl_list1","35","rsl","aligned","noncognate",0,4150.03999999992,0,1.95,0,"low","noun","different","inanimate","abstract",7,1,"yes","high","low","high","other","yes","daily",28,"right","moderate","no","3"
"803","east","9503065","rsl_list1","1","rsl","aligned","noncognate",1,2082.92599999851,0,1.95,0,"low","noun","different","inanimate","abstract",7,7,"yes","high","high","high","parents","yes","daily",36,"right","considerable","yes","0"
"804","east","9696122","nsl_list1","7","nsl","aligned","noncognate",0,1243.32400000149,0,1.95,1.11,"high","noun","different","inanimate","abstract",1,1,"no","low","low","low","parents","yes","daily",34,"right","serious","yes","1"
"805","east","9476778","nsl_list1","11","nsl","aligned","noncognate",0,4070.988,0,1.95,1.11,"high","noun","different","inanimate","abstract",7,6,"yes","high","high","high","parents","yes","daily",46,"right","considerable","yes","0"
"806","east","9481529","nsl_list2","1","nsl","nonaligned","noncognate",1,4569.04999998808,0,1.95,1.11,"high","noun","different","inanimate","abstract",7,6,"yes","high","high","high","other","yes","daily",43,"right","serious","no","3.5"
"807","east","9477538","nsl_list2","42","nsl","nonaligned","noncognate",1,3347.34200009535,0,1.95,1.11,"high","noun","different","inanimate","abstract",7,7,"yes","high","high","high","other","no","daily",37,"right","serious","yes","17"
"808","east","9462565","nsl_list1","21","nsl","aligned","noncognate",0,1065,0,1.95,1.11,"high","noun","different","inanimate","abstract",7,1,"no","high","low","low","parents","yes","daily",42,"right","serious","yes","0"
"809","east","9477675","nsl_list2","36","nsl","nonaligned","noncognate",0,2272.99800000596,0,1.95,1.11,"high","noun","different","inanimate","abstract",4,2,"no","low","low","low","other","yes","daily",41,"right","serious","no","3"
"810","east","9479027","nsl_list2","3","nsl","nonaligned","noncognate",1,8269.98500000074,0,1.95,1.11,"high","noun","different","inanimate","abstract",1,1,"no","low","low","low","parents","yes","daily",48,"right","serious","yes","1"
"811","engagement","9587228","rsl_list1","39","rsl","aligned","noncognate",1,1146.20100000221,0,0.26,0,"low","noun","different","inanimate","abstract",7,7,"yes","high","high","high","parents","yes","daily",61,"right","considerable","no","0"
"812","engagement","9555238","rsl_list2","33","rsl","nonaligned","noncognate",0,836.10300000594,0,0.26,0,"low","noun","different","inanimate","abstract",6,7,"no","low","high","low","caregiver","no","daily",13,"right","mild","no","0"
"813","engagement","9479813","rsl_list2","37","rsl","nonaligned","noncognate",1,617.040000000037,0,0.26,0,"low","noun","different","inanimate","abstract",7,7,"yes","high","high","high","parents","yes","daily",35,"right","considerable","no","0"
"814","engagement","9483913","rsl_list1","6","rsl","aligned","noncognate",1,1198.75500000149,0,0.26,0,"low","noun","different","inanimate","abstract",7,7,"yes","high","high","high","parents","yes","daily",37,"right","considerable","yes","0"
"815","engagement","9537479","rsl_list2","1","rsl","nonaligned","noncognate",1,1927.2,0,0.26,0,"low","noun","different","inanimate","abstract",7,7,"yes","high","high","high","parents","yes","daily",43,"right","serious","yes","0"
"816","engagement","9498014","rsl_list2","15","rsl","nonaligned","noncognate",1,2304.17199998809,0,0.26,0,"low","noun","different","inanimate","abstract",7,7,"yes","high","high","high","other","no","daily",44,"right","considerable","no","16"
"817","engagement","9481525","nsl_list1","43","nsl","aligned","noncognate",1,1048.47400000598,0,0.26,0,"low","noun","different","inanimate","abstract",7,2,"yes","high","low","high","caregiver","yes","daily",53,"right","serious","yes","48"
"818","engagement","9498903","nsl_list1","9","nsl","aligned","noncognate",1,788.614000286107,0,0.26,0,"low","noun","different","inanimate","abstract",7,7,"yes","high","high","high","school","yes","daily",49,"right","serious","no","18"
"819","engagement","9685656","nsl_list2","13","nsl","nonaligned","noncognate",0,1282.16399997615,0,0.26,0,"low","noun","different","inanimate","abstract",7,1,"yes","high","low","high","parents","yes","daily",48,"right","serious","yes","2"
"820","engagement","9503065","rsl_list1","48","rsl","aligned","noncognate",1,1132.84399999923,0,0.26,0,"low","noun","different","inanimate","abstract",7,7,"yes","high","high","high","parents","yes","daily",36,"right","considerable","yes","0"
"821","engagement","9455706","rsl_list1","25","rsl","aligned","noncognate",1,1456.54199999926,0,0.26,0,"low","noun","different","inanimate","abstract",7,7,"yes","high","high","high","other","yes","daily",31,"right","considerable","no","7"
"822","engagement","9476391","rsl_list2","33","rsl","nonaligned","noncognate",1,1443.24399999995,0,0.26,0,"low","noun","different","inanimate","abstract",7,7,"yes","high","high","high","parents","yes","daily",32,"right","serious","no","2"
"823","engagement","9454567","rsl_list2","44","rsl","nonaligned","noncognate",0,2332.24999999988,0,0.26,0,"low","noun","different","inanimate","abstract",7,7,"yes","high","high","high","school","yes","daily",38,"right","serious","yes","6"
"824","engagement","9476587","rsl_list2","35","rsl","nonaligned","noncognate",1,3127,0,0.26,0,"low","noun","different","inanimate","abstract",7,7,"yes","high","high","high","school","yes","daily",25,"right","serious","yes","5"
"825","engagement","9472740","rsl_list2","39","rsl","nonaligned","noncognate",0,2890.935,0,0.26,0,"low","noun","different","inanimate","abstract",7,7,"yes","high","high","high","other","yes","daily",24,"right","moderate","yes","7"
"826","engagement","9492137","rsl_list1","23","rsl","aligned","noncognate",1,387.722999999998,0,0.26,0,"low","noun","different","inanimate","abstract",7,7,"yes","high","high","high","other","yes","daily",28,"right","moderate","no","3"
"827","engagement","9473775","rsl_list2","5","rsl","nonaligned","noncognate",1,2386.36,0,0.26,0,"low","noun","different","inanimate","abstract",7,7,"yes","high","high","high","school","yes","daily",44,"right","considerable","no","7"
"828","engagement","9489076","rsl_list2","28","rsl","nonaligned","noncognate",1,456.119999904651,0,0.26,0,"low","noun","different","inanimate","abstract",7,7,"yes","high","high","high","parents","yes","daily",38,"right","serious","no","1"
"829","engagement","9482266","rsl_list1","19","rsl","aligned","noncognate",1,788.798999999999,0,0.26,0,"low","noun","different","inanimate","abstract",7,7,"yes","high","high","high","other","no","daily",35,"right","considerable","no","15"
"830","engagement","9541537","rsl_list1","46","rsl","aligned","noncognate",1,568.918000000005,0,0.26,0,"low","noun","different","inanimate","abstract",7,7,"yes","high","high","high","parents","yes","daily",34,"right","moderate","yes","0"
"831","engagement","9555631","rsl_list1","39","rsl","aligned","noncognate",1,657.748999988078,0,0.26,0,"low","noun","different","inanimate","abstract",7,7,"yes","high","high","high","other","no","daily",33,"right","considerable","yes","28"
"832","engagement","9458431","rsl_list2","43","rsl","nonaligned","noncognate",1,609.846999952337,0,0.26,0,"low","noun","different","inanimate","abstract",7,7,"yes","high","high","high","parents","yes","daily",38,"right","serious","yes","0"
"833","engagement","9647566","nsl_list1","16","nsl","aligned","noncognate",1,1654.63300001193,0,0.26,0,"low","noun","different","inanimate","abstract",7,7,"yes","high","high","high","other","no","often",81,"right","serious","no","19"
"834","engagement","9479027","nsl_list2","23","nsl","nonaligned","noncognate",0,1083.20500000002,0,0.26,0,"low","noun","different","inanimate","abstract",7,1,"yes","high","low","high","parents","yes","daily",48,"right","serious","yes","1"
"835","engagement","9477675","nsl_list2","12","nsl","nonaligned","noncognate",0,7196.35600001193,0,0.26,0,"low","noun","different","inanimate","abstract",7,3,"yes","high","low","high","other","yes","daily",41,"right","serious","no","3"
"836","engagement","9479413","nsl_list1","28","nsl","aligned","noncognate",1,906.867999856942,0,0.26,0,"low","noun","different","inanimate","abstract",7,7,"yes","high","high","high","other","yes","daily",55,"right","serious","no","16"
"837","engagement","9482437","nsl_list1","33","nsl","aligned","noncognate",1,566,0,0.26,0,"low","noun","different","inanimate","abstract",7,7,"yes","high","high","high","school","yes","daily",70,"right","serious","no","8"
"838","engagement","9477538","nsl_list2","36","nsl","nonaligned","noncognate",0,722.100000047707,0,0.26,0,"low","noun","different","inanimate","abstract",7,3,"yes","high","low","high","other","no","daily",37,"right","serious","yes","17"
"839","engagement","9481563","nsl_list2","13","nsl","nonaligned","noncognate",1,6354.44,0,0.26,0,"low","noun","different","inanimate","abstract",7,7,"yes","high","high","high","parents","yes","daily",50,"right","serious","yes","1"
"840","engagement","9476778","nsl_list1","47","nsl","aligned","noncognate",1,541.864000000001,0,0.26,0,"low","noun","different","inanimate","abstract",7,5,"yes","high","low","high","parents","yes","daily",46,"right","considerable","yes","0"
"841","engagement","9483072","nsl_list2","32","nsl","nonaligned","noncognate",0,2533.43599999923,0,0.26,0,"low","noun","different","inanimate","abstract",7,7,"yes","high","high","high","school","no","daily",45,"left","serious","no","14"
"842","engagement","9462565","nsl_list1","9","nsl","aligned","noncognate",0,4716,0,0.26,0,"low","noun","different","inanimate","abstract",7,1,"yes","high","low","high","parents","yes","daily",42,"right","serious","yes","0"
"843","engagement","9631781","nsl_list1","25","nsl","aligned","noncognate",1,3305,0,0.26,0,"low","noun","different","inanimate","abstract",7,7,"yes","high","high","high","other","no","often",81,"right","serious","no","19"
"844","engagement","9612157","nsl_list1","37","nsl","aligned","noncognate",1,601.67999998806,0,0.26,0,"low","noun","different","inanimate","abstract",7,7,"yes","high","high","high","school","yes","daily",28,"left","serious","yes","5"
"845","engagement","9454658","rsl_list1","9","rsl","aligned","noncognate",1,948,0,0.26,0,"low","noun","different","inanimate","abstract",7,7,"yes","high","high","high","other","yes","daily",29,"right","serious","no","5"
"846","engagement","9483878","rsl_list1","17","rsl","aligned","noncognate",1,801.899999999994,0,0.26,0,"low","noun","different","inanimate","abstract",7,7,"yes","high","high","high","parents","yes","daily",42,"right","considerable","yes","0"
"847","engagement","9377336","rsl_list2","41","rsl","nonaligned","noncognate",1,1028.10399997619,0,0.26,0,"low","noun","different","inanimate","abstract",7,7,"yes","high","high","high","school","yes","daily",48,"right","serious","no","6.5"
"848","engagement","9473190","rsl_list2","30","rsl","nonaligned","noncognate",1,1109.03100000299,0,0.26,0,"low","noun","different","inanimate","abstract",7,7,"yes","high","high","high","school","yes","daily",49,"right","serious","no","7"
"849","engagement","9696122","nsl_list1","43","nsl","aligned","noncognate",0,17917.1950000001,0,0.26,0,"low","noun","different","inanimate","abstract",4,4,"yes","low","low","high","parents","yes","daily",34,"right","serious","yes","1"
"850","engagement","9473110","rsl_list1","19","rsl","aligned","noncognate",1,294.899999999994,0,0.26,0,"low","noun","different","inanimate","abstract",7,7,"yes","high","high","high","other","yes","daily",36,"right","serious","yes","3.5"
"851","engagement","9477400","nsl_list2","18","nsl","nonaligned","noncognate",1,4199.63500004768,0,0.26,0,"low","noun","different","inanimate","abstract",7,7,"yes","high","high","high","other","yes","daily",44,"right","serious","yes","1"
"852","engagement","9493027","nsl_list2","18","nsl","nonaligned","noncognate",0,239.909999999625,0,0.26,0,"low","noun","different","inanimate","abstract",7,1,"yes","high","low","high","parents","yes","daily",31,"right","considerable","no","2"
"853","engagement","9368241","nsl_list2","26","nsl","nonaligned","noncognate",0,3014.57799999701,0,0.26,0,"low","noun","different","inanimate","abstract",7,5,"yes","high","low","high","other","yes","daily",37,"right","serious","yes","0.5"
"854","engagement","9481529","nsl_list2","34","nsl","nonaligned","noncognate",0,771.613999999943,0,0.26,0,"low","noun","different","inanimate","abstract",7,5,"yes","high","low","high","other","yes","daily",43,"right","serious","no","3.5"
"855","engagement","9687063","nsl_list1","21","nsl","aligned","noncognate",1,877.000000000029,0,0.26,0,"low","noun","different","inanimate","abstract",7,6,"yes","high","high","high","parents","no","daily",23,"right","serious","no","0"
"856","family","9687063","nsl_list1","30","nsl","nonaligned","cognate",1,1210,0,2.36,1.11,"high","noun","near","animate","concrete",4,5,"no","low","low","low","parents","no","daily",23,"right","serious","no","0"
"857","family","9462565","nsl_list1","15","nsl","nonaligned","cognate",1,2433.00000000003,0,2.36,1.11,"high","noun","near","animate","concrete",7,4,"yes","high","low","high","parents","yes","daily",42,"right","serious","yes","0"
"858","family","9473775","rsl_list2","39","rsl","nonaligned","cognate",1,686.380000000005,0,2.36,1.85,"high","noun","near","animate","concrete",7,1,"yes","high","low","high","school","yes","daily",44,"right","considerable","no","7"
"859","family","9482266","rsl_list1","7","rsl","aligned","cognate",1,1594.73099996423,0,2.36,1.85,"high","noun","near","animate","concrete",7,7,"yes","high","high","high","other","no","daily",35,"right","considerable","no","15"
"860","family","9489076","rsl_list2","14","rsl","nonaligned","cognate",1,266.050999856961,0,2.36,1.85,"high","noun","near","animate","concrete",7,7,"yes","high","high","high","parents","yes","daily",38,"right","serious","no","1"
"861","family","9477538","nsl_list2","26","nsl","aligned","cognate",1,1386.897,0,2.36,1.11,"high","noun","near","animate","concrete",7,7,"yes","high","high","high","other","no","daily",37,"right","serious","yes","17"
"862","family","9368241","nsl_list2","47","nsl","aligned","cognate",1,1142.81700000598,0,2.36,1.11,"high","noun","near","animate","concrete",7,6,"no","high","high","low","other","yes","daily",37,"right","serious","yes","0.5"
"863","family","9493027","nsl_list2","34","nsl","aligned","cognate",0,817.862999999255,0,2.36,1.11,"high","noun","near","animate","concrete",7,1,"yes","high","low","high","parents","yes","daily",31,"right","considerable","no","2"
"864","family","9479413","nsl_list1","38","nsl","nonaligned","cognate",1,1078.93099999998,0,2.36,1.11,"high","noun","near","animate","concrete",7,3,"yes","high","low","high","other","yes","daily",55,"right","serious","no","16"
"865","family","9481525","nsl_list1","44","nsl","nonaligned","cognate",1,985.041999982088,0,2.36,1.11,"high","noun","near","animate","concrete",7,6,"yes","high","high","high","caregiver","yes","daily",53,"right","serious","yes","48"
"866","family","9631781","nsl_list1","42","nsl","nonaligned","cognate",1,5174,0,2.36,1.11,"high","noun","near","animate","concrete",7,7,"yes","high","high","high","other","no","often",81,"right","serious","no","19"
"867","family","9477400","nsl_list2","24","nsl","aligned","cognate",1,1175.90000000002,0,2.36,1.11,"high","noun","near","animate","concrete",7,5,"yes","high","low","high","other","yes","daily",44,"right","serious","yes","1"
"868","family","9482437","nsl_list1","37","nsl","nonaligned","cognate",1,589,0,2.36,1.11,"high","noun","near","animate","concrete",7,7,"yes","high","high","high","school","yes","daily",70,"right","serious","no","8"
"869","family","9612157","nsl_list1","32","nsl","nonaligned","cognate",1,548.230000011914,0,2.36,1.11,"high","noun","near","animate","concrete",7,1,"yes","high","low","high","school","yes","daily",28,"left","serious","yes","5"
"870","family","9696122","nsl_list1","35","nsl","nonaligned","cognate",1,361.056000001496,0,2.36,1.11,"high","noun","near","animate","concrete",7,7,"yes","high","high","high","parents","yes","daily",34,"right","serious","yes","1"
"871","family","9647566","nsl_list1","47","nsl","nonaligned","cognate",1,781.33600001788,0,2.36,1.11,"high","noun","near","animate","concrete",7,7,"yes","high","high","high","other","no","often",81,"right","serious","no","19"
"872","family","9479027","nsl_list2","25","nsl","aligned","cognate",0,11054.1439999993,0,2.36,1.11,"high","noun","near","animate","concrete",7,2,"yes","high","low","high","parents","yes","daily",48,"right","serious","yes","1"
"873","family","9481529","nsl_list2","24","nsl","aligned","cognate",0,2913.17400001193,0,2.36,1.11,"high","noun","near","animate","concrete",7,5,"yes","high","low","high","other","yes","daily",43,"right","serious","no","3.5"
"874","family","9498903","nsl_list1","1","nsl","nonaligned","cognate",1,1635.5080002861,0,2.36,1.11,"high","noun","near","animate","concrete",7,7,"yes","high","high","high","school","yes","daily",49,"right","serious","no","18"
"875","family","9477675","nsl_list2","27","nsl","aligned","cognate",1,1589.64200001786,0,2.36,1.11,"high","noun","near","animate","concrete",7,6,"yes","high","high","high","other","yes","daily",41,"right","serious","no","3"
"876","family","9473190","rsl_list2","44","rsl","nonaligned","cognate",1,806.384000000078,0,2.36,1.85,"high","noun","near","animate","concrete",7,7,"yes","high","high","high","school","yes","daily",49,"right","serious","no","7"
"877","family","9537479","rsl_list2","13","rsl","nonaligned","cognate",1,868.619999999995,0,2.36,1.85,"high","noun","near","animate","concrete",7,7,"yes","high","high","high","parents","yes","daily",43,"right","serious","yes","0"
"878","family","9498014","rsl_list2","18","rsl","nonaligned","cognate",1,1104.95299999404,0,2.36,1.85,"high","noun","near","animate","concrete",7,2,"yes","high","low","high","other","no","daily",44,"right","considerable","no","16"
"879","family","9483913","rsl_list1","48","rsl","aligned","cognate",1,1000.11500000011,0,2.36,1.85,"high","noun","near","animate","concrete",7,7,"yes","high","high","high","parents","yes","daily",37,"right","considerable","yes","0"
"880","family","9458431","rsl_list2","38","rsl","nonaligned","cognate",1,419.588000047661,0,2.36,1.85,"high","noun","near","animate","concrete",7,7,"yes","high","high","high","parents","yes","daily",38,"right","serious","yes","0"
"881","family","9377336","rsl_list2","44","rsl","nonaligned","cognate",1,897.121999952302,0,2.36,1.85,"high","noun","near","animate","concrete",7,4,"yes","high","low","high","school","yes","daily",48,"right","serious","no","6.5"
"882","family","9479813","rsl_list2","25","rsl","nonaligned","cognate",1,443.484999998502,0,2.36,1.85,"high","noun","near","animate","concrete",7,7,"yes","high","high","high","parents","yes","daily",35,"right","considerable","no","0"
"883","family","9454567","rsl_list2","23","rsl","nonaligned","cognate",1,571.294000000053,0,2.36,1.85,"high","noun","near","animate","concrete",7,7,"yes","high","high","high","school","yes","daily",38,"right","serious","yes","6"
"884","family","9555238","rsl_list2","21","rsl","nonaligned","cognate",1,1029.34399999998,0,2.36,1.85,"high","noun","near","animate","concrete",7,4,"yes","high","low","high","caregiver","no","daily",13,"right","mild","no","0"
"885","family","9473110","rsl_list1","33","rsl","aligned","cognate",1,2050.07300000003,0,2.36,1.85,"high","noun","near","animate","concrete",7,7,"yes","high","high","high","other","yes","daily",36,"right","serious","yes","3.5"
"886","family","9555631","rsl_list1","30","rsl","aligned","cognate",1,579.823999994027,0,2.36,1.85,"high","noun","near","animate","concrete",7,7,"yes","high","high","high","other","no","daily",33,"right","considerable","yes","28"
"887","family","9455706","rsl_list1","35","rsl","aligned","cognate",1,1624.77099999983,0,2.36,1.85,"high","noun","near","animate","concrete",7,7,"yes","high","high","high","other","yes","daily",31,"right","considerable","no","7"
"888","family","9476778","nsl_list1","38","nsl","nonaligned","cognate",1,528.272999988054,0,2.36,1.11,"high","noun","near","animate","concrete",7,6,"yes","high","high","high","parents","yes","daily",46,"right","considerable","yes","0"
"889","family","9481563","nsl_list2","32","nsl","aligned","cognate",1,2916.48200000008,0,2.36,1.11,"high","noun","near","animate","concrete",7,7,"yes","high","high","high","parents","yes","daily",50,"right","serious","yes","1"
"890","family","9483072","nsl_list2","20","nsl","aligned","cognate",1,1060.04399999851,0,2.36,1.11,"high","noun","near","animate","concrete",7,7,"yes","high","high","high","school","no","daily",45,"left","serious","no","14"
"891","family","9685656","nsl_list2","5","nsl","aligned","cognate",1,9095.13499992847,0,2.36,1.11,"high","noun","near","animate","concrete",7,7,"yes","high","high","high","parents","yes","daily",48,"right","serious","yes","2"
"892","family","9503065","rsl_list1","20","rsl","aligned","cognate",1,2429.67399999851,0,2.36,1.85,"high","noun","near","animate","concrete",7,7,"yes","high","high","high","parents","yes","daily",36,"right","considerable","yes","0"
"893","family","9587228","rsl_list1","40","rsl","aligned","cognate",1,1030.29700000002,0,2.36,1.85,"high","noun","near","animate","concrete",7,7,"yes","high","high","high","parents","yes","daily",61,"right","considerable","no","0"
"894","family","9492137","rsl_list1","41","rsl","aligned","cognate",0,1389.95800000016,0,2.36,1.85,"high","noun","near","animate","concrete",7,1,"yes","high","low","high","other","yes","daily",28,"right","moderate","no","3"
"895","family","9541537","rsl_list1","7","rsl","aligned","cognate",1,917.875000001484,0,2.36,1.85,"high","noun","near","animate","concrete",7,7,"yes","high","high","high","parents","yes","daily",34,"right","moderate","yes","0"
"896","family","9476587","rsl_list2","47","rsl","nonaligned","cognate",1,963,0,2.36,1.85,"high","noun","near","animate","concrete",7,5,"yes","high","low","high","school","yes","daily",25,"right","serious","yes","5"
"897","family","9476391","rsl_list2","11","rsl","nonaligned","cognate",1,913.32799999995,0,2.36,1.85,"high","noun","near","animate","concrete",7,7,"yes","high","high","high","parents","yes","daily",32,"right","serious","no","2"
"898","family","9472740","rsl_list2","47","rsl","nonaligned","cognate",1,1609.91999999399,0,2.36,1.85,"high","noun","near","animate","concrete",7,1,"yes","high","low","high","other","yes","daily",24,"right","moderate","yes","7"
"899","family","9483878","rsl_list1","37","rsl","aligned","cognate",1,868.580000000016,0,2.36,1.85,"high","noun","near","animate","concrete",7,1,"yes","high","low","high","parents","yes","daily",42,"right","considerable","yes","0"
"900","family","9454658","rsl_list1","25","rsl","aligned","cognate",1,1321,0,2.36,1.85,"high","noun","near","animate","concrete",7,7,"yes","high","high","high","other","yes","daily",29,"right","serious","no","5"
"901","flower","9482437","nsl_list1","27","nsl","nonaligned","cognate",1,514,1.36,1.93,0,"low","noun","near","inanimate","concrete",7,7,"yes","high","high","high","school","yes","daily",70,"right","serious","no","8"
"902","flower","9476778","nsl_list1","41","nsl","nonaligned","cognate",0,1141.353,1.36,1.93,0,"low","noun","near","inanimate","concrete",7,7,"yes","high","high","high","parents","yes","daily",46,"right","considerable","yes","0"
"903","flower","9479413","nsl_list1","22","nsl","nonaligned","cognate",1,943.775999856938,1.36,1.93,0,"low","noun","near","inanimate","concrete",1,1,"no","low","low","low","other","yes","daily",55,"right","serious","no","16"
"904","flower","9647566","nsl_list1","39","nsl","nonaligned","cognate",1,1147.57700001192,1.36,1.93,0,"low","noun","near","inanimate","concrete",7,7,"yes","high","high","high","other","no","often",81,"right","serious","no","19"
"905","flower","9479027","nsl_list2","18","nsl","aligned","cognate",0,2149.56700000001,1.36,1.93,0,"low","noun","near","inanimate","concrete",5,4,"yes","low","low","high","parents","yes","daily",48,"right","serious","yes","1"
"906","flower","9696122","nsl_list1","4","nsl","nonaligned","cognate",1,3268.39800000149,1.36,1.93,0,"low","noun","near","inanimate","concrete",7,7,"yes","high","high","high","parents","yes","daily",34,"right","serious","yes","1"
"907","flower","9481529","nsl_list2","38","nsl","aligned","cognate",1,1346.52100001194,1.36,1.93,0,"low","noun","near","inanimate","concrete",7,4,"yes","high","low","high","other","yes","daily",43,"right","serious","no","3.5"
"908","flower","9477400","nsl_list2","11","nsl","aligned","cognate",1,1869.94299995233,1.36,1.93,0,"low","noun","near","inanimate","concrete",7,6,"yes","high","high","high","other","yes","daily",44,"right","serious","yes","1"
"909","flower","9481525","nsl_list1","1","nsl","nonaligned","cognate",1,2038.88299998212,1.36,1.93,0,"low","noun","near","inanimate","concrete",7,7,"yes","high","high","high","caregiver","yes","daily",53,"right","serious","yes","48"
"910","flower","9685656","nsl_list2","11","nsl","aligned","cognate",1,4799.55099995232,1.36,1.93,0,"low","noun","near","inanimate","concrete",7,6,"yes","high","high","high","parents","yes","daily",48,"right","serious","yes","2"
"911","flower","9368241","nsl_list2","14","nsl","aligned","cognate",1,1851.96000000893,1.36,1.93,0,"low","noun","near","inanimate","concrete",7,3,"yes","high","low","high","other","yes","daily",37,"right","serious","yes","0.5"
"912","flower","9477538","nsl_list2","31","nsl","aligned","cognate",1,1099.86000009539,1.36,1.93,0,"low","noun","near","inanimate","concrete",7,7,"yes","high","high","high","other","no","daily",37,"right","serious","yes","17"
"913","flower","9476587","rsl_list2","27","rsl","nonaligned","cognate",1,993,1.36,1.93,1.46,"high","noun","near","inanimate","concrete",7,7,"yes","high","high","high","school","yes","daily",25,"right","serious","yes","5"
"914","flower","9473110","rsl_list1","3","rsl","aligned","cognate",1,2243.43199999851,1.36,1.93,1.46,"high","noun","near","inanimate","concrete",7,5,"yes","high","low","high","other","yes","daily",36,"right","serious","yes","3.5"
"915","flower","9477675","nsl_list2","38","nsl","aligned","cognate",1,6151.6550000179,1.36,1.93,0,"low","noun","near","inanimate","concrete",7,7,"yes","high","high","high","other","yes","daily",41,"right","serious","no","3"
"916","flower","9483072","nsl_list2","33","nsl","aligned","cognate",1,3248.26299999852,1.36,1.93,0,"low","noun","near","inanimate","concrete",7,7,"yes","high","high","high","school","no","daily",45,"left","serious","no","14"
"917","flower","9462565","nsl_list1","16","nsl","nonaligned","cognate",1,1364,1.36,1.93,0,"low","noun","near","inanimate","concrete",7,4,"yes","high","low","high","parents","yes","daily",42,"right","serious","yes","0"
"918","flower","9498903","nsl_list1","15","nsl","nonaligned","cognate",1,709.381999904639,1.36,1.93,0,"low","noun","near","inanimate","concrete",7,7,"yes","high","high","high","school","yes","daily",49,"right","serious","no","18"
"919","flower","9481563","nsl_list2","2","nsl","aligned","cognate",1,4699.48,1.36,1.93,0,"low","noun","near","inanimate","concrete",7,7,"yes","high","high","high","parents","yes","daily",50,"right","serious","yes","1"
"920","flower","9612157","nsl_list1","9","nsl","nonaligned","cognate",1,523.610999964236,1.36,1.93,0,"low","noun","near","inanimate","concrete",7,4,"yes","high","low","high","school","yes","daily",28,"left","serious","yes","5"
"921","flower","9377336","rsl_list2","45","rsl","nonaligned","cognate",1,744.610999999975,1.36,1.93,1.46,"high","noun","near","inanimate","concrete",7,7,"yes","high","high","high","school","yes","daily",48,"right","serious","no","6.5"
"922","flower","9587228","rsl_list1","42","rsl","aligned","cognate",1,2133.95799999998,1.36,1.93,1.46,"high","noun","near","inanimate","concrete",7,4,"yes","high","low","high","parents","yes","daily",61,"right","considerable","no","0"
"923","flower","9483878","rsl_list1","21","rsl","aligned","cognate",1,365.460000000021,1.36,1.93,1.46,"high","noun","near","inanimate","concrete",7,6,"yes","high","low","high","parents","yes","daily",42,"right","considerable","yes","0"
"924","flower","9498014","rsl_list2","40","rsl","nonaligned","cognate",1,1139.69799999997,1.36,1.93,1.46,"high","noun","near","inanimate","concrete",7,7,"yes","high","high","high","other","no","daily",44,"right","considerable","no","16"
"925","flower","9454567","rsl_list2","47","rsl","nonaligned","cognate",1,219.082999999926,1.36,1.93,1.46,"high","noun","near","inanimate","concrete",7,4,"yes","high","low","high","school","yes","daily",38,"right","serious","yes","6"
"926","flower","9503065","rsl_list1","17","rsl","aligned","cognate",0,5200.652,1.36,1.93,1.46,"high","noun","near","inanimate","concrete",7,1,"yes","high","low","high","parents","yes","daily",36,"right","considerable","yes","0"
"927","flower","9454658","rsl_list1","8","rsl","aligned","cognate",1,981,1.36,1.93,1.46,"high","noun","near","inanimate","concrete",7,7,"yes","high","high","high","other","yes","daily",29,"right","serious","no","5"
"928","flower","9458431","rsl_list2","13","rsl","nonaligned","cognate",1,487.385999904625,1.36,1.93,1.46,"high","noun","near","inanimate","concrete",7,4,"yes","high","low","high","parents","yes","daily",38,"right","serious","yes","0"
"929","flower","9555631","rsl_list1","25","rsl","aligned","cognate",1,1005.42999999406,1.36,1.93,1.46,"high","noun","near","inanimate","concrete",7,7,"yes","high","high","high","other","no","daily",33,"right","considerable","yes","28"
"930","flower","9489076","rsl_list2","25","rsl","nonaligned","cognate",1,297.59999985696,1.36,1.93,1.46,"high","noun","near","inanimate","concrete",7,4,"yes","high","low","high","parents","yes","daily",38,"right","serious","no","1"
"931","flower","9537479","rsl_list2","29","rsl","nonaligned","cognate",1,658.440000000002,1.36,1.93,1.46,"high","noun","near","inanimate","concrete",7,7,"yes","high","high","high","parents","yes","daily",43,"right","serious","yes","0"
"932","flower","9455706","rsl_list1","44","rsl","aligned","cognate",1,2007.8279999994,1.36,1.93,1.46,"high","noun","near","inanimate","concrete",7,7,"yes","high","high","high","other","yes","daily",31,"right","considerable","no","7"
"933","flower","9492137","rsl_list1","19","rsl","aligned","cognate",1,986.06700000001,1.36,1.93,1.46,"high","noun","near","inanimate","concrete",7,1,"yes","high","low","high","other","yes","daily",28,"right","moderate","no","3"
"934","flower","9493027","nsl_list2","27","nsl","aligned","cognate",0,5391.51899999983,1.36,1.93,0,"low","noun","near","inanimate","concrete",7,2,"no","high","low","low","parents","yes","daily",31,"right","considerable","no","2"
"935","flower","9631781","nsl_list1","19","nsl","nonaligned","cognate",0,2296,1.36,1.93,0,"low","noun","near","inanimate","concrete",7,7,"yes","high","high","high","other","no","often",81,"right","serious","no","19"
"936","flower","9687063","nsl_list1","39","nsl","nonaligned","cognate",1,1563,1.36,1.93,0,"low","noun","near","inanimate","concrete",6,4,"yes","low","low","high","parents","no","daily",23,"right","serious","no","0"
"937","flower","9555238","rsl_list2","15","rsl","nonaligned","cognate",1,1101.32699999999,1.36,1.93,1.46,"high","noun","near","inanimate","concrete",7,6,"yes","high","low","high","caregiver","no","daily",13,"right","mild","no","0"
"938","flower","9479813","rsl_list2","2","rsl","nonaligned","cognate",1,125.668999995527,1.36,1.93,1.46,"high","noun","near","inanimate","concrete",7,7,"yes","high","high","high","parents","yes","daily",35,"right","considerable","no","0"
"939","flower","9472740","rsl_list2","13","rsl","nonaligned","cognate",1,1893.17499999105,1.36,1.93,1.46,"high","noun","near","inanimate","concrete",7,7,"yes","high","high","high","other","yes","daily",24,"right","moderate","yes","7"
"940","flower","9476391","rsl_list2","20","rsl","nonaligned","cognate",1,1186.02600000013,1.36,1.93,1.46,"high","noun","near","inanimate","concrete",7,7,"yes","high","high","high","parents","yes","daily",32,"right","serious","no","2"
"941","flower","9473775","rsl_list2","26","rsl","nonaligned","cognate",1,855.900000000023,1.36,1.93,1.46,"high","noun","near","inanimate","concrete",7,7,"yes","high","high","high","school","yes","daily",44,"right","considerable","no","7"
"942","flower","9482266","rsl_list1","35","rsl","aligned","cognate",1,1058.12499996426,1.36,1.93,1.46,"high","noun","near","inanimate","concrete",7,5,"yes","high","low","high","other","no","daily",35,"right","considerable","no","15"
"943","flower","9473190","rsl_list2","18","rsl","nonaligned","cognate",1,1549.95100000594,1.36,1.93,1.46,"high","noun","near","inanimate","concrete",7,7,"yes","high","high","high","school","yes","daily",49,"right","serious","no","7"
"944","flower","9483913","rsl_list1","17","rsl","aligned","cognate",1,1166.83800000005,1.36,1.93,1.46,"high","noun","near","inanimate","concrete",7,7,"yes","high","high","high","parents","yes","daily",37,"right","considerable","yes","0"
"945","flower","9541537","rsl_list1","3","rsl","aligned","cognate",1,856.29800000447,1.36,1.93,1.46,"high","noun","near","inanimate","concrete",7,7,"yes","high","high","high","parents","yes","daily",34,"right","moderate","yes","0"
"946","frog","9537479","rsl_list2","45","rsl","nonaligned","noncognate",1,1927.47999999998,0.59,1.11,0,"low","noun","different","animate","concrete",5,7,"no","low","high","low","parents","yes","daily",43,"right","serious","yes","0"
"947","frog","9454658","rsl_list1","38","rsl","aligned","noncognate",1,605,0.59,1.11,0,"low","noun","different","animate","concrete",7,7,"yes","high","high","high","other","yes","daily",29,"right","serious","no","5"
"948","frog","9498903","nsl_list1","46","nsl","aligned","noncognate",1,440.458000190731,0.59,1.11,1.25,"high","noun","different","animate","concrete",7,7,"yes","high","high","high","school","yes","daily",49,"right","serious","no","18"
"949","frog","9462565","nsl_list1","1","nsl","aligned","noncognate",1,584,0.59,1.11,1.25,"high","noun","different","animate","concrete",7,7,"yes","high","high","high","parents","yes","daily",42,"right","serious","yes","0"
"950","frog","9483913","rsl_list1","26","rsl","aligned","noncognate",1,1206.75200000149,0.59,1.11,0,"low","noun","different","animate","concrete",7,7,"no","high","high","low","parents","yes","daily",37,"right","considerable","yes","0"
"951","frog","9489076","rsl_list2","15","rsl","nonaligned","noncognate",1,406.038999904646,0.59,1.11,0,"low","noun","different","animate","concrete",7,7,"yes","high","high","high","parents","yes","daily",38,"right","serious","no","1"
"952","frog","9473110","rsl_list1","32","rsl","aligned","noncognate",1,1277.9389999985,0.59,1.11,0,"low","noun","different","animate","concrete",7,7,"yes","high","high","high","other","yes","daily",36,"right","serious","yes","3.5"
"953","frog","9587228","rsl_list1","7","rsl","aligned","noncognate",1,1640.85500000298,0.59,1.11,0,"low","noun","different","animate","concrete",7,7,"yes","high","high","high","parents","yes","daily",61,"right","considerable","no","0"
"954","frog","9476391","rsl_list2","45","rsl","nonaligned","noncognate",1,1813.26699999999,0.59,1.11,0,"low","noun","different","animate","concrete",7,7,"yes","high","high","high","parents","yes","daily",32,"right","serious","no","2"
"955","frog","9555631","rsl_list1","7","rsl","aligned","noncognate",1,1730.13499998213,0.59,1.11,0,"low","noun","different","animate","concrete",7,7,"yes","high","high","high","other","no","daily",33,"right","considerable","yes","28"
"956","frog","9458431","rsl_list2","33","rsl","nonaligned","noncognate",1,716.314999904658,0.59,1.11,0,"low","noun","different","animate","concrete",7,7,"yes","high","high","high","parents","yes","daily",38,"right","serious","yes","0"
"957","frog","9503065","rsl_list1","13","rsl","aligned","noncognate",1,973.602999998518,0.59,1.11,0,"low","noun","different","animate","concrete",7,7,"yes","high","high","high","parents","yes","daily",36,"right","considerable","yes","0"
"958","frog","9479813","rsl_list2","26","rsl","nonaligned","noncognate",1,667.076000000001,0.59,1.11,0,"low","noun","different","animate","concrete",7,7,"yes","high","high","high","parents","yes","daily",35,"right","considerable","no","0"
"959","frog","9482266","rsl_list1","32","rsl","aligned","noncognate",1,1621.18399997614,0.59,1.11,0,"low","noun","different","animate","concrete",7,7,"no","high","high","low","other","no","daily",35,"right","considerable","no","15"
"960","frog","9476587","rsl_list2","44","rsl","nonaligned","noncognate",1,1270,0.59,1.11,0,"low","noun","different","animate","concrete",7,7,"yes","high","high","high","school","yes","daily",25,"right","serious","yes","5"
"961","frog","9541537","rsl_list1","29","rsl","aligned","noncognate",1,557.784000002954,0.59,1.11,0,"low","noun","different","animate","concrete",7,7,"no","high","high","low","parents","yes","daily",34,"right","moderate","yes","0"
"962","frog","9498014","rsl_list2","43","rsl","nonaligned","noncognate",1,2463.00100001192,0.59,1.11,0,"low","noun","different","animate","concrete",5,6,"no","low","low","low","other","no","daily",44,"right","considerable","no","16"
"963","frog","9455706","rsl_list1","43","rsl","aligned","noncognate",1,1451.46299999999,0.59,1.11,0,"low","noun","different","animate","concrete",7,7,"yes","high","high","high","other","yes","daily",31,"right","considerable","no","7"
"964","frog","9454567","rsl_list2","28","rsl","nonaligned","noncognate",1,525.228000000061,0.59,1.11,0,"low","noun","different","animate","concrete",7,7,"no","high","high","low","school","yes","daily",38,"right","serious","yes","6"
"965","frog","9473190","rsl_list2","11","rsl","nonaligned","noncognate",1,2251.54100000448,0.59,1.11,0,"low","noun","different","animate","concrete",7,7,"yes","high","high","high","school","yes","daily",49,"right","serious","no","7"
"966","frog","9492137","rsl_list1","21","rsl","aligned","noncognate",1,1770.92400000055,0.59,1.11,0,"low","noun","different","animate","concrete",7,7,"no","high","high","low","other","yes","daily",28,"right","moderate","no","3"
"967","frog","9483878","rsl_list1","34","rsl","aligned","noncognate",1,812.739999999991,0.59,1.11,0,"low","noun","different","animate","concrete",7,7,"yes","high","high","high","parents","yes","daily",42,"right","considerable","yes","0"
"968","frog","9493027","nsl_list2","45","nsl","nonaligned","noncognate",0,1373.62899999926,0.59,1.11,1.25,"high","noun","different","animate","concrete",7,7,"yes","high","high","high","parents","yes","daily",31,"right","considerable","no","2"
"969","frog","9555238","rsl_list2","24","rsl","nonaligned","noncognate",1,1910.25899999402,0.59,1.11,0,"low","noun","different","animate","concrete",6,5,"no","low","low","low","caregiver","no","daily",13,"right","mild","no","0"
"970","frog","9473775","rsl_list2","19","rsl","nonaligned","noncognate",1,1479.90000000002,0.59,1.11,0,"low","noun","different","animate","concrete",7,7,"yes","high","high","high","school","yes","daily",44,"right","considerable","no","7"
"971","frog","9377336","rsl_list2","28","rsl","nonaligned","noncognate",1,1460.10799998807,0.59,1.11,0,"low","noun","different","animate","concrete",7,7,"yes","high","high","high","school","yes","daily",48,"right","serious","no","6.5"
"972","frog","9472740","rsl_list2","1","rsl","nonaligned","noncognate",1,1326.41799999404,0.59,1.11,0,"low","noun","different","animate","concrete",7,7,"yes","high","high","high","other","yes","daily",24,"right","moderate","yes","7"
"973","frog","9647566","nsl_list1","32","nsl","aligned","noncognate",1,497.803000011947,0.59,1.11,1.25,"high","noun","different","animate","concrete",7,7,"yes","high","high","high","other","no","often",81,"right","serious","no","19"
"974","frog","9477400","nsl_list2","7","nsl","nonaligned","noncognate",1,1348.40799995231,0.59,1.11,1.25,"high","noun","different","animate","concrete",7,7,"yes","high","high","high","other","yes","daily",44,"right","serious","yes","1"
"975","frog","9631781","nsl_list1","12","nsl","aligned","noncognate",0,7604,0.59,1.11,1.25,"high","noun","different","animate","concrete",7,7,"yes","high","high","high","other","no","often",81,"right","serious","no","19"
"976","frog","9477675","nsl_list2","26","nsl","nonaligned","noncognate",1,738.129000023822,0.59,1.11,1.25,"high","noun","different","animate","concrete",7,7,"yes","high","high","high","other","yes","daily",41,"right","serious","no","3"
"977","frog","9483072","nsl_list2","30","nsl","nonaligned","noncognate",1,868.80399999849,0.59,1.11,1.25,"high","noun","different","animate","concrete",7,7,"yes","high","high","high","school","no","daily",45,"left","serious","no","14"
"978","frog","9479027","nsl_list2","1","nsl","nonaligned","noncognate",0,18353.2639999978,0.59,1.11,1.25,"high","noun","different","animate","concrete",7,7,"yes","high","high","high","parents","yes","daily",48,"right","serious","yes","1"
"979","frog","9477538","nsl_list2","30","nsl","nonaligned","noncognate",1,736.993000047689,0.59,1.11,1.25,"high","noun","different","animate","concrete",7,7,"yes","high","high","high","other","no","daily",37,"right","serious","yes","17"
"980","frog","9368241","nsl_list2","38","nsl","nonaligned","noncognate",1,1376.31500000594,0.59,1.11,1.25,"high","noun","different","animate","concrete",7,7,"no","high","high","low","other","yes","daily",37,"right","serious","yes","0.5"
"981","frog","9481525","nsl_list1","28","nsl","aligned","noncognate",1,638.129999994067,0.59,1.11,1.25,"high","noun","different","animate","concrete",7,7,"yes","high","high","high","caregiver","yes","daily",53,"right","serious","yes","48"
"982","frog","9476778","nsl_list1","36","nsl","aligned","noncognate",1,236.949000000022,0.59,1.11,1.25,"high","noun","different","animate","concrete",7,7,"yes","high","high","high","parents","yes","daily",46,"right","considerable","yes","0"
"983","frog","9696122","nsl_list1","8","nsl","aligned","noncognate",1,440.973000002239,0.59,1.11,1.25,"high","noun","different","animate","concrete",7,7,"yes","high","high","high","parents","yes","daily",34,"right","serious","yes","1"
"984","frog","9479413","nsl_list1","39","nsl","aligned","noncognate",1,673.896999904653,0.59,1.11,1.25,"high","noun","different","animate","concrete",7,7,"yes","high","high","high","other","yes","daily",55,"right","serious","no","16"
"985","frog","9612157","nsl_list1","45","nsl","aligned","noncognate",1,83.731999976153,0.59,1.11,1.25,"high","noun","different","animate","concrete",7,7,"yes","high","high","high","school","yes","daily",28,"left","serious","yes","5"
"986","frog","9687063","nsl_list1","44","nsl","aligned","noncognate",1,580.000000000058,0.59,1.11,1.25,"high","noun","different","animate","concrete",7,7,"yes","high","high","high","parents","no","daily",23,"right","serious","no","0"
"987","frog","9481563","nsl_list2","39","nsl","nonaligned","noncognate",1,816.540000011912,0.59,1.11,1.25,"high","noun","different","animate","concrete",7,7,"yes","high","high","high","parents","yes","daily",50,"right","serious","yes","1"
"988","frog","9685656","nsl_list2","40","nsl","nonaligned","noncognate",1,1358.16899992846,0.59,1.11,1.25,"high","noun","different","animate","concrete",7,7,"yes","high","high","high","parents","yes","daily",48,"right","serious","yes","2"
"989","frog","9481529","nsl_list2","47","nsl","nonaligned","noncognate",1,262.344999999972,0.59,1.11,1.25,"high","noun","different","animate","concrete",7,7,"yes","high","high","high","other","yes","daily",43,"right","serious","no","3.5"
"990","frog","9482437","nsl_list1","36","nsl","aligned","noncognate",1,1126,0.59,1.11,1.25,"high","noun","different","animate","concrete",7,7,"yes","high","high","high","school","yes","daily",70,"right","serious","no","8"
"991","gorilla","9492137","rsl_list1","32","rsl","nonaligned","noncognate",1,1760.74099999998,0.34,0.26,0,"low","noun","different","animate","concrete",7,7,"yes","high","high","high","other","yes","daily",28,"right","moderate","no","3"
"992","gorilla","9454567","rsl_list2","18","rsl","aligned","noncognate",1,1247.06100000005,0.34,0.26,0,"low","noun","different","animate","concrete",7,7,"yes","high","high","high","school","yes","daily",38,"right","serious","yes","6"
"993","gorilla","9479413","nsl_list1","18","nsl","nonaligned","noncognate",1,571.114000047688,0.34,0.26,0,"low","noun","different","animate","concrete",7,7,"yes","high","high","high","other","yes","daily",55,"right","serious","no","16"
"994","gorilla","9462565","nsl_list1","5","nsl","nonaligned","noncognate",1,800,0.34,0.26,0,"low","noun","different","animate","concrete",7,7,"yes","high","high","high","parents","yes","daily",42,"right","serious","yes","0"
"995","gorilla","9498903","nsl_list1","24","nsl","nonaligned","noncognate",1,677.788000286091,0.34,0.26,0,"low","noun","different","animate","concrete",7,7,"yes","high","high","high","school","yes","daily",49,"right","serious","no","18"
"996","gorilla","9696122","nsl_list1","13","nsl","nonaligned","noncognate",1,169.375,0.34,0.26,0,"low","noun","different","animate","concrete",7,7,"yes","high","high","high","parents","yes","daily",34,"right","serious","yes","1"
"997","gorilla","9481563","nsl_list2","4","nsl","aligned","noncognate",1,1033.24000000001,0.34,0.26,0,"low","noun","different","animate","concrete",7,7,"yes","high","high","high","parents","yes","daily",50,"right","serious","yes","1"
"998","gorilla","9631781","nsl_list1","20","nsl","nonaligned","noncognate",0,3243.00000000012,0.34,0.26,0,"low","noun","different","animate","concrete",5,5,"yes","low","low","high","other","no","often",81,"right","serious","no","19"
"999","gorilla","9368241","nsl_list2","10","nsl","aligned","noncognate",1,579.154000005961,0.34,0.26,0,"low","noun","different","animate","concrete",7,7,"yes","high","high","high","other","yes","daily",37,"right","serious","yes","0.5"
"1000","gorilla","9481529","nsl_list2","37","nsl","aligned","noncognate",1,70.2950000000419,0.34,0.26,0,"low","noun","different","animate","concrete",7,7,"yes","high","high","high","other","yes","daily",43,"right","serious","no","3.5"
"1001","gorilla","9477675","nsl_list2","45","nsl","aligned","noncognate",1,266.203999999969,0.34,0.26,0,"low","noun","different","animate","concrete",7,7,"yes","high","high","high","other","yes","daily",41,"right","serious","no","3"
"1002","gorilla","9482437","nsl_list1","11","nsl","nonaligned","noncognate",1,698,0.34,0.26,0,"low","noun","different","animate","concrete",7,7,"yes","high","high","high","school","yes","daily",70,"right","serious","no","8"
"1003","gorilla","9647566","nsl_list1","9","nsl","nonaligned","noncognate",1,600.835999999996,0.34,0.26,0,"low","noun","different","animate","concrete",7,7,"yes","high","high","high","other","no","often",81,"right","serious","no","19"
"1004","gorilla","9685656","nsl_list2","16","nsl","aligned","noncognate",1,319.091999952303,0.34,0.26,0,"low","noun","different","animate","concrete",7,7,"yes","high","high","high","parents","yes","daily",48,"right","serious","yes","2"
"1005","gorilla","9493027","nsl_list2","8","nsl","aligned","noncognate",1,447.578999999445,0.34,0.26,0,"low","noun","different","animate","concrete",7,7,"yes","high","high","high","parents","yes","daily",31,"right","considerable","no","2"
"1006","gorilla","9481525","nsl_list1","29","nsl","nonaligned","noncognate",1,564.153999988106,0.34,0.26,0,"low","noun","different","animate","concrete",7,7,"yes","high","high","high","caregiver","yes","daily",53,"right","serious","yes","48"
"1007","gorilla","9479027","nsl_list2","24","nsl","aligned","noncognate",1,932.341000000015,0.34,0.26,0,"low","noun","different","animate","concrete",7,7,"yes","high","high","high","parents","yes","daily",48,"right","serious","yes","1"
"1008","gorilla","9483072","nsl_list2","5","nsl","aligned","noncognate",1,1377.57399999925,0.34,0.26,0,"low","noun","different","animate","concrete",7,7,"yes","high","high","high","school","no","daily",45,"left","serious","no","14"
"1009","gorilla","9612157","nsl_list1","25","nsl","nonaligned","noncognate",1,561.136000011931,0.34,0.26,0,"low","noun","different","animate","concrete",7,7,"yes","high","high","high","school","yes","daily",28,"left","serious","yes","5"
"1010","gorilla","9476778","nsl_list1","20","nsl","nonaligned","noncognate",1,672.074999994045,0.34,0.26,0,"low","noun","different","animate","concrete",7,7,"yes","high","high","high","parents","yes","daily",46,"right","considerable","yes","0"
"1011","gorilla","9477538","nsl_list2","39","nsl","aligned","noncognate",1,368.858999999997,0.34,0.26,0,"low","noun","different","animate","concrete",7,7,"yes","high","high","high","other","no","daily",37,"right","serious","yes","17"
"1012","gorilla","9687063","nsl_list1","33","nsl","nonaligned","noncognate",1,320,0.34,0.26,0,"low","noun","different","animate","concrete",7,7,"yes","high","high","high","parents","no","daily",23,"right","serious","no","0"
"1013","gorilla","9477400","nsl_list2","20","nsl","aligned","noncognate",1,1038.88199995231,0.34,0.26,0,"low","noun","different","animate","concrete",7,7,"yes","high","high","high","other","yes","daily",44,"right","serious","yes","1"
"1014","gorilla","9503065","rsl_list1","45","rsl","nonaligned","noncognate",1,1908.24100000074,0.34,0.26,0,"low","noun","different","animate","concrete",7,7,"yes","high","high","high","parents","yes","daily",36,"right","considerable","yes","0"
"1015","gorilla","9483913","rsl_list1","25","rsl","nonaligned","noncognate",1,2111.71700000076,0.34,0.26,0,"low","noun","different","animate","concrete",7,7,"yes","high","high","high","parents","yes","daily",37,"right","considerable","yes","0"
"1016","gorilla","9482266","rsl_list1","20","rsl","nonaligned","noncognate",1,2374.37299998809,0.34,0.26,0,"low","noun","different","animate","concrete",7,6,"yes","high","low","high","other","no","daily",35,"right","considerable","no","15"
"1017","gorilla","9489076","rsl_list2","24","rsl","aligned","noncognate",1,453.042999809259,0.34,0.26,0,"low","noun","different","animate","concrete",7,7,"yes","high","high","high","parents","yes","daily",38,"right","serious","no","1"
"1018","gorilla","9479813","rsl_list2","8","rsl","aligned","noncognate",1,624.244999997027,0.34,0.26,0,"low","noun","different","animate","concrete",7,7,"yes","high","high","high","parents","yes","daily",35,"right","considerable","no","0"
"1019","gorilla","9473190","rsl_list2","28","rsl","aligned","noncognate",1,2125.54300000001,0.34,0.26,0,"low","noun","different","animate","concrete",7,7,"yes","high","high","high","school","yes","daily",49,"right","serious","no","7"
"1020","gorilla","9541537","rsl_list1","16","rsl","nonaligned","noncognate",1,1015.886,0.34,0.26,0,"low","noun","different","animate","concrete",7,7,"yes","high","high","high","parents","yes","daily",34,"right","moderate","yes","0"
"1021","gorilla","9483878","rsl_list1","19","rsl","nonaligned","noncognate",1,450.839999999997,0.34,0.26,0,"low","noun","different","animate","concrete",7,4,"yes","high","low","high","parents","yes","daily",42,"right","considerable","yes","0"
"1022","gorilla","9473110","rsl_list1","1","rsl","nonaligned","noncognate",1,2580.883,0.34,0.26,0,"low","noun","different","animate","concrete",7,7,"yes","high","high","high","other","yes","daily",36,"right","serious","yes","3.5"
"1023","gorilla","9555631","rsl_list1","43","rsl","nonaligned","noncognate",1,3243.00400000601,0.34,0.26,0,"low","noun","different","animate","concrete",7,7,"yes","high","high","high","other","no","daily",33,"right","considerable","yes","28"
"1024","gorilla","9455706","rsl_list1","5","rsl","nonaligned","noncognate",1,3857.35099999944,0.34,0.26,0,"low","noun","different","animate","concrete",6,6,"yes","low","low","high","other","yes","daily",31,"right","considerable","no","7"
"1025","gorilla","9476391","rsl_list2","16","rsl","aligned","noncognate",1,2008.02099999995,0.34,0.26,0,"low","noun","different","animate","concrete",7,7,"no","high","high","low","parents","yes","daily",32,"right","serious","no","2"
"1026","gorilla","9498014","rsl_list2","26","rsl","aligned","noncognate",1,3087.32199999405,0.34,0.26,0,"low","noun","different","animate","concrete",6,6,"yes","low","low","high","other","no","daily",44,"right","considerable","no","16"
"1027","gorilla","9537479","rsl_list2","41","rsl","aligned","noncognate",1,876.979999999981,0.34,0.26,0,"low","noun","different","animate","concrete",7,7,"yes","high","high","high","parents","yes","daily",43,"right","serious","yes","0"
"1028","gorilla","9454658","rsl_list1","36","rsl","nonaligned","noncognate",1,1548,0.34,0.26,0,"low","noun","different","animate","concrete",7,7,"yes","high","high","high","other","yes","daily",29,"right","serious","no","5"
"1029","gorilla","9458431","rsl_list2","44","rsl","aligned","noncognate",1,1156.054,0.34,0.26,0,"low","noun","different","animate","concrete",7,7,"no","high","high","low","parents","yes","daily",38,"right","serious","yes","0"
"1030","gorilla","9587228","rsl_list1","8","rsl","nonaligned","noncognate",1,1991.42700000224,0.34,0.26,0,"low","noun","different","animate","concrete",7,7,"yes","high","high","high","parents","yes","daily",61,"right","considerable","no","0"
"1031","gorilla","9473775","rsl_list2","20","rsl","aligned","noncognate",1,2248.44,0.34,0.26,0,"low","noun","different","animate","concrete",7,7,"no","high","high","low","school","yes","daily",44,"right","considerable","no","7"
"1032","gorilla","9555238","rsl_list2","37","rsl","aligned","noncognate",1,2038.88599998213,0.34,0.26,0,"low","noun","different","animate","concrete",4,3,"no","low","low","low","caregiver","no","daily",13,"right","mild","no","0"
"1033","gorilla","9377336","rsl_list2","17","rsl","aligned","noncognate",1,1791.93799996423,0.34,0.26,0,"low","noun","different","animate","concrete",7,7,"yes","high","high","high","school","yes","daily",48,"right","serious","no","6.5"
"1034","gorilla","9472740","rsl_list2","24","rsl","aligned","noncognate",1,1870.90100000001,0.34,0.26,0,"low","noun","different","animate","concrete",7,7,"yes","high","high","high","other","yes","daily",24,"right","moderate","yes","7"
"1035","gorilla","9476587","rsl_list2","34","rsl","aligned","noncognate",1,2157,0.34,0.26,0,"low","noun","different","animate","concrete",7,6,"yes","high","low","high","school","yes","daily",25,"right","serious","yes","5"
"1036","jump","9477400","nsl_list2","45","nsl","nonaligned","cognate",1,501.402999904647,1.65,1.52,0.3,"low","verb","exact","telic","intrans",7,7,"yes","high","high","high","other","yes","daily",44,"right","serious","yes","1"
"1037","jump","9612157","nsl_list1","22","nsl","aligned","cognate",1,43.8950000119221,1.65,1.52,0.3,"low","verb","exact","telic","intrans",7,7,"yes","high","high","high","school","yes","daily",28,"left","serious","yes","5"
"1038","jump","9476778","nsl_list1","34","nsl","aligned","cognate",1,169.827000005986,1.65,1.52,0.3,"low","verb","exact","telic","intrans",7,7,"yes","high","high","high","parents","yes","daily",46,"right","considerable","yes","0"
"1039","jump","9687063","nsl_list1","5","nsl","aligned","cognate",1,2913,1.65,1.52,0.3,"low","verb","exact","telic","intrans",7,5,"yes","high","low","high","parents","no","daily",23,"right","serious","no","0"
"1040","jump","9483072","nsl_list2","37","nsl","nonaligned","cognate",1,1932.0180000015,1.65,1.52,0.3,"low","verb","exact","telic","intrans",7,7,"yes","high","high","high","school","no","daily",45,"left","serious","no","14"
"1041","jump","9537479","rsl_list2","7","rsl","aligned","cognate",0,3236.88,1.65,1.52,0.9,"high","verb","exact","telic","intrans",7,5,"yes","high","low","high","parents","yes","daily",43,"right","serious","yes","0"
"1042","jump","9503065","rsl_list1","22","rsl","nonaligned","cognate",0,2083.182,1.65,1.52,0.9,"high","verb","exact","telic","intrans",7,7,"yes","high","high","high","parents","yes","daily",36,"right","considerable","yes","0"
"1043","jump","9483878","rsl_list1","18","rsl","nonaligned","cognate",1,1309.79999999999,1.65,1.52,0.9,"high","verb","exact","telic","intrans",7,7,"yes","high","high","high","parents","yes","daily",42,"right","considerable","yes","0"
"1044","jump","9587228","rsl_list1","25","rsl","nonaligned","cognate",1,2366.50400000007,1.65,1.52,0.9,"high","verb","exact","telic","intrans",7,7,"yes","high","high","high","parents","yes","daily",61,"right","considerable","no","0"
"1045","jump","9498014","rsl_list2","41","rsl","aligned","cognate",1,1021.31000000006,1.65,1.52,0.9,"high","verb","exact","telic","intrans",7,7,"yes","high","high","high","other","no","daily",44,"right","considerable","no","16"
"1046","jump","9472740","rsl_list2","30","rsl","aligned","cognate",1,1842.32999999105,1.65,1.52,0.9,"high","verb","exact","telic","intrans",7,7,"yes","high","high","high","other","yes","daily",24,"right","moderate","yes","7"
"1047","jump","9454658","rsl_list1","33","rsl","nonaligned","cognate",1,2631,1.65,1.52,0.9,"high","verb","exact","telic","intrans",7,7,"yes","high","high","high","other","yes","daily",29,"right","serious","no","5"
"1048","jump","9473775","rsl_list2","31","rsl","aligned","cognate",1,794.380000000005,1.65,1.52,0.9,"high","verb","exact","telic","intrans",7,7,"yes","high","high","high","school","yes","daily",44,"right","considerable","no","7"
"1049","jump","9481525","nsl_list1","6","nsl","aligned","cognate",1,1206.35599998212,1.65,1.52,0.3,"low","verb","exact","telic","intrans",7,7,"yes","high","high","high","caregiver","yes","daily",53,"right","serious","yes","48"
"1050","jump","9462565","nsl_list1","6","nsl","aligned","cognate",1,716,1.65,1.52,0.3,"low","verb","exact","telic","intrans",7,7,"yes","high","high","high","parents","yes","daily",42,"right","serious","yes","0"
"1051","jump","9481563","nsl_list2","1","nsl","nonaligned","cognate",1,2271.22000001192,1.65,1.52,0.3,"low","verb","exact","telic","intrans",7,7,"yes","high","high","high","parents","yes","daily",50,"right","serious","yes","1"
"1052","jump","9479413","nsl_list1","43","nsl","aligned","cognate",1,584.537999856926,1.65,1.52,0.3,"low","verb","exact","telic","intrans",7,7,"yes","high","high","high","other","yes","daily",55,"right","serious","no","16"
"1053","jump","9454567","rsl_list2","42","rsl","aligned","cognate",1,281.194999999891,1.65,1.52,0.9,"high","verb","exact","telic","intrans",7,7,"yes","high","high","high","school","yes","daily",38,"right","serious","yes","6"
"1054","jump","9458431","rsl_list2","8","rsl","aligned","cognate",1,734.124999904627,1.65,1.52,0.9,"high","verb","exact","telic","intrans",7,7,"yes","high","high","high","parents","yes","daily",38,"right","serious","yes","0"
"1055","jump","9489076","rsl_list2","39","rsl","aligned","cognate",1,303.685999999987,1.65,1.52,0.9,"high","verb","exact","telic","intrans",7,7,"yes","high","high","high","parents","yes","daily",38,"right","serious","no","1"
"1056","jump","9482266","rsl_list1","44","rsl","nonaligned","cognate",1,1728.66599998809,1.65,1.52,0.9,"high","verb","exact","telic","intrans",7,7,"yes","high","high","high","other","no","daily",35,"right","considerable","no","15"
"1057","jump","9483913","rsl_list1","34","rsl","nonaligned","cognate",1,1255.36900000222,1.65,1.52,0.9,"high","verb","exact","telic","intrans",7,7,"yes","high","high","high","parents","yes","daily",37,"right","considerable","yes","0"
"1058","jump","9555631","rsl_list1","29","rsl","nonaligned","cognate",1,752.873000000021,1.65,1.52,0.9,"high","verb","exact","telic","intrans",7,7,"yes","high","high","high","other","no","daily",33,"right","considerable","yes","28"
"1059","jump","9555238","rsl_list2","30","rsl","aligned","cognate",1,1763.95799999998,1.65,1.52,0.9,"high","verb","exact","telic","intrans",7,7,"no","high","high","low","caregiver","no","daily",13,"right","mild","no","0"
"1060","jump","9476587","rsl_list2","46","rsl","aligned","cognate",1,1146,1.65,1.52,0.9,"high","verb","exact","telic","intrans",7,7,"yes","high","high","high","school","yes","daily",25,"right","serious","yes","5"
"1061","jump","9455706","rsl_list1","11","rsl","nonaligned","cognate",1,1886.3419999998,1.65,1.52,0.9,"high","verb","exact","telic","intrans",7,7,"yes","high","high","high","other","yes","daily",31,"right","considerable","no","7"
"1062","jump","9541537","rsl_list1","17","rsl","nonaligned","cognate",0,1108.51500000298,1.65,1.52,0.9,"high","verb","exact","telic","intrans",7,7,"yes","high","high","high","parents","yes","daily",34,"right","moderate","yes","0"
"1063","jump","9473190","rsl_list2","13","rsl","aligned","cognate",1,975.361000005971,1.65,1.52,0.9,"high","verb","exact","telic","intrans",7,7,"yes","high","high","high","school","yes","daily",49,"right","serious","no","7"
"1064","jump","9492137","rsl_list1","22","rsl","nonaligned","cognate",1,1500.02799999999,1.65,1.52,0.9,"high","verb","exact","telic","intrans",7,7,"yes","high","high","high","other","yes","daily",28,"right","moderate","no","3"
"1065","jump","9377336","rsl_list2","24","rsl","aligned","cognate",1,979.681999976165,1.65,1.52,0.9,"high","verb","exact","telic","intrans",7,7,"yes","high","high","high","school","yes","daily",48,"right","serious","no","6.5"
"1066","jump","9498903","nsl_list1","20","nsl","aligned","cognate",1,336.021000095381,1.65,1.52,0.3,"low","verb","exact","telic","intrans",7,7,"yes","high","high","high","school","yes","daily",49,"right","serious","no","18"
"1067","jump","9477675","nsl_list2","35","nsl","nonaligned","cognate",1,1138.22200001194,1.65,1.52,0.3,"low","verb","exact","telic","intrans",7,7,"yes","high","high","high","other","yes","daily",41,"right","serious","no","3"
"1068","jump","9647566","nsl_list1","17","nsl","aligned","cognate",1,716.111000000004,1.65,1.52,0.3,"low","verb","exact","telic","intrans",7,7,"yes","high","high","high","other","no","often",81,"right","serious","no","19"
"1069","jump","9482437","nsl_list1","12","nsl","aligned","cognate",1,894,1.65,1.52,0.3,"low","verb","exact","telic","intrans",7,7,"yes","high","high","high","school","yes","daily",70,"right","serious","no","8"
"1070","jump","9685656","nsl_list2","10","nsl","nonaligned","cognate",1,754.129000000001,1.65,1.52,0.3,"low","verb","exact","telic","intrans",7,7,"yes","high","high","high","parents","yes","daily",48,"right","serious","yes","2"
"1071","jump","9477538","nsl_list2","20","nsl","nonaligned","cognate",1,2998.84899990464,1.65,1.52,0.3,"low","verb","exact","telic","intrans",7,7,"yes","high","high","high","other","no","daily",37,"right","serious","yes","17"
"1072","jump","9479027","nsl_list2","44","nsl","nonaligned","cognate",1,1966.63899999991,1.65,1.52,0.3,"low","verb","exact","telic","intrans",7,7,"yes","high","high","high","parents","yes","daily",48,"right","serious","yes","1"
"1073","jump","9479813","rsl_list2","27","rsl","aligned","cognate",1,157.56700000001,1.65,1.52,0.9,"high","verb","exact","telic","intrans",7,7,"yes","high","high","high","parents","yes","daily",35,"right","considerable","no","0"
"1074","jump","9368241","nsl_list2","3","nsl","nonaligned","cognate",1,1142.12800000894,1.65,1.52,0.3,"low","verb","exact","telic","intrans",7,6,"yes","high","high","high","other","yes","daily",37,"right","serious","yes","0.5"
"1075","jump","9476391","rsl_list2","1","rsl","aligned","cognate",1,1841.728,1.65,1.52,0.9,"high","verb","exact","telic","intrans",7,7,"yes","high","high","high","parents","yes","daily",32,"right","serious","no","2"
"1076","jump","9473110","rsl_list1","35","rsl","nonaligned","cognate",0,1008.34000000072,1.65,1.52,0.9,"high","verb","exact","telic","intrans",7,7,"yes","high","high","high","other","yes","daily",36,"right","serious","yes","3.5"
"1077","jump","9631781","nsl_list1","16","nsl","aligned","cognate",0,9004,1.65,1.52,0.3,"low","verb","exact","telic","intrans",7,7,"yes","high","high","high","other","no","often",81,"right","serious","no","19"
"1078","jump","9493027","nsl_list2","26","nsl","nonaligned","cognate",1,759.333000000013,1.65,1.52,0.3,"low","verb","exact","telic","intrans",7,7,"yes","high","high","high","parents","yes","daily",31,"right","considerable","no","2"
"1079","jump","9481529","nsl_list2","44","nsl","nonaligned","cognate",1,1550.13500002382,1.65,1.52,0.3,"low","verb","exact","telic","intrans",7,7,"yes","high","high","high","other","yes","daily",43,"right","serious","no","3.5"
"1080","jump","9696122","nsl_list1","16","nsl","aligned","cognate",1,412.321000002237,1.65,1.52,0.3,"low","verb","exact","telic","intrans",7,7,"yes","high","high","high","parents","yes","daily",34,"right","serious","yes","1"
"1081","leave","9368241","nsl_list2","9","nsl","nonaligned","cognate",1,1286.34199999998,2.32,2.5,0.47,"low","verb","exact","telic","trans",7,4,"yes","high","low","high","other","yes","daily",37,"right","serious","yes","0.5"
"1082","leave","9476778","nsl_list1","30","nsl","aligned","cognate",1,1038.2199999821,2.32,2.5,0.47,"low","verb","exact","telic","trans",7,7,"yes","high","high","high","parents","yes","daily",46,"right","considerable","yes","0"
"1083","leave","9493027","nsl_list2","15","nsl","nonaligned","cognate",0,536.301999999254,2.32,2.5,0.47,"low","verb","exact","telic","trans",7,1,"yes","high","low","high","parents","yes","daily",31,"right","considerable","no","2"
"1084","leave","9612157","nsl_list1","19","nsl","aligned","cognate",1,666.658000011928,2.32,2.5,0.47,"low","verb","exact","telic","trans",7,7,"yes","high","high","high","school","yes","daily",28,"left","serious","yes","5"
"1085","leave","9477675","nsl_list2","32","nsl","nonaligned","cognate",1,1558.53100001195,2.32,2.5,0.47,"low","verb","exact","telic","trans",7,4,"yes","high","low","high","other","yes","daily",41,"right","serious","no","3"
"1086","leave","9477538","nsl_list2","25","nsl","nonaligned","cognate",1,966.261000095372,2.32,2.5,0.47,"low","verb","exact","telic","trans",7,5,"yes","high","low","high","other","no","daily",37,"right","serious","yes","17"
"1087","leave","9696122","nsl_list1","3","nsl","aligned","cognate",0,1805.20800000149,2.32,2.5,0.47,"low","verb","exact","telic","trans",1,1,"yes","low","low","high","parents","yes","daily",34,"right","serious","yes","1"
"1088","leave","9498903","nsl_list1","30","nsl","aligned","cognate",1,2318.76699999999,2.32,2.5,0.47,"low","verb","exact","telic","trans",7,7,"yes","high","high","high","school","yes","daily",49,"right","serious","no","18"
"1089","leave","9481525","nsl_list1","11","nsl","aligned","cognate",1,1085.76699998212,2.32,2.5,0.47,"low","verb","exact","telic","trans",7,6,"yes","high","high","high","caregiver","yes","daily",53,"right","serious","yes","48"
"1090","leave","9455706","rsl_list1","18","rsl","nonaligned","cognate",1,1333.66800000001,2.32,2.5,2.17,"high","verb","exact","telic","trans",7,5,"yes","high","low","high","other","yes","daily",31,"right","considerable","no","7"
"1091","leave","9483913","rsl_list1","22","rsl","nonaligned","cognate",1,1036.90400000301,2.32,2.5,2.17,"high","verb","exact","telic","trans",7,7,"yes","high","high","high","parents","yes","daily",37,"right","considerable","yes","0"
"1092","leave","9479813","rsl_list2","24","rsl","aligned","cognate",1,263.638999995543,2.32,2.5,2.17,"high","verb","exact","telic","trans",7,7,"yes","high","high","high","parents","yes","daily",35,"right","considerable","no","0"
"1093","leave","9482266","rsl_list1","23","rsl","nonaligned","cognate",1,1502.72699997615,2.32,2.5,2.17,"high","verb","exact","telic","trans",7,7,"yes","high","high","high","other","no","daily",35,"right","considerable","no","15"
"1094","leave","9555238","rsl_list2","42","rsl","aligned","cognate",1,1011.78200000001,2.32,2.5,2.17,"high","verb","exact","telic","trans",7,5,"yes","high","low","high","caregiver","no","daily",13,"right","mild","no","0"
"1095","leave","9476391","rsl_list2","9","rsl","aligned","cognate",0,5826.40100000014,2.32,2.5,2.17,"high","verb","exact","telic","trans",7,2,"yes","high","low","high","parents","yes","daily",32,"right","serious","no","2"
"1096","leave","9473110","rsl_list1","45","rsl","nonaligned","cognate",1,3480.72900000075,2.32,2.5,2.17,"high","verb","exact","telic","trans",7,7,"yes","high","high","high","other","yes","daily",36,"right","serious","yes","3.5"
"1097","leave","9489076","rsl_list2","31","rsl","aligned","cognate",1,205.340999809268,2.32,2.5,2.17,"high","verb","exact","telic","trans",7,7,"yes","high","high","high","parents","yes","daily",38,"right","serious","no","1"
"1098","leave","9473775","rsl_list2","32","rsl","aligned","cognate",1,612.260000000009,2.32,2.5,2.17,"high","verb","exact","telic","trans",7,7,"yes","high","high","high","school","yes","daily",44,"right","considerable","no","7"
"1099","leave","9476587","rsl_list2","9","rsl","aligned","cognate",1,1215,2.32,2.5,2.17,"high","verb","exact","telic","trans",7,5,"yes","high","low","high","school","yes","daily",25,"right","serious","yes","5"
"1100","leave","9377336","rsl_list2","26","rsl","aligned","cognate",1,1155.61599995231,2.32,2.5,2.17,"high","verb","exact","telic","trans",7,7,"yes","high","high","high","school","yes","daily",48,"right","serious","no","6.5"
"1101","leave","9483878","rsl_list1","23","rsl","nonaligned","cognate",0,633.359999999986,2.32,2.5,2.17,"high","verb","exact","telic","trans",7,5,"yes","high","low","high","parents","yes","daily",42,"right","considerable","yes","0"
"1102","leave","9472740","rsl_list2","21","rsl","aligned","cognate",1,1852.28099999105,2.32,2.5,2.17,"high","verb","exact","telic","trans",7,6,"yes","high","low","high","other","yes","daily",24,"right","moderate","yes","7"
"1103","leave","9492137","rsl_list1","12","rsl","nonaligned","cognate",1,827.577000000747,2.32,2.5,2.17,"high","verb","exact","telic","trans",7,7,"yes","high","high","high","other","yes","daily",28,"right","moderate","no","3"
"1104","leave","9555631","rsl_list1","47","rsl","nonaligned","cognate",1,586.723999993992,2.32,2.5,2.17,"high","verb","exact","telic","trans",7,7,"yes","high","high","high","other","no","daily",33,"right","considerable","yes","28"
"1105","leave","9458431","rsl_list2","18","rsl","aligned","cognate",1,830.168000000005,2.32,2.5,2.17,"high","verb","exact","telic","trans",7,4,"yes","high","low","high","parents","yes","daily",38,"right","serious","yes","0"
"1106","leave","9473190","rsl_list2","40","rsl","aligned","cognate",1,1064.96600000153,2.32,2.5,2.17,"high","verb","exact","telic","trans",7,7,"yes","high","high","high","school","yes","daily",49,"right","serious","no","7"
"1107","leave","9498014","rsl_list2","27","rsl","aligned","cognate",1,1497.94899998809,2.32,2.5,2.17,"high","verb","exact","telic","trans",7,7,"yes","high","high","high","other","no","daily",44,"right","considerable","no","16"
"1108","leave","9454567","rsl_list2","26","rsl","aligned","cognate",1,354.169999999925,2.32,2.5,2.17,"high","verb","exact","telic","trans",7,5,"yes","high","low","high","school","yes","daily",38,"right","serious","yes","6"
"1109","leave","9503065","rsl_list1","40","rsl","nonaligned","cognate",1,2866.48799999995,2.32,2.5,2.17,"high","verb","exact","telic","trans",7,6,"yes","high","low","high","parents","yes","daily",36,"right","considerable","yes","0"
"1110","leave","9541537","rsl_list1","24","rsl","nonaligned","cognate",1,1994.15400000598,2.32,2.5,2.17,"high","verb","exact","telic","trans",7,1,"yes","high","low","high","parents","yes","daily",34,"right","moderate","yes","0"
"1111","leave","9537479","rsl_list2","23","rsl","aligned","cognate",1,1562.57999999999,2.32,2.5,2.17,"high","verb","exact","telic","trans",7,4,"yes","high","low","high","parents","yes","daily",43,"right","serious","yes","0"
"1112","leave","9647566","nsl_list1","41","nsl","aligned","cognate",1,1395.80000001192,2.32,2.5,0.47,"low","verb","exact","telic","trans",7,7,"yes","high","high","high","other","no","often",81,"right","serious","no","19"
"1113","leave","9479413","nsl_list1","32","nsl","aligned","cognate",0,2468.02499999999,2.32,2.5,0.47,"low","verb","exact","telic","trans",7,3,"yes","high","low","high","other","yes","daily",55,"right","serious","no","16"
"1114","leave","9482437","nsl_list1","30","nsl","aligned","cognate",1,1073.99999999997,2.32,2.5,0.47,"low","verb","exact","telic","trans",7,7,"yes","high","high","high","school","yes","daily",70,"right","serious","no","8"
"1115","leave","9687063","nsl_list1","24","nsl","aligned","cognate",0,6221.99999999997,2.32,2.5,0.47,"low","verb","exact","telic","trans",7,4,"yes","high","low","high","parents","no","daily",23,"right","serious","no","0"
"1116","leave","9481529","nsl_list2","26","nsl","nonaligned","cognate",1,1520.94400002382,2.32,2.5,0.47,"low","verb","exact","telic","trans",7,6,"yes","high","high","high","other","yes","daily",43,"right","serious","no","3.5"
"1117","leave","9685656","nsl_list2","34","nsl","nonaligned","cognate",1,1353.97599997616,2.32,2.5,0.47,"low","verb","exact","telic","trans",7,7,"yes","high","high","high","parents","yes","daily",48,"right","serious","yes","2"
"1118","leave","9483072","nsl_list2","28","nsl","nonaligned","cognate",1,2071.47700000147,2.32,2.5,0.47,"low","verb","exact","telic","trans",7,7,"yes","high","high","high","school","no","daily",45,"left","serious","no","14"
"1119","leave","9481563","nsl_list2","19","nsl","nonaligned","cognate",1,2275.44799999997,2.32,2.5,0.47,"low","verb","exact","telic","trans",7,6,"yes","high","high","high","parents","yes","daily",50,"right","serious","yes","1"
"1120","leave","9631781","nsl_list1","45","nsl","aligned","cognate",1,1665,2.32,2.5,0.47,"low","verb","exact","telic","trans",7,7,"yes","high","high","high","other","no","often",81,"right","serious","no","19"
"1121","leave","9454658","rsl_list1","21","rsl","nonaligned","cognate",1,620,2.32,2.5,2.17,"high","verb","exact","telic","trans",7,7,"yes","high","high","high","other","yes","daily",29,"right","serious","no","5"
"1122","leave","9462565","nsl_list1","23","nsl","aligned","cognate",1,737,2.32,2.5,0.47,"low","verb","exact","telic","trans",7,1,"yes","high","low","high","parents","yes","daily",42,"right","serious","yes","0"
"1123","leave","9477400","nsl_list2","33","nsl","nonaligned","cognate",1,816.00899995229,2.32,2.5,0.47,"low","verb","exact","telic","trans",7,7,"yes","high","high","high","other","yes","daily",44,"right","serious","yes","1"
"1124","leave","9587228","rsl_list1","4","rsl","nonaligned","cognate",1,2199.848,2.32,2.5,2.17,"high","verb","exact","telic","trans",7,7,"yes","high","high","high","parents","yes","daily",61,"right","considerable","no","0"
"1125","leave","9479027","nsl_list2","46","nsl","nonaligned","cognate",0,6672.88899999851,2.32,2.5,0.47,"low","verb","exact","telic","trans",7,5,"yes","high","low","high","parents","yes","daily",48,"right","serious","yes","1"
"1126","lose","9537479","rsl_list2","40","rsl","aligned","cognate",1,306.159999999974,2.09,1.85,0.47,"low","verb","near","telic","trans",7,7,"yes","high","high","high","parents","yes","daily",43,"right","serious","yes","0"
"1127","lose","9483878","rsl_list1","48","rsl","nonaligned","cognate",0,444.059999999998,2.09,1.85,0.47,"low","verb","near","telic","trans",7,1,"yes","high","low","high","parents","yes","daily",42,"right","considerable","yes","0"
"1128","lose","9555631","rsl_list1","40","rsl","nonaligned","cognate",1,3220.27599998808,2.09,1.85,0.47,"low","verb","near","telic","trans",7,1,"yes","high","low","high","other","no","daily",33,"right","considerable","yes","28"
"1129","lose","9503065","rsl_list1","41","rsl","nonaligned","cognate",1,1723.58099999925,2.09,1.85,0.47,"low","verb","near","telic","trans",7,5,"yes","high","low","high","parents","yes","daily",36,"right","considerable","yes","0"
"1130","lose","9479027","nsl_list2","29","nsl","nonaligned","cognate",0,1578.63599999779,2.09,1.85,0.69,"low","verb","near","telic","trans",7,5,"yes","high","low","high","parents","yes","daily",48,"right","serious","yes","1"
"1131","lose","9477675","nsl_list2","11","nsl","nonaligned","cognate",0,12159.7240000239,2.09,1.85,0.69,"low","verb","near","telic","trans",7,6,"yes","high","high","high","other","yes","daily",41,"right","serious","no","3"
"1132","lose","9458431","rsl_list2","4","rsl","aligned","cognate",1,2767.644,2.09,1.85,0.47,"low","verb","near","telic","trans",7,2,"yes","high","low","high","parents","yes","daily",38,"right","serious","yes","0"
"1133","lose","9696122","nsl_list1","1","nsl","aligned","cognate",0,2312.047,2.09,1.85,0.69,"low","verb","near","telic","trans",1,1,"yes","low","low","high","parents","yes","daily",34,"right","serious","yes","1"
"1134","lose","9483072","nsl_list2","16","nsl","nonaligned","cognate",1,4161.88900000148,2.09,1.85,0.69,"low","verb","near","telic","trans",7,7,"yes","high","high","high","school","no","daily",45,"left","serious","no","14"
"1135","lose","9612157","nsl_list1","17","nsl","aligned","cognate",0,841.776999976166,2.09,1.85,0.69,"low","verb","near","telic","trans",7,7,"yes","high","high","high","school","yes","daily",28,"left","serious","yes","5"
"1136","lose","9481563","nsl_list2","45","nsl","nonaligned","cognate",1,3491.38000000594,2.09,1.85,0.69,"low","verb","near","telic","trans",7,7,"yes","high","high","high","parents","yes","daily",50,"right","serious","yes","1"
"1137","lose","9477400","nsl_list2","39","nsl","nonaligned","cognate",1,1440.64899999998,2.09,1.85,0.69,"low","verb","near","telic","trans",7,4,"yes","high","low","high","other","yes","daily",44,"right","serious","yes","1"
"1138","lose","9481529","nsl_list2","17","nsl","nonaligned","cognate",1,6540.223,2.09,1.85,0.69,"low","verb","near","telic","trans",7,6,"yes","high","high","high","other","yes","daily",43,"right","serious","no","3.5"
"1139","lose","9493027","nsl_list2","9","nsl","nonaligned","cognate",0,838.294999999809,2.09,1.85,0.69,"low","verb","near","telic","trans",7,1,"yes","high","low","high","parents","yes","daily",31,"right","considerable","no","2"
"1140","lose","9482437","nsl_list1","6","nsl","aligned","cognate",1,2144,2.09,1.85,0.69,"low","verb","near","telic","trans",7,7,"yes","high","high","high","school","yes","daily",70,"right","serious","no","8"
"1141","lose","9482266","rsl_list1","22","rsl","nonaligned","cognate",1,1949.86199999996,2.09,1.85,0.47,"low","verb","near","telic","trans",7,5,"yes","high","low","high","other","no","daily",35,"right","considerable","no","15"
"1142","lose","9472740","rsl_list2","3","rsl","aligned","cognate",0,2484.16900000298,2.09,1.85,0.47,"low","verb","near","telic","trans",7,2,"yes","high","low","high","other","yes","daily",24,"right","moderate","yes","7"
"1143","lose","9481525","nsl_list1","15","nsl","aligned","cognate",1,1111.59899998212,2.09,1.85,0.69,"low","verb","near","telic","trans",7,4,"yes","high","low","high","caregiver","yes","daily",53,"right","serious","yes","48"
"1144","lose","9647566","nsl_list1","13","nsl","aligned","cognate",1,3773.22200000001,2.09,1.85,0.69,"low","verb","near","telic","trans",7,4,"yes","high","low","high","other","no","often",81,"right","serious","no","19"
"1145","lose","9687063","nsl_list1","22","nsl","aligned","cognate",1,3815,2.09,1.85,0.69,"low","verb","near","telic","trans",7,4,"yes","high","low","high","parents","no","daily",23,"right","serious","no","0"
"1146","lose","9368241","nsl_list2","13","nsl","nonaligned","cognate",0,3060.68700000297,2.09,1.85,0.69,"low","verb","near","telic","trans",7,6,"yes","high","high","high","other","yes","daily",37,"right","serious","yes","0.5"
"1147","lose","9462565","nsl_list1","39","nsl","aligned","cognate",1,899,2.09,1.85,0.69,"low","verb","near","telic","trans",7,5,"yes","high","low","high","parents","yes","daily",42,"right","serious","yes","0"
"1148","lose","9479413","nsl_list1","27","nsl","aligned","cognate",1,1298.02000000002,2.09,1.85,0.69,"low","verb","near","telic","trans",7,7,"yes","high","high","high","other","yes","daily",55,"right","serious","no","16"
"1149","lose","9476778","nsl_list1","8","nsl","aligned","cognate",1,2261.603,2.09,1.85,0.69,"low","verb","near","telic","trans",7,6,"yes","high","high","high","parents","yes","daily",46,"right","considerable","yes","0"
"1150","lose","9631781","nsl_list1","15","nsl","aligned","cognate",1,5721,2.09,1.85,0.69,"low","verb","near","telic","trans",7,7,"yes","high","high","high","other","no","often",81,"right","serious","no","19"
"1151","lose","9498903","nsl_list1","10","nsl","aligned","cognate",1,1530.38700028611,2.09,1.85,0.69,"low","verb","near","telic","trans",7,7,"yes","high","high","high","school","yes","daily",49,"right","serious","no","18"
"1152","lose","9377336","rsl_list2","30","rsl","aligned","cognate",0,3125.08600000001,2.09,1.85,0.47,"low","verb","near","telic","trans",7,4,"yes","high","low","high","school","yes","daily",48,"right","serious","no","6.5"
"1153","lose","9476587","rsl_list2","19","rsl","aligned","cognate",0,1968,2.09,1.85,0.47,"low","verb","near","telic","trans",7,1,"yes","high","low","high","school","yes","daily",25,"right","serious","yes","5"
"1154","lose","9473110","rsl_list1","47","rsl","nonaligned","cognate",1,2492.88200000074,2.09,1.85,0.47,"low","verb","near","telic","trans",7,2,"yes","high","low","high","other","yes","daily",36,"right","serious","yes","3.5"
"1155","lose","9685656","nsl_list2","19","nsl","nonaligned","cognate",0,1234.49799997616,2.09,1.85,0.69,"low","verb","near","telic","trans",7,7,"yes","high","high","high","parents","yes","daily",48,"right","serious","yes","2"
"1156","lose","9587228","rsl_list1","44","rsl","nonaligned","cognate",1,991.756000002264,2.09,1.85,0.47,"low","verb","near","telic","trans",7,5,"yes","high","low","high","parents","yes","daily",61,"right","considerable","no","0"
"1157","lose","9473775","rsl_list2","3","rsl","aligned","cognate",1,1671.56,2.09,1.85,0.47,"low","verb","near","telic","trans",7,5,"no","high","low","low","school","yes","daily",44,"right","considerable","no","7"
"1158","lose","9454658","rsl_list1","22","rsl","nonaligned","cognate",1,1319,2.09,1.85,0.47,"low","verb","near","telic","trans",7,7,"yes","high","high","high","other","yes","daily",29,"right","serious","no","5"
"1159","lose","9483913","rsl_list1","45","rsl","nonaligned","cognate",0,1537.88800000073,2.09,1.85,0.47,"low","verb","near","telic","trans",7,1,"yes","high","low","high","parents","yes","daily",37,"right","considerable","yes","0"
"1160","lose","9492137","rsl_list1","28","rsl","nonaligned","cognate",0,780.33200000017,2.09,1.85,0.47,"low","verb","near","telic","trans",7,1,"yes","high","low","high","other","yes","daily",28,"right","moderate","no","3"
"1161","lose","9479813","rsl_list2","5","rsl","aligned","cognate",0,381.5,2.09,1.85,0.47,"low","verb","near","telic","trans",7,7,"yes","high","high","high","parents","yes","daily",35,"right","considerable","no","0"
"1162","lose","9489076","rsl_list2","46","rsl","aligned","cognate",0,182.205999904661,2.09,1.85,0.47,"low","verb","near","telic","trans",7,7,"yes","high","high","high","parents","yes","daily",38,"right","serious","no","1"
"1163","lose","9454567","rsl_list2","45","rsl","aligned","cognate",0,10644.1269999999,2.09,1.85,0.47,"low","verb","near","telic","trans",7,5,"yes","high","low","high","school","yes","daily",38,"right","serious","yes","6"
"1164","lose","9473190","rsl_list2","24","rsl","aligned","cognate",0,17003.1520000059,2.09,1.85,0.47,"low","verb","near","telic","trans",7,4,"yes","high","low","high","school","yes","daily",49,"right","serious","no","7"
"1165","lose","9477538","nsl_list2","27","nsl","nonaligned","cognate",1,2577.26200009539,2.09,1.85,0.69,"low","verb","near","telic","trans",7,7,"yes","high","high","high","other","no","daily",37,"right","serious","yes","17"
"1166","lose","9455706","rsl_list1","26","rsl","nonaligned","cognate",1,2745.83699999942,2.09,1.85,0.47,"low","verb","near","telic","trans",7,6,"yes","high","low","high","other","yes","daily",31,"right","considerable","no","7"
"1167","lose","9541537","rsl_list1","33","rsl","nonaligned","cognate",0,1349.23000000446,2.09,1.85,0.47,"low","verb","near","telic","trans",7,1,"yes","high","low","high","parents","yes","daily",34,"right","moderate","yes","0"
"1168","lose","9476391","rsl_list2","25","rsl","aligned","cognate",1,4033.89799999993,2.09,1.85,0.47,"low","verb","near","telic","trans",7,6,"yes","high","low","high","parents","yes","daily",32,"right","serious","no","2"
"1169","lose","9498014","rsl_list2","19","rsl","aligned","cognate",1,3964.54799999401,2.09,1.85,0.47,"low","verb","near","telic","trans",6,6,"yes","low","low","high","other","no","daily",44,"right","considerable","no","16"
"1170","lose","9555238","rsl_list2","3","rsl","aligned","cognate",1,1116.34600000596,2.09,1.85,0.47,"low","verb","near","telic","trans",7,5,"yes","high","low","high","caregiver","no","daily",13,"right","mild","no","0"
"1171","magazine","9479813","rsl_list2","14","rsl","aligned","noncognate",1,544.582999997016,2.03,2.19,1.04,"high","noun","different","inanimate","concrete",7,7,"yes","high","high","high","parents","yes","daily",35,"right","considerable","no","0"
"1172","magazine","9483878","rsl_list1","39","rsl","nonaligned","noncognate",1,3662.38,2.03,2.19,1.04,"high","noun","different","inanimate","concrete",7,5,"yes","high","low","high","parents","yes","daily",42,"right","considerable","yes","0"
"1173","magazine","9377336","rsl_list2","16","rsl","aligned","noncognate",1,912.523999964236,2.03,2.19,1.04,"high","noun","different","inanimate","concrete",7,7,"yes","high","high","high","school","yes","daily",48,"right","serious","no","6.5"
"1174","magazine","9476391","rsl_list2","17","rsl","aligned","noncognate",1,2461.20499999999,2.03,2.19,1.04,"high","noun","different","inanimate","concrete",7,7,"yes","high","high","high","parents","yes","daily",32,"right","serious","no","2"
"1175","magazine","9631781","nsl_list1","27","nsl","nonaligned","noncognate",1,4399,2.03,2.19,0,"low","noun","different","inanimate","concrete",7,7,"yes","high","high","high","other","no","often",81,"right","serious","no","19"
"1176","magazine","9647566","nsl_list1","44","nsl","nonaligned","noncognate",1,2318.39000000001,2.03,2.19,0,"low","noun","different","inanimate","concrete",7,7,"yes","high","high","high","other","no","often",81,"right","serious","no","19"
"1177","magazine","9696122","nsl_list1","21","nsl","nonaligned","noncognate",0,503.195000000735,2.03,2.19,0,"low","noun","different","inanimate","concrete",1,1,"no","low","low","low","parents","yes","daily",34,"right","serious","yes","1"
"1178","magazine","9477675","nsl_list2","20","nsl","aligned","noncognate",1,931.01300001191,2.03,2.19,0,"low","noun","different","inanimate","concrete",7,7,"yes","high","high","high","other","yes","daily",41,"right","serious","no","3"
"1179","magazine","9481525","nsl_list1","47","nsl","nonaligned","noncognate",1,1048.84600000002,2.03,2.19,0,"low","noun","different","inanimate","concrete",7,5,"yes","high","low","high","caregiver","yes","daily",53,"right","serious","yes","48"
"1180","magazine","9481563","nsl_list2","27","nsl","aligned","noncognate",0,3077.75199999998,2.03,2.19,0,"low","noun","different","inanimate","concrete",7,1,"no","high","low","low","parents","yes","daily",50,"right","serious","yes","1"
"1181","magazine","9462565","nsl_list1","32","nsl","nonaligned","noncognate",1,1850,2.03,2.19,0,"low","noun","different","inanimate","concrete",5,7,"no","low","high","low","parents","yes","daily",42,"right","serious","yes","0"
"1182","magazine","9479027","nsl_list2","33","nsl","aligned","noncognate",1,2136.22399999778,2.03,2.19,0,"low","noun","different","inanimate","concrete",7,5,"yes","high","low","high","parents","yes","daily",48,"right","serious","yes","1"
"1183","magazine","9482437","nsl_list1","25","nsl","nonaligned","noncognate",1,1208,2.03,2.19,0,"low","noun","different","inanimate","concrete",7,7,"yes","high","high","high","school","yes","daily",70,"right","serious","no","8"
"1184","magazine","9483072","nsl_list2","23","nsl","aligned","noncognate",1,1275.22599999851,2.03,2.19,0,"low","noun","different","inanimate","concrete",7,7,"yes","high","high","high","school","no","daily",45,"left","serious","no","14"
"1185","magazine","9368241","nsl_list2","34","nsl","aligned","noncognate",1,2759.22600000596,2.03,2.19,0,"low","noun","different","inanimate","concrete",7,4,"yes","high","low","high","other","yes","daily",37,"right","serious","yes","0.5"
"1186","magazine","9498903","nsl_list1","21","nsl","nonaligned","noncognate",1,1039.87900028611,2.03,2.19,0,"low","noun","different","inanimate","concrete",7,7,"yes","high","high","high","school","yes","daily",49,"right","serious","no","18"
"1187","magazine","9479413","nsl_list1","31","nsl","nonaligned","noncognate",1,1103.58099990463,2.03,2.19,0,"low","noun","different","inanimate","concrete",7,7,"yes","high","high","high","other","yes","daily",55,"right","serious","no","16"
"1188","magazine","9473775","rsl_list2","42","rsl","aligned","noncognate",1,2074.06,2.03,2.19,1.04,"high","noun","different","inanimate","concrete",7,6,"yes","high","low","high","school","yes","daily",44,"right","considerable","no","7"
"1189","magazine","9587228","rsl_list1","20","rsl","nonaligned","noncognate",1,2548.00400000074,2.03,2.19,1.04,"high","noun","different","inanimate","concrete",7,7,"yes","high","high","high","parents","yes","daily",61,"right","considerable","no","0"
"1190","magazine","9537479","rsl_list2","10","rsl","aligned","noncognate",1,1328.78,2.03,2.19,1.04,"high","noun","different","inanimate","concrete",7,7,"yes","high","high","high","parents","yes","daily",43,"right","serious","yes","0"
"1191","magazine","9483913","rsl_list1","10","rsl","nonaligned","noncognate",1,2630.67499999999,2.03,2.19,1.04,"high","noun","different","inanimate","concrete",7,7,"yes","high","high","high","parents","yes","daily",37,"right","considerable","yes","0"
"1192","magazine","9454658","rsl_list1","45","rsl","nonaligned","noncognate",1,1255,2.03,2.19,1.04,"high","noun","different","inanimate","concrete",7,7,"yes","high","high","high","other","yes","daily",29,"right","serious","no","5"
"1193","magazine","9503065","rsl_list1","2","rsl","nonaligned","noncognate",0,1571.59999999851,2.03,2.19,1.04,"high","noun","different","inanimate","concrete",7,7,"yes","high","high","high","parents","yes","daily",36,"right","considerable","yes","0"
"1194","magazine","9685656","nsl_list2","44","nsl","aligned","noncognate",1,774.269999976153,2.03,2.19,0,"low","noun","different","inanimate","concrete",7,7,"yes","high","high","high","parents","yes","daily",48,"right","serious","yes","2"
"1195","magazine","9477538","nsl_list2","10","nsl","aligned","noncognate",0,2095.12300004768,2.03,2.19,0,"low","noun","different","inanimate","concrete",7,4,"yes","high","low","high","other","no","daily",37,"right","serious","yes","17"
"1196","magazine","9477400","nsl_list2","37","nsl","aligned","noncognate",1,951.547000095365,2.03,2.19,0,"low","noun","different","inanimate","concrete",7,7,"yes","high","high","high","other","yes","daily",44,"right","serious","yes","1"
"1197","magazine","9481529","nsl_list2","19","nsl","aligned","noncognate",0,2613.62399998808,2.03,2.19,0,"low","noun","different","inanimate","concrete",7,7,"yes","high","high","high","other","yes","daily",43,"right","serious","no","3.5"
"1198","magazine","9476778","nsl_list1","13","nsl","nonaligned","noncognate",1,1479.76800000595,2.03,2.19,0,"low","noun","different","inanimate","concrete",7,6,"yes","high","high","high","parents","yes","daily",46,"right","considerable","yes","0"
"1199","magazine","9493027","nsl_list2","48","nsl","aligned","noncognate",1,648.419999999984,2.03,2.19,0,"low","noun","different","inanimate","concrete",7,5,"yes","high","low","high","parents","yes","daily",31,"right","considerable","no","2"
"1200","magazine","9687063","nsl_list1","43","nsl","nonaligned","noncognate",0,3931,2.03,2.19,0,"low","noun","different","inanimate","concrete",7,7,"yes","high","high","high","parents","no","daily",23,"right","serious","no","0"
"1201","magazine","9612157","nsl_list1","7","nsl","nonaligned","noncognate",0,3023.42399997616,2.03,2.19,0,"low","noun","different","inanimate","concrete",7,1,"yes","high","low","high","school","yes","daily",28,"left","serious","yes","5"
"1202","magazine","9492137","rsl_list1","30","rsl","nonaligned","noncognate",1,2366.73700000002,2.03,2.19,1.04,"high","noun","different","inanimate","concrete",7,7,"yes","high","high","high","other","yes","daily",28,"right","moderate","no","3"
"1203","magazine","9555631","rsl_list1","5","rsl","nonaligned","noncognate",1,4907.41599998211,2.03,2.19,1.04,"high","noun","different","inanimate","concrete",7,7,"yes","high","high","high","other","no","daily",33,"right","considerable","yes","28"
"1204","magazine","9489076","rsl_list2","3","rsl","aligned","noncognate",1,816.392000000007,2.03,2.19,1.04,"high","noun","different","inanimate","concrete",7,7,"yes","high","high","high","parents","yes","daily",38,"right","serious","no","1"
"1205","magazine","9454567","rsl_list2","16","rsl","aligned","noncognate",1,551.641999999993,2.03,2.19,1.04,"high","noun","different","inanimate","concrete",7,7,"yes","high","high","high","school","yes","daily",38,"right","serious","yes","6"
"1206","magazine","9472740","rsl_list2","37","rsl","aligned","noncognate",1,1432.942999997,2.03,2.19,1.04,"high","noun","different","inanimate","concrete",7,7,"yes","high","high","high","other","yes","daily",24,"right","moderate","yes","7"
"1207","magazine","9458431","rsl_list2","17","rsl","aligned","noncognate",1,3010.30100004768,2.03,2.19,1.04,"high","noun","different","inanimate","concrete",7,7,"yes","high","high","high","parents","yes","daily",38,"right","serious","yes","0"
"1208","magazine","9541537","rsl_list1","35","rsl","nonaligned","noncognate",1,1381.23599999998,2.03,2.19,1.04,"high","noun","different","inanimate","concrete",7,7,"yes","high","high","high","parents","yes","daily",34,"right","moderate","yes","0"
"1209","magazine","9482266","rsl_list1","47","rsl","nonaligned","noncognate",1,1033.21199999994,2.03,2.19,1.04,"high","noun","different","inanimate","concrete",7,5,"yes","high","low","high","other","no","daily",35,"right","considerable","no","15"
"1210","magazine","9455706","rsl_list1","33","rsl","nonaligned","noncognate",1,1231.44599999994,2.03,2.19,1.04,"high","noun","different","inanimate","concrete",7,7,"yes","high","high","high","other","yes","daily",31,"right","considerable","no","7"
"1211","magazine","9473110","rsl_list1","39","rsl","nonaligned","noncognate",1,1250.09700000001,2.03,2.19,1.04,"high","noun","different","inanimate","concrete",7,6,"yes","high","low","high","other","yes","daily",36,"right","serious","yes","3.5"
"1212","magazine","9473190","rsl_list2","3","rsl","aligned","noncognate",1,2186.91099999999,2.03,2.19,1.04,"high","noun","different","inanimate","concrete",7,7,"yes","high","high","high","school","yes","daily",49,"right","serious","no","7"
"1213","magazine","9476587","rsl_list2","1","rsl","aligned","noncognate",1,1126,2.03,2.19,1.04,"high","noun","different","inanimate","concrete",7,7,"yes","high","high","high","school","yes","daily",25,"right","serious","yes","5"
"1214","magazine","9555238","rsl_list2","23","rsl","aligned","noncognate",0,4538.28100000595,2.03,2.19,1.04,"high","noun","different","inanimate","concrete",7,6,"yes","high","low","high","caregiver","no","daily",13,"right","mild","no","0"
"1215","magazine","9498014","rsl_list2","47","rsl","aligned","noncognate",1,2195.554,2.03,2.19,1.04,"high","noun","different","inanimate","concrete",7,7,"yes","high","high","high","other","no","daily",44,"right","considerable","no","16"
"1216","metal","9541537","rsl_list1","43","rsl","aligned","cognate",1,976.842999999993,0,1.64,0.47,"low","noun","exact","inanimate","concrete",7,7,"yes","high","high","high","parents","yes","daily",34,"right","moderate","yes","0"
"1217","metal","9498903","nsl_list1","36","nsl","nonaligned","cognate",1,884.943000286119,0,1.64,0.6,"low","noun","exact","inanimate","concrete",7,2,"yes","high","low","high","school","yes","daily",49,"right","serious","no","18"
"1218","metal","9479413","nsl_list1","45","nsl","nonaligned","cognate",1,437.836999856925,0,1.64,0.6,"low","noun","exact","inanimate","concrete",7,2,"yes","high","low","high","other","yes","daily",55,"right","serious","no","16"
"1219","metal","9696122","nsl_list1","14","nsl","nonaligned","cognate",1,2400.84600000297,0,1.64,0.6,"low","noun","exact","inanimate","concrete",4,2,"no","low","low","low","parents","yes","daily",34,"right","serious","yes","1"
"1220","metal","9685656","nsl_list2","23","nsl","aligned","cognate",1,1074.27799999999,0,1.64,0.6,"low","noun","exact","inanimate","concrete",7,7,"yes","high","high","high","parents","yes","daily",48,"right","serious","yes","2"
"1221","metal","9631781","nsl_list1","17","nsl","nonaligned","cognate",0,9832,0,1.64,0.6,"low","noun","exact","inanimate","concrete",1,1,"no","low","low","low","other","no","often",81,"right","serious","no","19"
"1222","metal","9483878","rsl_list1","27","rsl","aligned","cognate",1,1666.23999999999,0,1.64,0.47,"low","noun","exact","inanimate","concrete",7,1,"yes","high","low","high","parents","yes","daily",42,"right","considerable","yes","0"
"1223","metal","9473190","rsl_list2","36","rsl","nonaligned","cognate",1,1722.78500000446,0,1.64,0.47,"low","noun","exact","inanimate","concrete",7,6,"yes","high","low","high","school","yes","daily",49,"right","serious","no","7"
"1224","metal","9462565","nsl_list1","34","nsl","nonaligned","cognate",0,906,0,1.64,0.6,"low","noun","exact","inanimate","concrete",7,1,"no","high","low","low","parents","yes","daily",42,"right","serious","yes","0"
"1225","metal","9503065","rsl_list1","38","rsl","aligned","cognate",0,1928.96800000075,0,1.64,0.47,"low","noun","exact","inanimate","concrete",7,2,"yes","high","low","high","parents","yes","daily",36,"right","considerable","yes","0"
"1226","metal","9483072","nsl_list2","26","nsl","aligned","cognate",0,2200.02299999999,0,1.64,0.6,"low","noun","exact","inanimate","concrete",7,1,"yes","high","low","high","school","no","daily",45,"left","serious","no","14"
"1227","metal","9477538","nsl_list2","48","nsl","aligned","cognate",0,4023.71000009537,0,1.64,0.6,"low","noun","exact","inanimate","concrete",7,7,"yes","high","high","high","other","no","daily",37,"right","serious","yes","17"
"1228","metal","9493027","nsl_list2","13","nsl","aligned","cognate",0,1034.01099999962,0,1.64,0.6,"low","noun","exact","inanimate","concrete",7,1,"yes","high","low","high","parents","yes","daily",31,"right","considerable","no","2"
"1229","metal","9477675","nsl_list2","10","nsl","aligned","cognate",0,6094.53800001787,0,1.64,0.6,"low","noun","exact","inanimate","concrete",5,2,"no","low","low","low","other","yes","daily",41,"right","serious","no","3"
"1230","metal","9481563","nsl_list2","8","nsl","aligned","cognate",1,9692.23600000597,0,1.64,0.6,"low","noun","exact","inanimate","concrete",7,2,"yes","high","low","high","parents","yes","daily",50,"right","serious","yes","1"
"1231","metal","9687063","nsl_list1","4","nsl","nonaligned","cognate",0,919,0,1.64,0.6,"low","noun","exact","inanimate","concrete",5,3,"no","low","low","low","parents","no","daily",23,"right","serious","no","0"
"1232","metal","9476778","nsl_list1","3","nsl","nonaligned","cognate",1,3720.887,0,1.64,0.6,"low","noun","exact","inanimate","concrete",7,5,"yes","high","low","high","parents","yes","daily",46,"right","considerable","yes","0"
"1233","metal","9477400","nsl_list2","19","nsl","aligned","cognate",1,7070.73300009538,0,1.64,0.6,"low","noun","exact","inanimate","concrete",7,4,"yes","high","low","high","other","yes","daily",44,"right","serious","yes","1"
"1234","metal","9612157","nsl_list1","21","nsl","nonaligned","cognate",1,1667.45299997617,0,1.64,0.6,"low","noun","exact","inanimate","concrete",7,1,"yes","high","low","high","school","yes","daily",28,"left","serious","yes","5"
"1235","metal","9647566","nsl_list1","46","nsl","nonaligned","cognate",0,1968.32399999996,0,1.64,0.6,"low","noun","exact","inanimate","concrete",7,1,"yes","high","low","high","other","no","often",81,"right","serious","no","19"
"1236","metal","9368241","nsl_list2","27","nsl","aligned","cognate",1,2697.87100000895,0,1.64,0.6,"low","noun","exact","inanimate","concrete",7,4,"yes","high","low","high","other","yes","daily",37,"right","serious","yes","0.5"
"1237","metal","9482437","nsl_list1","22","nsl","nonaligned","cognate",0,835,0,1.64,0.6,"low","noun","exact","inanimate","concrete",7,7,"yes","high","high","high","school","yes","daily",70,"right","serious","no","8"
"1238","metal","9479027","nsl_list2","6","nsl","aligned","cognate",0,9432.59999999999,0,1.64,0.6,"low","noun","exact","inanimate","concrete",7,4,"yes","high","low","high","parents","yes","daily",48,"right","serious","yes","1"
"1239","metal","9481525","nsl_list1","18","nsl","nonaligned","cognate",1,1381.38700000595,0,1.64,0.6,"low","noun","exact","inanimate","concrete",7,6,"yes","high","high","high","caregiver","yes","daily",53,"right","serious","yes","48"
"1240","metal","9479813","rsl_list2","48","rsl","nonaligned","cognate",1,583.238000000012,0,1.64,0.47,"low","noun","exact","inanimate","concrete",7,7,"yes","high","high","high","parents","yes","daily",35,"right","considerable","no","0"
"1241","metal","9455706","rsl_list1","6","rsl","aligned","cognate",1,5647.92,0,1.64,0.47,"low","noun","exact","inanimate","concrete",7,7,"yes","high","high","high","other","yes","daily",31,"right","considerable","no","7"
"1242","metal","9473775","rsl_list2","41","rsl","nonaligned","cognate",1,1875.56,0,1.64,0.47,"low","noun","exact","inanimate","concrete",7,1,"yes","high","low","high","school","yes","daily",44,"right","considerable","no","7"
"1243","metal","9537479","rsl_list2","38","rsl","nonaligned","cognate",1,674.659999999974,0,1.64,0.47,"low","noun","exact","inanimate","concrete",7,3,"yes","high","low","high","parents","yes","daily",43,"right","serious","yes","0"
"1244","metal","9492137","rsl_list1","13","rsl","aligned","cognate",1,1793.48000000036,0,1.64,0.47,"low","noun","exact","inanimate","concrete",7,4,"yes","high","low","high","other","yes","daily",28,"right","moderate","no","3"
"1245","metal","9498014","rsl_list2","12","rsl","nonaligned","cognate",1,5531.80399998807,0,1.64,0.47,"low","noun","exact","inanimate","concrete",7,6,"yes","high","low","high","other","no","daily",44,"right","considerable","no","16"
"1246","metal","9472740","rsl_list2","29","rsl","nonaligned","cognate",1,1968.62299999699,0,1.64,0.47,"low","noun","exact","inanimate","concrete",7,5,"yes","high","low","high","other","yes","daily",24,"right","moderate","yes","7"
"1247","metal","9555631","rsl_list1","32","rsl","aligned","cognate",1,1432.46799999999,0,1.64,0.47,"low","noun","exact","inanimate","concrete",7,7,"yes","high","high","high","other","no","daily",33,"right","considerable","yes","28"
"1248","metal","9481529","nsl_list2","2","nsl","aligned","cognate",1,9440.84500002384,0,1.64,0.6,"low","noun","exact","inanimate","concrete",7,6,"yes","high","high","high","other","yes","daily",43,"right","serious","no","3.5"
"1249","metal","9476587","rsl_list2","21","rsl","nonaligned","cognate",1,1608,0,1.64,0.47,"low","noun","exact","inanimate","concrete",7,6,"yes","high","low","high","school","yes","daily",25,"right","serious","yes","5"
"1250","metal","9476391","rsl_list2","4","rsl","nonaligned","cognate",1,2462.6520000001,0,1.64,0.47,"low","noun","exact","inanimate","concrete",7,4,"yes","high","low","high","parents","yes","daily",32,"right","serious","no","2"
"1251","metal","9454658","rsl_list1","14","rsl","aligned","cognate",1,2006.00000000003,0,1.64,0.47,"low","noun","exact","inanimate","concrete",7,5,"yes","high","low","high","other","yes","daily",29,"right","serious","no","5"
"1252","metal","9489076","rsl_list2","16","rsl","nonaligned","cognate",1,503.609999904642,0,1.64,0.47,"low","noun","exact","inanimate","concrete",7,3,"yes","high","low","high","parents","yes","daily",38,"right","serious","no","1"
"1253","metal","9458431","rsl_list2","10","rsl","nonaligned","cognate",1,759.970999952318,0,1.64,0.47,"low","noun","exact","inanimate","concrete",7,1,"yes","high","low","high","parents","yes","daily",38,"right","serious","yes","0"
"1254","metal","9473110","rsl_list1","42","rsl","aligned","cognate",1,2055.63900000002,0,1.64,0.47,"low","noun","exact","inanimate","concrete",7,6,"yes","high","low","high","other","yes","daily",36,"right","serious","yes","3.5"
"1255","metal","9482266","rsl_list1","45","rsl","aligned","cognate",1,1855.0019999881,0,1.64,0.47,"low","noun","exact","inanimate","concrete",7,7,"yes","high","high","high","other","no","daily",35,"right","considerable","no","15"
"1256","metal","9483913","rsl_list1","46","rsl","aligned","cognate",1,2037.14900000149,0,1.64,0.47,"low","noun","exact","inanimate","concrete",7,7,"yes","high","high","high","parents","yes","daily",37,"right","considerable","yes","0"
"1257","metal","9454567","rsl_list2","27","rsl","nonaligned","cognate",1,637.984000000055,0,1.64,0.47,"low","noun","exact","inanimate","concrete",7,3,"yes","high","low","high","school","yes","daily",38,"right","serious","yes","6"
"1258","metal","9555238","rsl_list2","17","rsl","nonaligned","cognate",1,1153.19299998807,0,1.64,0.47,"low","noun","exact","inanimate","concrete",5,4,"no","low","low","low","caregiver","no","daily",13,"right","mild","no","0"
"1259","metal","9587228","rsl_list1","48","rsl","aligned","cognate",1,2284.06299999997,0,1.64,0.47,"low","noun","exact","inanimate","concrete",7,4,"yes","high","low","high","parents","yes","daily",61,"right","considerable","no","0"
"1260","metal","9377336","rsl_list2","10","rsl","nonaligned","cognate",1,1097.97,0,1.64,0.47,"low","noun","exact","inanimate","concrete",7,4,"yes","high","low","high","school","yes","daily",48,"right","serious","no","6.5"
"1261","pain","9481529","nsl_list2","9","nsl","aligned","noncognate",1,1447.70800001192,2.26,1.99,0.3,"low","noun","different","inanimate","abstract",7,7,"yes","high","high","high","other","yes","daily",43,"right","serious","no","3.5"
"1262","pain","9647566","nsl_list1","31","nsl","nonaligned","noncognate",1,3118.65400000004,2.26,1.99,0.3,"low","noun","different","inanimate","abstract",7,7,"yes","high","high","high","other","no","often",81,"right","serious","no","19"
"1263","pain","9696122","nsl_list1","12","nsl","nonaligned","noncognate",0,389.814000002239,2.26,1.99,0.3,"low","noun","different","inanimate","abstract",1,1,"yes","low","low","high","parents","yes","daily",34,"right","serious","yes","1"
"1264","pain","9687063","nsl_list1","29","nsl","nonaligned","noncognate",0,5012.00000000006,2.26,1.99,0.3,"low","noun","different","inanimate","abstract",7,6,"yes","high","high","high","parents","no","daily",23,"right","serious","no","0"
"1265","pain","9462565","nsl_list1","18","nsl","nonaligned","noncognate",1,3332,2.26,1.99,0.3,"low","noun","different","inanimate","abstract",7,4,"yes","high","low","high","parents","yes","daily",42,"right","serious","yes","0"
"1266","pain","9479027","nsl_list2","16","nsl","aligned","noncognate",1,8466.16899999997,2.26,1.99,0.3,"low","noun","different","inanimate","abstract",7,4,"yes","high","low","high","parents","yes","daily",48,"right","serious","yes","1"
"1267","pain","9498903","nsl_list1","8","nsl","nonaligned","noncognate",1,3742.9840002861,2.26,1.99,0.3,"low","noun","different","inanimate","abstract",7,7,"yes","high","high","high","school","yes","daily",49,"right","serious","no","18"
"1268","pain","9612157","nsl_list1","36","nsl","nonaligned","noncognate",1,467.35299998807,2.26,1.99,0.3,"low","noun","different","inanimate","abstract",7,7,"yes","high","high","high","school","yes","daily",28,"left","serious","yes","5"
"1269","pain","9477675","nsl_list2","31","nsl","aligned","noncognate",1,1526.85500000598,2.26,1.99,0.3,"low","noun","different","inanimate","abstract",6,5,"yes","low","low","high","other","yes","daily",41,"right","serious","no","3"
"1270","pain","9482437","nsl_list1","1","nsl","nonaligned","noncognate",1,1977,2.26,1.99,0.3,"low","noun","different","inanimate","abstract",7,7,"yes","high","high","high","school","yes","daily",70,"right","serious","no","8"
"1271","pain","9477538","nsl_list2","9","nsl","aligned","noncognate",1,2070.228,2.26,1.99,0.3,"low","noun","different","inanimate","abstract",7,7,"yes","high","high","high","other","no","daily",37,"right","serious","yes","17"
"1272","pain","9498014","rsl_list2","30","rsl","aligned","noncognate",1,1838.45199998806,2.26,1.99,1.17,"high","noun","different","inanimate","abstract",7,7,"yes","high","high","high","other","no","daily",44,"right","considerable","no","16"
"1273","pain","9541537","rsl_list1","5","rsl","nonaligned","noncognate",1,1092.13500000149,2.26,1.99,1.17,"high","noun","different","inanimate","abstract",7,1,"yes","high","low","high","parents","yes","daily",34,"right","moderate","yes","0"
"1274","pain","9555238","rsl_list2","47","rsl","aligned","noncognate",1,884.423000006005,2.26,1.99,1.17,"high","noun","different","inanimate","abstract",7,3,"yes","high","low","high","caregiver","no","daily",13,"right","mild","no","0"
"1275","pain","9481563","nsl_list2","25","nsl","aligned","noncognate",1,935.897999999986,2.26,1.99,0.3,"low","noun","different","inanimate","abstract",7,7,"yes","high","high","high","parents","yes","daily",50,"right","serious","yes","1"
"1276","pain","9685656","nsl_list2","32","nsl","aligned","noncognate",1,1085.49699999997,2.26,1.99,0.3,"low","noun","different","inanimate","abstract",7,7,"yes","high","high","high","parents","yes","daily",48,"right","serious","yes","2"
"1277","pain","9481525","nsl_list1","23","nsl","nonaligned","noncognate",0,2148.43099999998,2.26,1.99,0.3,"low","noun","different","inanimate","abstract",7,5,"yes","high","low","high","caregiver","yes","daily",53,"right","serious","yes","48"
"1278","pain","9479413","nsl_list1","17","nsl","nonaligned","noncognate",1,2319.86499990463,2.26,1.99,0.3,"low","noun","different","inanimate","abstract",7,4,"yes","high","low","high","other","yes","daily",55,"right","serious","no","16"
"1279","pain","9631781","nsl_list1","32","nsl","nonaligned","noncognate",1,10010,2.26,1.99,0.3,"low","noun","different","inanimate","abstract",7,7,"yes","high","high","high","other","no","often",81,"right","serious","no","19"
"1280","pain","9483072","nsl_list2","18","nsl","aligned","noncognate",1,4276.09400000001,2.26,1.99,0.3,"low","noun","different","inanimate","abstract",7,7,"yes","high","high","high","school","no","daily",45,"left","serious","no","14"
"1281","pain","9473775","rsl_list2","9","rsl","aligned","noncognate",1,1433.23999999999,2.26,1.99,1.17,"high","noun","different","inanimate","abstract",7,7,"yes","high","high","high","school","yes","daily",44,"right","considerable","no","7"
"1282","pain","9492137","rsl_list1","2","rsl","nonaligned","noncognate",0,2079.208,2.26,1.99,1.17,"high","noun","different","inanimate","abstract",7,6,"yes","high","low","high","other","yes","daily",28,"right","moderate","no","3"
"1283","pain","9455706","rsl_list1","14","rsl","nonaligned","noncognate",1,1636.56599999961,2.26,1.99,1.17,"high","noun","different","inanimate","abstract",7,7,"yes","high","high","high","other","yes","daily",31,"right","considerable","no","7"
"1284","pain","9476391","rsl_list2","3","rsl","aligned","noncognate",1,2159.569,2.26,1.99,1.17,"high","noun","different","inanimate","abstract",7,7,"yes","high","high","high","parents","yes","daily",32,"right","serious","no","2"
"1285","pain","9454658","rsl_list1","15","rsl","nonaligned","noncognate",1,744,2.26,1.99,1.17,"high","noun","different","inanimate","abstract",7,7,"yes","high","high","high","other","yes","daily",29,"right","serious","no","5"
"1286","pain","9472740","rsl_list2","34","rsl","aligned","noncognate",1,1817.16899999406,2.26,1.99,1.17,"high","noun","different","inanimate","abstract",7,7,"yes","high","high","high","other","yes","daily",24,"right","moderate","yes","7"
"1287","pain","9483913","rsl_list1","47","rsl","nonaligned","noncognate",1,1633.16000000224,2.26,1.99,1.17,"high","noun","different","inanimate","abstract",7,7,"yes","high","high","high","parents","yes","daily",37,"right","considerable","yes","0"
"1288","pain","9587228","rsl_list1","27","rsl","nonaligned","noncognate",1,1445.986000003,2.26,1.99,1.17,"high","noun","different","inanimate","abstract",7,7,"yes","high","high","high","parents","yes","daily",61,"right","considerable","no","0"
"1289","pain","9458431","rsl_list2","41","rsl","aligned","noncognate",1,570.696999856969,2.26,1.99,1.17,"high","noun","different","inanimate","abstract",7,4,"yes","high","low","high","parents","yes","daily",38,"right","serious","yes","0"
"1290","pain","9473110","rsl_list1","30","rsl","nonaligned","noncognate",1,836.393999999273,2.26,1.99,1.17,"high","noun","different","inanimate","abstract",7,4,"yes","high","low","high","other","yes","daily",36,"right","serious","yes","3.5"
"1291","pain","9473190","rsl_list2","2","rsl","aligned","noncognate",0,37035.087000003,2.26,1.99,1.17,"high","noun","different","inanimate","abstract",7,7,"yes","high","high","high","school","yes","daily",49,"right","serious","no","7"
"1292","pain","9489076","rsl_list2","43","rsl","aligned","noncognate",1,506.481000000029,2.26,1.99,1.17,"high","noun","different","inanimate","abstract",7,7,"yes","high","high","high","parents","yes","daily",38,"right","serious","no","1"
"1293","pain","9483878","rsl_list1","42","rsl","nonaligned","noncognate",1,767.299999999988,2.26,1.99,1.17,"high","noun","different","inanimate","abstract",7,1,"yes","high","low","high","parents","yes","daily",42,"right","considerable","yes","0"
"1294","pain","9477400","nsl_list2","1","nsl","aligned","noncognate",1,2576.51800009537,2.26,1.99,0.3,"low","noun","different","inanimate","abstract",7,6,"yes","high","high","high","other","yes","daily",44,"right","serious","yes","1"
"1295","pain","9493027","nsl_list2","23","nsl","aligned","noncognate",0,2834.63799999925,2.26,1.99,0.3,"low","noun","different","inanimate","abstract",7,4,"yes","high","low","high","parents","yes","daily",31,"right","considerable","no","2"
"1296","pain","9476778","nsl_list1","4","nsl","nonaligned","noncognate",1,1116.92199998212,2.26,1.99,0.3,"low","noun","different","inanimate","abstract",7,7,"yes","high","high","high","parents","yes","daily",46,"right","considerable","yes","0"
"1297","pain","9482266","rsl_list1","33","rsl","nonaligned","noncognate",1,1196.25899998809,2.26,1.99,1.17,"high","noun","different","inanimate","abstract",7,5,"yes","high","low","high","other","no","daily",35,"right","considerable","no","15"
"1298","pain","9503065","rsl_list1","4","rsl","nonaligned","noncognate",1,1414.23699999777,2.26,1.99,1.17,"high","noun","different","inanimate","abstract",7,7,"yes","high","high","high","parents","yes","daily",36,"right","considerable","yes","0"
"1299","pain","9537479","rsl_list2","14","rsl","aligned","noncognate",1,520.739999999991,2.26,1.99,1.17,"high","noun","different","inanimate","abstract",7,6,"yes","high","low","high","parents","yes","daily",43,"right","serious","yes","0"
"1300","pain","9476587","rsl_list2","26","rsl","aligned","noncognate",1,2491,2.26,1.99,1.17,"high","noun","different","inanimate","abstract",7,6,"yes","high","low","high","school","yes","daily",25,"right","serious","yes","5"
"1301","pain","9454567","rsl_list2","21","rsl","aligned","noncognate",1,741.23900000006,2.26,1.99,1.17,"high","noun","different","inanimate","abstract",7,7,"yes","high","high","high","school","yes","daily",38,"right","serious","yes","6"
"1302","pain","9555631","rsl_list1","48","rsl","nonaligned","noncognate",1,650.337000000058,2.26,1.99,1.17,"high","noun","different","inanimate","abstract",7,7,"yes","high","high","high","other","no","daily",33,"right","considerable","yes","28"
"1303","pain","9479813","rsl_list2","34","rsl","aligned","noncognate",1,773.77699999552,2.26,1.99,1.17,"high","noun","different","inanimate","abstract",7,7,"yes","high","high","high","parents","yes","daily",35,"right","considerable","no","0"
"1304","pain","9377336","rsl_list2","25","rsl","aligned","noncognate",1,1472.46599996422,2.26,1.99,1.17,"high","noun","different","inanimate","abstract",7,7,"yes","high","high","high","school","yes","daily",48,"right","serious","no","6.5"
"1305","pain","9368241","nsl_list2","33","nsl","aligned","noncognate",1,1618.71400000894,2.26,1.99,0.3,"low","noun","different","inanimate","abstract",7,6,"yes","high","high","high","other","yes","daily",37,"right","serious","yes","0.5"
"1306","paint","9477538","nsl_list2","29","nsl","nonaligned","cognate",0,1147.66900009534,2.86,1.63,0.77,"low","verb","near","atelic","trans",7,7,"yes","high","high","high","other","no","daily",37,"right","serious","yes","17"
"1307","paint","9537479","rsl_list2","5","rsl","aligned","cognate",0,984.539999999994,2.86,1.63,1.51,"high","verb","near","atelic","trans",7,2,"yes","high","low","high","parents","yes","daily",43,"right","serious","yes","0"
"1308","paint","9476587","rsl_list2","30","rsl","aligned","cognate",1,595,2.86,1.63,1.51,"high","verb","near","atelic","trans",7,5,"yes","high","low","high","school","yes","daily",25,"right","serious","yes","5"
"1309","paint","9541537","rsl_list1","48","rsl","nonaligned","cognate",1,-82.4409999999916,2.86,1.63,1.51,"high","verb","near","atelic","trans",7,1,"yes","high","low","high","parents","yes","daily",34,"right","moderate","yes","0"
"1310","paint","9481525","nsl_list1","7","nsl","aligned","cognate",1,896.205999994039,2.86,1.63,0.77,"low","verb","near","atelic","trans",7,7,"yes","high","high","high","caregiver","yes","daily",53,"right","serious","yes","48"
"1311","paint","9476778","nsl_list1","18","nsl","aligned","cognate",1,651.366000000009,2.86,1.63,0.77,"low","verb","near","atelic","trans",7,7,"yes","high","high","high","parents","yes","daily",46,"right","considerable","yes","0"
"1312","paint","9479027","nsl_list2","13","nsl","nonaligned","cognate",0,3944.41100000075,2.86,1.63,0.77,"low","verb","near","atelic","trans",7,7,"yes","high","high","high","parents","yes","daily",48,"right","serious","yes","1"
"1313","paint","9477675","nsl_list2","1","nsl","nonaligned","cognate",0,2422.94300001192,2.86,1.63,0.77,"low","verb","near","atelic","trans",7,6,"yes","high","high","high","other","yes","daily",41,"right","serious","no","3"
"1314","paint","9477400","nsl_list2","22","nsl","nonaligned","cognate",0,1353.34700009535,2.86,1.63,0.77,"low","verb","near","atelic","trans",7,3,"yes","high","low","high","other","yes","daily",44,"right","serious","yes","1"
"1315","paint","9631781","nsl_list1","46","nsl","aligned","cognate",1,2924,2.86,1.63,0.77,"low","verb","near","atelic","trans",7,7,"yes","high","high","high","other","no","often",81,"right","serious","no","19"
"1316","paint","9368241","nsl_list2","25","nsl","nonaligned","cognate",0,1351.24400000594,2.86,1.63,0.77,"low","verb","near","atelic","trans",7,4,"yes","high","low","high","other","yes","daily",37,"right","serious","yes","0.5"
"1317","paint","9481529","nsl_list2","13","nsl","nonaligned","cognate",0,1735.12500002384,2.86,1.63,0.77,"low","verb","near","atelic","trans",7,7,"yes","high","high","high","other","yes","daily",43,"right","serious","no","3.5"
"1318","paint","9481563","nsl_list2","7","nsl","nonaligned","cognate",0,6962.32600000597,2.86,1.63,0.77,"low","verb","near","atelic","trans",7,7,"yes","high","high","high","parents","yes","daily",50,"right","serious","yes","1"
"1319","paint","9587228","rsl_list1","41","rsl","nonaligned","cognate",1,696.607000000717,2.86,1.63,1.51,"high","verb","near","atelic","trans",7,4,"yes","high","low","high","parents","yes","daily",61,"right","considerable","no","0"
"1320","paint","9492137","rsl_list1","15","rsl","nonaligned","cognate",1,260.619000000559,2.86,1.63,1.51,"high","verb","near","atelic","trans",7,1,"yes","high","low","high","other","yes","daily",28,"right","moderate","no","3"
"1321","paint","9473110","rsl_list1","2","rsl","nonaligned","cognate",1,3405.17499999776,2.86,1.63,1.51,"high","verb","near","atelic","trans",7,3,"no","high","low","low","other","yes","daily",36,"right","serious","yes","3.5"
"1322","paint","9498014","rsl_list2","38","rsl","aligned","cognate",0,2673.1280000119,2.86,1.63,1.51,"high","verb","near","atelic","trans",6,3,"yes","low","low","high","other","no","daily",44,"right","considerable","no","16"
"1323","paint","9458431","rsl_list2","26","rsl","aligned","cognate",0,882.277999856975,2.86,1.63,1.51,"high","verb","near","atelic","trans",7,1,"yes","high","low","high","parents","yes","daily",38,"right","serious","yes","0"
"1324","paint","9476391","rsl_list2","31","rsl","aligned","cognate",0,2919.20400000009,2.86,1.63,1.51,"high","verb","near","atelic","trans",7,2,"yes","high","low","high","parents","yes","daily",32,"right","serious","no","2"
"1325","paint","9482266","rsl_list1","26","rsl","nonaligned","cognate",1,961.976999976148,2.86,1.63,1.51,"high","verb","near","atelic","trans",7,5,"no","high","low","low","other","no","daily",35,"right","considerable","no","15"
"1326","paint","9503065","rsl_list1","6","rsl","nonaligned","cognate",1,916.558000000005,2.86,1.63,1.51,"high","verb","near","atelic","trans",7,1,"yes","high","low","high","parents","yes","daily",36,"right","considerable","yes","0"
"1327","paint","9555631","rsl_list1","35","rsl","nonaligned","cognate",1,564.570999999938,2.86,1.63,1.51,"high","verb","near","atelic","trans",7,1,"yes","high","low","high","other","no","daily",33,"right","considerable","yes","28"
"1328","paint","9454567","rsl_list2","5","rsl","aligned","cognate",0,2411.44400000005,2.86,1.63,1.51,"high","verb","near","atelic","trans",7,2,"yes","high","low","high","school","yes","daily",38,"right","serious","yes","6"
"1329","paint","9483913","rsl_list1","2","rsl","nonaligned","cognate",1,1927.792,2.86,1.63,1.51,"high","verb","near","atelic","trans",7,7,"yes","high","high","high","parents","yes","daily",37,"right","considerable","yes","0"
"1330","paint","9473775","rsl_list2","4","rsl","aligned","cognate",0,2661.14,2.86,1.63,1.51,"high","verb","near","atelic","trans",7,1,"yes","high","low","high","school","yes","daily",44,"right","considerable","no","7"
"1331","paint","9647566","nsl_list1","27","nsl","aligned","cognate",1,1417.32400001789,2.86,1.63,0.77,"low","verb","near","atelic","trans",7,7,"yes","high","high","high","other","no","often",81,"right","serious","no","19"
"1332","paint","9479413","nsl_list1","3","nsl","aligned","cognate",1,1094.82199995232,2.86,1.63,0.77,"low","verb","near","atelic","trans",7,3,"yes","high","low","high","other","yes","daily",55,"right","serious","no","16"
"1333","paint","9489076","rsl_list2","38","rsl","aligned","cognate",1,320.595999952289,2.86,1.63,1.51,"high","verb","near","atelic","trans",7,4,"yes","high","low","high","parents","yes","daily",38,"right","serious","no","1"
"1334","paint","9555238","rsl_list2","27","rsl","aligned","cognate",1,780.287999994063,2.86,1.63,1.51,"high","verb","near","atelic","trans",7,6,"no","high","low","low","caregiver","no","daily",13,"right","mild","no","0"
"1335","paint","9473190","rsl_list2","39","rsl","aligned","cognate",0,3326.12000000593,2.86,1.63,1.51,"high","verb","near","atelic","trans",7,4,"yes","high","low","high","school","yes","daily",49,"right","serious","no","7"
"1336","paint","9493027","nsl_list2","21","nsl","nonaligned","cognate",0,592.111000000004,2.86,1.63,0.77,"low","verb","near","atelic","trans",7,3,"yes","high","low","high","parents","yes","daily",31,"right","considerable","no","2"
"1337","paint","9612157","nsl_list1","11","nsl","aligned","cognate",1,383.610999988072,2.86,1.63,0.77,"low","verb","near","atelic","trans",7,7,"yes","high","high","high","school","yes","daily",28,"left","serious","yes","5"
"1338","paint","9696122","nsl_list1","5","nsl","aligned","cognate",1,2713.20700000074,2.86,1.63,0.77,"low","verb","near","atelic","trans",4,4,"yes","low","low","high","parents","yes","daily",34,"right","serious","yes","1"
"1339","paint","9687063","nsl_list1","46","nsl","aligned","cognate",1,1116,2.86,1.63,0.77,"low","verb","near","atelic","trans",7,7,"yes","high","high","high","parents","no","daily",23,"right","serious","no","0"
"1340","paint","9483878","rsl_list1","20","rsl","nonaligned","cognate",1,901.839999999997,2.86,1.63,1.51,"high","verb","near","atelic","trans",7,7,"yes","high","high","high","parents","yes","daily",42,"right","considerable","yes","0"
"1341","paint","9479813","rsl_list2","36","rsl","aligned","cognate",1,106.027999997023,2.86,1.63,1.51,"high","verb","near","atelic","trans",7,7,"yes","high","high","high","parents","yes","daily",35,"right","considerable","no","0"
"1342","paint","9482437","nsl_list1","31","nsl","aligned","cognate",1,786,2.86,1.63,0.77,"low","verb","near","atelic","trans",7,7,"yes","high","high","high","school","yes","daily",70,"right","serious","no","8"
"1343","paint","9685656","nsl_list2","15","nsl","nonaligned","cognate",0,1891.49499990462,2.86,1.63,0.77,"low","verb","near","atelic","trans",7,7,"yes","high","high","high","parents","yes","daily",48,"right","serious","yes","2"
"1344","paint","9377336","rsl_list2","15","rsl","aligned","cognate",0,3803.31999998807,2.86,1.63,1.51,"high","verb","near","atelic","trans",7,1,"yes","high","low","high","school","yes","daily",48,"right","serious","no","6.5"
"1345","paint","9455706","rsl_list1","24","rsl","nonaligned","cognate",1,1149.79299999942,2.86,1.63,1.51,"high","verb","near","atelic","trans",7,1,"yes","high","low","high","other","yes","daily",31,"right","considerable","no","7"
"1346","paint","9483072","nsl_list2","13","nsl","nonaligned","cognate",1,12149.0410000015,2.86,1.63,0.77,"low","verb","near","atelic","trans",7,7,"yes","high","high","high","school","no","daily",45,"left","serious","no","14"
"1347","paint","9462565","nsl_list1","45","nsl","aligned","cognate",1,452,2.86,1.63,0.77,"low","verb","near","atelic","trans",7,1,"yes","high","low","high","parents","yes","daily",42,"right","serious","yes","0"
"1348","paint","9498903","nsl_list1","7","nsl","aligned","cognate",1,750.464000000007,2.86,1.63,0.77,"low","verb","near","atelic","trans",7,7,"yes","high","high","high","school","yes","daily",49,"right","serious","no","18"
"1349","paint","9472740","rsl_list2","6","rsl","aligned","cognate",1,2089.00999999999,2.86,1.63,1.51,"high","verb","near","atelic","trans",7,5,"yes","high","low","high","other","yes","daily",24,"right","moderate","yes","7"
"1350","paint","9454658","rsl_list1","3","rsl","nonaligned","cognate",1,275.000000000007,2.86,1.63,1.51,"high","verb","near","atelic","trans",7,1,"yes","high","low","high","other","yes","daily",29,"right","serious","no","5"
"1351","play","9555238","rsl_list2","5","rsl","nonaligned","noncognate",1,1866.25600000596,2.64,2.46,1.85,"high","verb","different","atelic","trans",7,2,"yes","high","low","high","caregiver","no","daily",13,"right","mild","no","0"
"1352","play","9377336","rsl_list2","32","rsl","nonaligned","noncognate",1,2795.23199997615,2.64,2.46,1.85,"high","verb","different","atelic","trans",7,7,"yes","high","high","high","school","yes","daily",48,"right","serious","no","6.5"
"1353","play","9476587","rsl_list2","3","rsl","nonaligned","noncognate",1,1754,2.64,2.46,1.85,"high","verb","different","atelic","trans",7,6,"yes","high","low","high","school","yes","daily",25,"right","serious","yes","5"
"1354","play","9473190","rsl_list2","38","rsl","nonaligned","noncognate",1,12786.4000000044,2.64,2.46,1.85,"high","verb","different","atelic","trans",7,7,"yes","high","high","high","school","yes","daily",49,"right","serious","no","7"
"1355","play","9455706","rsl_list1","3","rsl","aligned","noncognate",1,1881.062,2.64,2.46,1.85,"high","verb","different","atelic","trans",7,7,"yes","high","high","high","other","yes","daily",31,"right","considerable","no","7"
"1356","play","9489076","rsl_list2","19","rsl","nonaligned","noncognate",1,526.616999856953,2.64,2.46,1.85,"high","verb","different","atelic","trans",7,7,"yes","high","high","high","parents","yes","daily",38,"right","serious","no","1"
"1357","play","9479413","nsl_list1","30","nsl","aligned","noncognate",1,704.39600004768,2.64,2.46,1.17,"high","verb","different","atelic","trans",7,7,"yes","high","high","high","other","yes","daily",55,"right","serious","no","16"
"1358","play","9631781","nsl_list1","8","nsl","aligned","noncognate",0,16600,2.64,2.46,1.17,"high","verb","different","atelic","trans",7,7,"yes","high","high","high","other","no","often",81,"right","serious","no","19"
"1359","play","9477400","nsl_list2","36","nsl","nonaligned","noncognate",0,1784.49299995234,2.64,2.46,1.17,"high","verb","different","atelic","trans",7,5,"yes","high","low","high","other","yes","daily",44,"right","serious","yes","1"
"1360","play","9685656","nsl_list2","22","nsl","nonaligned","noncognate",0,1273.766,2.64,2.46,1.17,"high","verb","different","atelic","trans",7,7,"yes","high","high","high","parents","yes","daily",48,"right","serious","yes","2"
"1361","play","9479027","nsl_list2","11","nsl","nonaligned","noncognate",0,1786.61699999926,2.64,2.46,1.17,"high","verb","different","atelic","trans",7,7,"yes","high","high","high","parents","yes","daily",48,"right","serious","yes","1"
"1362","play","9481525","nsl_list1","5","nsl","aligned","noncognate",1,1114.60599999403,2.64,2.46,1.17,"high","verb","different","atelic","trans",7,6,"yes","high","high","high","caregiver","yes","daily",53,"right","serious","yes","48"
"1363","play","9483072","nsl_list2","14","nsl","nonaligned","noncognate",1,1606.11300000074,2.64,2.46,1.17,"high","verb","different","atelic","trans",7,7,"yes","high","high","high","school","no","daily",45,"left","serious","no","14"
"1364","play","9612157","nsl_list1","42","nsl","aligned","noncognate",1,134.095999964222,2.64,2.46,1.17,"high","verb","different","atelic","trans",7,7,"yes","high","high","high","school","yes","daily",28,"left","serious","yes","5"
"1365","play","9368241","nsl_list2","30","nsl","nonaligned","noncognate",0,1669.217,2.64,2.46,1.17,"high","verb","different","atelic","trans",7,5,"yes","high","low","high","other","yes","daily",37,"right","serious","yes","0.5"
"1366","play","9477675","nsl_list2","40","nsl","nonaligned","noncognate",1,1239.41600002383,2.64,2.46,1.17,"high","verb","different","atelic","trans",7,5,"yes","high","low","high","other","yes","daily",41,"right","serious","no","3"
"1367","play","9498903","nsl_list1","44","nsl","aligned","noncognate",1,649.04499990464,2.64,2.46,1.17,"high","verb","different","atelic","trans",7,7,"yes","high","high","high","school","yes","daily",49,"right","serious","no","18"
"1368","play","9481563","nsl_list2","23","nsl","nonaligned","noncognate",0,1842.174,2.64,2.46,1.17,"high","verb","different","atelic","trans",7,7,"yes","high","high","high","parents","yes","daily",50,"right","serious","yes","1"
"1369","play","9696122","nsl_list1","9","nsl","aligned","noncognate",1,154.965000000739,2.64,2.46,1.17,"high","verb","different","atelic","trans",7,7,"yes","high","high","high","parents","yes","daily",34,"right","serious","yes","1"
"1370","play","9687063","nsl_list1","11","nsl","aligned","noncognate",1,2018,2.64,2.46,1.17,"high","verb","different","atelic","trans",6,5,"yes","low","low","high","parents","no","daily",23,"right","serious","no","0"
"1371","play","9483913","rsl_list1","24","rsl","aligned","noncognate",1,1721.72000000224,2.64,2.46,1.85,"high","verb","different","atelic","trans",7,1,"yes","high","low","high","parents","yes","daily",37,"right","considerable","yes","0"
"1372","play","9454658","rsl_list1","28","rsl","aligned","noncognate",1,987.000000000058,2.64,2.46,1.85,"high","verb","different","atelic","trans",7,7,"yes","high","high","high","other","yes","daily",29,"right","serious","no","5"
"1373","play","9587228","rsl_list1","6","rsl","aligned","noncognate",1,1611.07700000297,2.64,2.46,1.85,"high","verb","different","atelic","trans",7,7,"yes","high","high","high","parents","yes","daily",61,"right","considerable","no","0"
"1374","play","9476391","rsl_list2","23","rsl","nonaligned","noncognate",1,2336.52299999993,2.64,2.46,1.85,"high","verb","different","atelic","trans",7,7,"yes","high","high","high","parents","yes","daily",32,"right","serious","no","2"
"1375","play","9537479","rsl_list2","46","rsl","nonaligned","noncognate",1,2420.82000000001,2.64,2.46,1.85,"high","verb","different","atelic","trans",6,4,"no","low","low","low","parents","yes","daily",43,"right","serious","yes","0"
"1376","play","9492137","rsl_list1","6","rsl","aligned","noncognate",1,753.74800000056,2.64,2.46,1.85,"high","verb","different","atelic","trans",7,7,"yes","high","high","high","other","yes","daily",28,"right","moderate","no","3"
"1377","play","9482437","nsl_list1","10","nsl","aligned","noncognate",1,870,2.64,2.46,1.17,"high","verb","different","atelic","trans",7,7,"yes","high","high","high","school","yes","daily",70,"right","serious","no","8"
"1378","play","9476778","nsl_list1","32","nsl","aligned","noncognate",1,816.77899999998,2.64,2.46,1.17,"high","verb","different","atelic","trans",7,7,"yes","high","high","high","parents","yes","daily",46,"right","considerable","yes","0"
"1379","play","9647566","nsl_list1","48","nsl","aligned","noncognate",1,3548.65600001789,2.64,2.46,1.17,"high","verb","different","atelic","trans",7,7,"yes","high","high","high","other","no","often",81,"right","serious","no","19"
"1380","play","9477538","nsl_list2","4","nsl","nonaligned","noncognate",0,2114.46199995231,2.64,2.46,1.17,"high","verb","different","atelic","trans",7,7,"yes","high","high","high","other","no","daily",37,"right","serious","yes","17"
"1381","play","9493027","nsl_list2","11","nsl","nonaligned","noncognate",0,594.19299999981,2.64,2.46,1.17,"high","verb","different","atelic","trans",7,5,"yes","high","low","high","parents","yes","daily",31,"right","considerable","no","2"
"1382","play","9498014","rsl_list2","23","rsl","nonaligned","noncognate",1,4071.52300001192,2.64,2.46,1.85,"high","verb","different","atelic","trans",7,7,"yes","high","high","high","other","no","daily",44,"right","considerable","no","16"
"1383","play","9473775","rsl_list2","15","rsl","nonaligned","noncognate",0,1085.88,2.64,2.46,1.85,"high","verb","different","atelic","trans",7,7,"yes","high","high","high","school","yes","daily",44,"right","considerable","no","7"
"1384","play","9541537","rsl_list1","4","rsl","aligned","noncognate",1,1097.42700000447,2.64,2.46,1.85,"high","verb","different","atelic","trans",7,7,"yes","high","high","high","parents","yes","daily",34,"right","moderate","yes","0"
"1385","play","9479813","rsl_list2","46","rsl","nonaligned","noncognate",1,338.249000000011,2.64,2.46,1.85,"high","verb","different","atelic","trans",7,7,"yes","high","high","high","parents","yes","daily",35,"right","considerable","no","0"
"1386","play","9454567","rsl_list2","33","rsl","nonaligned","noncognate",0,1042.10700000002,2.64,2.46,1.85,"high","verb","different","atelic","trans",7,7,"yes","high","high","high","school","yes","daily",38,"right","serious","yes","6"
"1387","play","9472740","rsl_list2","45","rsl","nonaligned","noncognate",1,2323.84299999406,2.64,2.46,1.85,"high","verb","different","atelic","trans",7,7,"yes","high","high","high","other","yes","daily",24,"right","moderate","yes","7"
"1388","play","9555631","rsl_list1","36","rsl","aligned","noncognate",1,624.018999982101,2.64,2.46,1.85,"high","verb","different","atelic","trans",7,7,"yes","high","high","high","other","no","daily",33,"right","considerable","yes","28"
"1389","play","9503065","rsl_list1","3","rsl","aligned","noncognate",1,3467.34899999999,2.64,2.46,1.85,"high","verb","different","atelic","trans",7,7,"yes","high","high","high","parents","yes","daily",36,"right","considerable","yes","0"
"1390","play","9473110","rsl_list1","4","rsl","aligned","noncognate",1,1883.40900000001,2.64,2.46,1.85,"high","verb","different","atelic","trans",7,7,"yes","high","high","high","other","yes","daily",36,"right","serious","yes","3.5"
"1391","play","9458431","rsl_list2","35","rsl","nonaligned","noncognate",1,944.247000047704,2.64,2.46,1.85,"high","verb","different","atelic","trans",7,7,"yes","high","high","high","parents","yes","daily",38,"right","serious","yes","0"
"1392","play","9483878","rsl_list1","26","rsl","aligned","noncognate",1,1333.32000000007,2.64,2.46,1.85,"high","verb","different","atelic","trans",7,5,"yes","high","low","high","parents","yes","daily",42,"right","considerable","yes","0"
"1393","play","9482266","rsl_list1","34","rsl","aligned","noncognate",1,1299.02099996421,2.64,2.46,1.85,"high","verb","different","atelic","trans",7,7,"yes","high","high","high","other","no","daily",35,"right","considerable","no","15"
"1394","play","9462565","nsl_list1","10","nsl","aligned","noncognate",1,1215,2.64,2.46,1.17,"high","verb","different","atelic","trans",7,4,"no","high","low","low","parents","yes","daily",42,"right","serious","yes","0"
"1395","play","9481529","nsl_list2","18","nsl","nonaligned","noncognate",0,3586.30499997616,2.64,2.46,1.17,"high","verb","different","atelic","trans",7,7,"yes","high","high","high","other","yes","daily",43,"right","serious","no","3.5"
"1396","ring","9555238","rsl_list2","16","rsl","aligned","noncognate",1,5930.38,1.38,2.16,1,"high","noun","different","inanimate","concrete",6,7,"no","low","high","low","caregiver","no","daily",13,"right","mild","no","0"
"1397","ring","9503065","rsl_list1","19","rsl","nonaligned","noncognate",1,2156.85200000074,1.38,2.16,1,"high","noun","different","inanimate","concrete",7,7,"yes","high","high","high","parents","yes","daily",36,"right","considerable","yes","0"
"1398","ring","9458431","rsl_list2","34","rsl","aligned","noncognate",1,721.698999856948,1.38,2.16,1,"high","noun","different","inanimate","concrete",7,7,"no","high","high","low","parents","yes","daily",38,"right","serious","yes","0"
"1399","ring","9454567","rsl_list2","40","rsl","aligned","noncognate",1,983.229999999981,1.38,2.16,1,"high","noun","different","inanimate","concrete",7,3,"yes","high","low","high","school","yes","daily",38,"right","serious","yes","6"
"1400","ring","9472740","rsl_list2","38","rsl","aligned","noncognate",1,1941.64999999106,1.38,2.16,1,"high","noun","different","inanimate","concrete",7,7,"yes","high","high","high","other","yes","daily",24,"right","moderate","yes","7"
"1401","ring","9473775","rsl_list2","18","rsl","aligned","noncognate",1,1381.56,1.38,2.16,1,"high","noun","different","inanimate","concrete",7,7,"yes","high","high","high","school","yes","daily",44,"right","considerable","no","7"
"1402","ring","9492137","rsl_list1","40","rsl","nonaligned","noncognate",1,1471.1230000002,1.38,2.16,1,"high","noun","different","inanimate","concrete",7,4,"no","high","low","low","other","yes","daily",28,"right","moderate","no","3"
"1403","ring","9498014","rsl_list2","35","rsl","aligned","noncognate",1,1938.35799998813,1.38,2.16,1,"high","noun","different","inanimate","concrete",6,7,"no","low","high","low","other","no","daily",44,"right","considerable","no","16"
"1404","ring","9483878","rsl_list1","38","rsl","nonaligned","noncognate",1,1074.91999999998,1.38,2.16,1,"high","noun","different","inanimate","concrete",6,3,"yes","low","low","high","parents","yes","daily",42,"right","considerable","yes","0"
"1405","ring","9455706","rsl_list1","37","rsl","nonaligned","noncognate",1,2341.9879999996,1.38,2.16,1,"high","noun","different","inanimate","concrete",7,7,"yes","high","high","high","other","yes","daily",31,"right","considerable","no","7"
"1406","ring","9476391","rsl_list2","29","rsl","aligned","noncognate",1,2347.68800000002,1.38,2.16,1,"high","noun","different","inanimate","concrete",7,7,"yes","high","high","high","parents","yes","daily",32,"right","serious","no","2"
"1407","ring","9479813","rsl_list2","30","rsl","aligned","noncognate",1,464.686999997008,1.38,2.16,1,"high","noun","different","inanimate","concrete",7,7,"yes","high","high","high","parents","yes","daily",35,"right","considerable","no","0"
"1408","ring","9473110","rsl_list1","28","rsl","nonaligned","noncognate",1,1909.15200000076,1.38,2.16,1,"high","noun","different","inanimate","concrete",7,5,"yes","high","low","high","other","yes","daily",36,"right","serious","yes","3.5"
"1409","ring","9537479","rsl_list2","20","rsl","aligned","noncognate",1,1706.16,1.38,2.16,1,"high","noun","different","inanimate","concrete",5,4,"no","low","low","low","parents","yes","daily",43,"right","serious","yes","0"
"1410","ring","9482266","rsl_list1","29","rsl","nonaligned","noncognate",1,5369.94400001189,1.38,2.16,1,"high","noun","different","inanimate","concrete",7,7,"yes","high","high","high","other","no","daily",35,"right","considerable","no","15"
"1411","ring","9555631","rsl_list1","23","rsl","nonaligned","noncognate",1,1140.8449999881,1.38,2.16,1,"high","noun","different","inanimate","concrete",7,7,"yes","high","high","high","other","no","daily",33,"right","considerable","yes","28"
"1412","ring","9587228","rsl_list1","46","rsl","nonaligned","noncognate",1,1899.85999999999,1.38,2.16,1,"high","noun","different","inanimate","concrete",7,7,"yes","high","high","high","parents","yes","daily",61,"right","considerable","no","0"
"1413","ring","9454658","rsl_list1","47","rsl","nonaligned","noncognate",1,1257,1.38,2.16,1,"high","noun","different","inanimate","concrete",7,7,"yes","high","high","high","other","yes","daily",29,"right","serious","no","5"
"1414","ring","9483913","rsl_list1","23","rsl","nonaligned","noncognate",1,1721.87800000148,1.38,2.16,1,"high","noun","different","inanimate","concrete",7,1,"yes","high","low","high","parents","yes","daily",37,"right","considerable","yes","0"
"1415","ring","9473190","rsl_list2","27","rsl","aligned","noncognate",1,2400.26000000001,1.38,2.16,1,"high","noun","different","inanimate","concrete",7,7,"no","high","high","low","school","yes","daily",49,"right","serious","no","7"
"1416","ring","9541537","rsl_list1","31","rsl","nonaligned","noncognate",1,1064.10700000002,1.38,2.16,1,"high","noun","different","inanimate","concrete",7,7,"yes","high","high","high","parents","yes","daily",34,"right","moderate","yes","0"
"1417","ring","9476587","rsl_list2","2","rsl","aligned","noncognate",0,1823,1.38,2.16,1,"high","noun","different","inanimate","concrete",7,7,"yes","high","high","high","school","yes","daily",25,"right","serious","yes","5"
"1418","ring","9462565","nsl_list1","22","nsl","nonaligned","noncognate",1,2366,1.38,2.16,0.84,"low","noun","different","inanimate","concrete",7,7,"no","high","high","low","parents","yes","daily",42,"right","serious","yes","0"
"1419","ring","9482437","nsl_list1","39","nsl","nonaligned","noncognate",1,1567,1.38,2.16,0.84,"low","noun","different","inanimate","concrete",4,4,"no","low","low","low","school","yes","daily",70,"right","serious","no","8"
"1420","ring","9612157","nsl_list1","27","nsl","nonaligned","noncognate",1,1506.91700001192,1.38,2.16,0.84,"low","noun","different","inanimate","concrete",4,7,"no","low","high","low","school","yes","daily",28,"left","serious","yes","5"
"1421","ring","9481529","nsl_list2","14","nsl","aligned","noncognate",1,3400.56299997616,1.38,2.16,0.84,"low","noun","different","inanimate","concrete",7,7,"yes","high","high","high","other","yes","daily",43,"right","serious","no","3.5"
"1422","ring","9687063","nsl_list1","20","nsl","nonaligned","noncognate",1,12942,1.38,2.16,0.84,"low","noun","different","inanimate","concrete",5,6,"yes","low","high","high","parents","no","daily",23,"right","serious","no","0"
"1423","ring","9647566","nsl_list1","24","nsl","nonaligned","noncognate",1,2201.76000000001,1.38,2.16,0.84,"low","noun","different","inanimate","concrete",7,7,"yes","high","high","high","other","no","often",81,"right","serious","no","19"
"1424","ring","9498903","nsl_list1","16","nsl","nonaligned","noncognate",1,3051.55800019074,1.38,2.16,0.84,"low","noun","different","inanimate","concrete",7,7,"yes","high","high","high","school","yes","daily",49,"right","serious","no","18"
"1425","ring","9631781","nsl_list1","4","nsl","nonaligned","noncognate",1,8509.00000000006,1.38,2.16,0.84,"low","noun","different","inanimate","concrete",7,7,"yes","high","high","high","other","no","often",81,"right","serious","no","19"
"1426","ring","9479027","nsl_list2","36","nsl","aligned","noncognate",1,14800.4259999985,1.38,2.16,0.84,"low","noun","different","inanimate","concrete",7,6,"yes","high","high","high","parents","yes","daily",48,"right","serious","yes","1"
"1427","ring","9477675","nsl_list2","23","nsl","aligned","noncognate",0,7250.04799999995,1.38,2.16,0.84,"low","noun","different","inanimate","concrete",4,3,"no","low","low","low","other","yes","daily",41,"right","serious","no","3"
"1428","ring","9696122","nsl_list1","39","nsl","nonaligned","noncognate",1,2510.2080000015,1.38,2.16,0.84,"low","noun","different","inanimate","concrete",7,7,"yes","high","high","high","parents","yes","daily",34,"right","serious","yes","1"
"1429","ring","9481525","nsl_list1","14","nsl","nonaligned","noncognate",1,2209.74400000597,1.38,2.16,0.84,"low","noun","different","inanimate","concrete",7,7,"yes","high","high","high","caregiver","yes","daily",53,"right","serious","yes","48"
"1430","ring","9481563","nsl_list2","37","nsl","aligned","noncognate",1,4139.20799999998,1.38,2.16,0.84,"low","noun","different","inanimate","concrete",7,1,"yes","high","low","high","parents","yes","daily",50,"right","serious","yes","1"
"1431","ring","9685656","nsl_list2","39","nsl","aligned","noncognate",1,2654.23899995233,1.38,2.16,0.84,"low","noun","different","inanimate","concrete",7,7,"yes","high","high","high","parents","yes","daily",48,"right","serious","yes","2"
"1432","ring","9476778","nsl_list1","31","nsl","nonaligned","noncognate",1,1587.70900000597,1.38,2.16,0.84,"low","noun","different","inanimate","concrete",7,7,"yes","high","high","high","parents","yes","daily",46,"right","considerable","yes","0"
"1433","ring","9368241","nsl_list2","39","nsl","aligned","noncognate",1,4127.34100000298,1.38,2.16,0.84,"low","noun","different","inanimate","concrete",7,7,"yes","high","high","high","other","yes","daily",37,"right","serious","yes","0.5"
"1434","ring","9477400","nsl_list2","48","nsl","aligned","noncognate",1,1487.27499990462,1.38,2.16,0.84,"low","noun","different","inanimate","concrete",7,2,"yes","high","low","high","other","yes","daily",44,"right","serious","yes","1"
"1435","ring","9493027","nsl_list2","5","nsl","aligned","noncognate",1,1466.08999999944,1.38,2.16,0.84,"low","noun","different","inanimate","concrete",7,7,"yes","high","high","high","parents","yes","daily",31,"right","considerable","no","2"
"1436","ring","9479413","nsl_list1","11","nsl","nonaligned","noncognate",0,4451.268,1.38,2.16,0.84,"low","noun","different","inanimate","concrete",7,4,"yes","high","low","high","other","yes","daily",55,"right","serious","no","16"
"1437","ring","9483072","nsl_list2","34","nsl","aligned","noncognate",0,3586.92600000149,1.38,2.16,0.84,"low","noun","different","inanimate","concrete",7,7,"yes","high","high","high","school","no","daily",45,"left","serious","no","14"
"1438","ring","9477538","nsl_list2","43","nsl","aligned","noncognate",1,3413.12300009537,1.38,2.16,0.84,"low","noun","different","inanimate","concrete",7,5,"yes","high","low","high","other","no","daily",37,"right","serious","yes","17"
"1439","ring","9377336","rsl_list2","21","rsl","aligned","noncognate",1,1453.70599997617,1.38,2.16,1,"high","noun","different","inanimate","concrete",7,7,"yes","high","high","high","school","yes","daily",48,"right","serious","no","6.5"
"1440","ring","9489076","rsl_list2","36","rsl","aligned","noncognate",1,996.063999856939,1.38,2.16,1,"high","noun","different","inanimate","concrete",7,7,"yes","high","high","high","parents","yes","daily",38,"right","serious","no","1"
"1441","run","9631781","nsl_list1","22","nsl","nonaligned","cognate",1,28083,1.83,2.25,1.14,"high","verb","exact","atelic","intrans",7,7,"yes","high","high","high","other","no","often",81,"right","serious","no","19"
"1442","run","9612157","nsl_list1","5","nsl","nonaligned","cognate",1,463.427999976157,1.83,2.25,1.14,"high","verb","exact","atelic","intrans",7,7,"yes","high","high","high","school","yes","daily",28,"left","serious","yes","5"
"1443","run","9477400","nsl_list2","38","nsl","aligned","cognate",0,461.181999904627,1.83,2.25,1.14,"high","verb","exact","atelic","intrans",7,7,"yes","high","high","high","other","yes","daily",44,"right","serious","yes","1"
"1444","run","9462565","nsl_list1","29","nsl","nonaligned","cognate",1,633,1.83,2.25,1.14,"high","verb","exact","atelic","intrans",7,1,"yes","high","low","high","parents","yes","daily",42,"right","serious","yes","0"
"1445","run","9493027","nsl_list2","44","nsl","aligned","cognate",0,222.555999999808,1.83,2.25,1.14,"high","verb","exact","atelic","intrans",7,5,"yes","high","low","high","parents","yes","daily",31,"right","considerable","no","2"
"1446","run","9481563","nsl_list2","41","nsl","aligned","cognate",0,975.496000002953,1.83,2.25,1.14,"high","verb","exact","atelic","intrans",7,7,"yes","high","high","high","parents","yes","daily",50,"right","serious","yes","1"
"1447","run","9481525","nsl_list1","17","nsl","nonaligned","cognate",1,3910.908,1.83,2.25,1.14,"high","verb","exact","atelic","intrans",7,7,"yes","high","high","high","caregiver","yes","daily",53,"right","serious","yes","48"
"1448","run","9368241","nsl_list2","36","nsl","aligned","cognate",0,2740.18800000596,1.83,2.25,1.14,"high","verb","exact","atelic","intrans",7,6,"yes","high","high","high","other","yes","daily",37,"right","serious","yes","0.5"
"1449","run","9483072","nsl_list2","11","nsl","aligned","cognate",1,3465.7050000015,1.83,2.25,1.14,"high","verb","exact","atelic","intrans",7,7,"yes","high","high","high","school","no","daily",45,"left","serious","no","14"
"1450","run","9481529","nsl_list2","16","nsl","aligned","cognate",0,1082.99399997617,1.83,2.25,1.14,"high","verb","exact","atelic","intrans",7,7,"yes","high","high","high","other","yes","daily",43,"right","serious","no","3.5"
"1451","run","9498903","nsl_list1","47","nsl","nonaligned","cognate",1,921.822000095388,1.83,2.25,1.14,"high","verb","exact","atelic","intrans",7,7,"yes","high","high","high","school","yes","daily",49,"right","serious","no","18"
"1452","run","9687063","nsl_list1","37","nsl","nonaligned","cognate",1,1043,1.83,2.25,1.14,"high","verb","exact","atelic","intrans",7,5,"yes","high","low","high","parents","no","daily",23,"right","serious","no","0"
"1453","run","9482437","nsl_list1","13","nsl","nonaligned","cognate",1,775.000000000015,1.83,2.25,1.14,"high","verb","exact","atelic","intrans",7,7,"yes","high","high","high","school","yes","daily",70,"right","serious","no","8"
"1454","run","9479027","nsl_list2","4","nsl","aligned","cognate",0,1095.46499999925,1.83,2.25,1.14,"high","verb","exact","atelic","intrans",7,7,"yes","high","high","high","parents","yes","daily",48,"right","serious","yes","1"
"1455","run","9476778","nsl_list1","33","nsl","nonaligned","cognate",1,1116.20599999407,1.83,2.25,1.14,"high","verb","exact","atelic","intrans",7,7,"yes","high","high","high","parents","yes","daily",46,"right","considerable","yes","0"
"1456","run","9477675","nsl_list2","47","nsl","aligned","cognate",0,462.972000017879,1.83,2.25,1.14,"high","verb","exact","atelic","intrans",7,5,"yes","high","low","high","other","yes","daily",41,"right","serious","no","3"
"1457","run","9479413","nsl_list1","47","nsl","nonaligned","cognate",1,460.404999856954,1.83,2.25,1.14,"high","verb","exact","atelic","intrans",7,7,"yes","high","high","high","other","yes","daily",55,"right","serious","no","16"
"1458","run","9477538","nsl_list2","22","nsl","aligned","cognate",0,930.777000047674,1.83,2.25,1.14,"high","verb","exact","atelic","intrans",7,7,"yes","high","high","high","other","no","daily",37,"right","serious","yes","17"
"1459","run","9541537","rsl_list1","14","rsl","aligned","cognate",1,624.64200000299,1.83,2.25,2.17,"high","verb","exact","atelic","intrans",7,7,"yes","high","high","high","parents","yes","daily",34,"right","moderate","yes","0"
"1460","run","9483878","rsl_list1","32","rsl","aligned","cognate",1,279.020000000019,1.83,2.25,2.17,"high","verb","exact","atelic","intrans",7,1,"yes","high","low","high","parents","yes","daily",42,"right","considerable","yes","0"
"1461","run","9455706","rsl_list1","19","rsl","aligned","cognate",1,1620.32999999984,1.83,2.25,2.17,"high","verb","exact","atelic","intrans",7,7,"yes","high","high","high","other","yes","daily",31,"right","considerable","no","7"
"1462","run","9537479","rsl_list2","15","rsl","nonaligned","cognate",1,463.27999999997,1.83,2.25,2.17,"high","verb","exact","atelic","intrans",7,7,"yes","high","high","high","parents","yes","daily",43,"right","serious","yes","0"
"1463","run","9473775","rsl_list2","40","rsl","nonaligned","cognate",1,661.359999999986,1.83,2.25,2.17,"high","verb","exact","atelic","intrans",7,7,"yes","high","high","high","school","yes","daily",44,"right","considerable","no","7"
"1464","run","9473110","rsl_list1","14","rsl","aligned","cognate",1,1489.46600000074,1.83,2.25,2.17,"high","verb","exact","atelic","intrans",7,7,"yes","high","high","high","other","yes","daily",36,"right","serious","yes","3.5"
"1465","run","9454658","rsl_list1","5","rsl","aligned","cognate",1,1151,1.83,2.25,2.17,"high","verb","exact","atelic","intrans",7,7,"yes","high","high","high","other","yes","daily",29,"right","serious","no","5"
"1466","run","9483913","rsl_list1","12","rsl","aligned","cognate",1,1439.05300000298,1.83,2.25,2.17,"high","verb","exact","atelic","intrans",7,7,"yes","high","high","high","parents","yes","daily",37,"right","considerable","yes","0"
"1467","run","9503065","rsl_list1","14","rsl","aligned","cognate",1,648.622000000731,1.83,2.25,2.17,"high","verb","exact","atelic","intrans",7,7,"yes","high","high","high","parents","yes","daily",36,"right","considerable","yes","0"
"1468","run","9587228","rsl_list1","47","rsl","aligned","cognate",1,1307.40600000077,1.83,2.25,2.17,"high","verb","exact","atelic","intrans",7,7,"yes","high","high","high","parents","yes","daily",61,"right","considerable","no","0"
"1469","run","9454567","rsl_list2","1","rsl","nonaligned","cognate",1,1496.19699999996,1.83,2.25,2.17,"high","verb","exact","atelic","intrans",7,7,"yes","high","high","high","school","yes","daily",38,"right","serious","yes","6"
"1470","run","9476587","rsl_list2","48","rsl","nonaligned","cognate",1,459.000000000058,1.83,2.25,2.17,"high","verb","exact","atelic","intrans",7,7,"yes","high","high","high","school","yes","daily",25,"right","serious","yes","5"
"1471","run","9473190","rsl_list2","20","rsl","nonaligned","cognate",1,1135.34700000298,1.83,2.25,2.17,"high","verb","exact","atelic","intrans",7,7,"yes","high","high","high","school","yes","daily",49,"right","serious","no","7"
"1472","run","9377336","rsl_list2","2","rsl","nonaligned","cognate",1,1720.42599995232,1.83,2.25,2.17,"high","verb","exact","atelic","intrans",7,7,"yes","high","high","high","school","yes","daily",48,"right","serious","no","6.5"
"1473","run","9479813","rsl_list2","13","rsl","nonaligned","cognate",1,66.6000000000058,1.83,2.25,2.17,"high","verb","exact","atelic","intrans",7,7,"yes","high","high","high","parents","yes","daily",35,"right","considerable","no","0"
"1474","run","9555631","rsl_list1","9","rsl","aligned","cognate",1,1490.00299998213,1.83,2.25,2.17,"high","verb","exact","atelic","intrans",7,7,"yes","high","high","high","other","no","daily",33,"right","considerable","yes","28"
"1475","run","9482266","rsl_list1","39","rsl","aligned","cognate",1,1463.38799996424,1.83,2.25,2.17,"high","verb","exact","atelic","intrans",7,7,"yes","high","high","high","other","no","daily",35,"right","considerable","no","15"
"1476","run","9476391","rsl_list2","22","rsl","nonaligned","cognate",1,1334.56299999997,1.83,2.25,2.17,"high","verb","exact","atelic","intrans",7,7,"yes","high","high","high","parents","yes","daily",32,"right","serious","no","2"
"1477","run","9458431","rsl_list2","5","rsl","nonaligned","cognate",1,724.287000047683,1.83,2.25,2.17,"high","verb","exact","atelic","intrans",7,7,"yes","high","high","high","parents","yes","daily",38,"right","serious","yes","0"
"1478","run","9555238","rsl_list2","34","rsl","nonaligned","cognate",1,968.647999994049,1.83,2.25,2.17,"high","verb","exact","atelic","intrans",7,6,"yes","high","low","high","caregiver","no","daily",13,"right","mild","no","0"
"1479","run","9472740","rsl_list2","4","rsl","nonaligned","cognate",1,1122.37899999702,1.83,2.25,2.17,"high","verb","exact","atelic","intrans",7,7,"yes","high","high","high","other","yes","daily",24,"right","moderate","yes","7"
"1480","run","9498014","rsl_list2","28","rsl","nonaligned","cognate",1,1205.49099999404,1.83,2.25,2.17,"high","verb","exact","atelic","intrans",7,7,"yes","high","high","high","other","no","daily",44,"right","considerable","no","16"
"1481","run","9489076","rsl_list2","11","rsl","nonaligned","cognate",1,325.596999952308,1.83,2.25,2.17,"high","verb","exact","atelic","intrans",7,7,"yes","high","high","high","parents","yes","daily",38,"right","serious","no","1"
"1482","run","9696122","nsl_list1","27","nsl","nonaligned","cognate",1,124.602000000741,1.83,2.25,1.14,"high","verb","exact","atelic","intrans",7,7,"yes","high","high","high","parents","yes","daily",34,"right","serious","yes","1"
"1483","run","9647566","nsl_list1","40","nsl","nonaligned","cognate",1,1488.06599999999,1.83,2.25,1.14,"high","verb","exact","atelic","intrans",7,7,"yes","high","high","high","other","no","often",81,"right","serious","no","19"
"1484","run","9685656","nsl_list2","14","nsl","aligned","cognate",0,1045.74999992846,1.83,2.25,1.14,"high","verb","exact","atelic","intrans",7,7,"yes","high","high","high","parents","yes","daily",48,"right","serious","yes","2"
"1485","run","9492137","rsl_list1","46","rsl","aligned","cognate",1,638.577000000747,1.83,2.25,2.17,"high","verb","exact","atelic","intrans",7,7,"yes","high","high","high","other","yes","daily",28,"right","moderate","no","3"
"1486","sail","9477675","nsl_list2","24","nsl","nonaligned","noncognate",0,1831.63400002383,1.22,1.64,0,"low","verb","different","atelic","intrans",7,7,"yes","high","high","high","other","yes","daily",41,"right","serious","no","3"
"1487","sail","9377336","rsl_list2","40","rsl","nonaligned","noncognate",1,1701.46399997617,1.22,1.64,0,"low","verb","different","atelic","intrans",7,7,"yes","high","high","high","school","yes","daily",48,"right","serious","no","6.5"
"1488","sail","9458431","rsl_list2","29","rsl","nonaligned","noncognate",1,473.35399995232,1.22,1.64,0,"low","verb","different","atelic","intrans",7,7,"yes","high","high","high","parents","yes","daily",38,"right","serious","yes","0"
"1489","sail","9537479","rsl_list2","8","rsl","nonaligned","noncognate",1,983.639999999999,1.22,1.64,0,"low","verb","different","atelic","intrans",7,7,"yes","high","high","high","parents","yes","daily",43,"right","serious","yes","0"
"1490","sail","9503065","rsl_list1","35","rsl","aligned","noncognate",1,2099.84800000006,1.22,1.64,0,"low","verb","different","atelic","intrans",7,7,"yes","high","high","high","parents","yes","daily",36,"right","considerable","yes","0"
"1491","sail","9483878","rsl_list1","13","rsl","aligned","noncognate",1,626.559999999998,1.22,1.64,0,"low","verb","different","atelic","intrans",7,7,"yes","high","high","high","parents","yes","daily",42,"right","considerable","yes","0"
"1492","sail","9473110","rsl_list1","17","rsl","aligned","noncognate",1,807.036000000749,1.22,1.64,0,"low","verb","different","atelic","intrans",7,7,"yes","high","high","high","other","yes","daily",36,"right","serious","yes","3.5"
"1493","sail","9473775","rsl_list2","12","rsl","nonaligned","noncognate",1,1184.76000000001,1.22,1.64,0,"low","verb","different","atelic","intrans",7,7,"yes","high","high","high","school","yes","daily",44,"right","considerable","no","7"
"1494","sail","9489076","rsl_list2","8","rsl","nonaligned","noncognate",1,348.423999809267,1.22,1.64,0,"low","verb","different","atelic","intrans",7,7,"yes","high","high","high","parents","yes","daily",38,"right","serious","no","1"
"1495","sail","9685656","nsl_list2","24","nsl","nonaligned","noncognate",0,1786.82499992847,1.22,1.64,0,"low","verb","different","atelic","intrans",7,7,"yes","high","high","high","parents","yes","daily",48,"right","serious","yes","2"
"1496","sail","9587228","rsl_list1","23","rsl","aligned","noncognate",1,1517.42900000006,1.22,1.64,0,"low","verb","different","atelic","intrans",7,7,"yes","high","high","high","parents","yes","daily",61,"right","considerable","no","0"
"1497","sail","9498014","rsl_list2","36","rsl","nonaligned","noncognate",1,2123.35500000592,1.22,1.64,0,"low","verb","different","atelic","intrans",7,7,"yes","high","high","high","other","no","daily",44,"right","considerable","no","16"
"1498","sail","9492137","rsl_list1","24","rsl","aligned","noncognate",1,552.943000000552,1.22,1.64,0,"low","verb","different","atelic","intrans",7,7,"yes","high","high","high","other","yes","daily",28,"right","moderate","no","3"
"1499","sail","9555238","rsl_list2","1","rsl","nonaligned","noncognate",1,1567.09399998808,1.22,1.64,0,"low","verb","different","atelic","intrans",7,7,"no","high","high","low","caregiver","no","daily",13,"right","mild","no","0"
"1500","sail","9454567","rsl_list2","22","rsl","nonaligned","noncognate",1,176.383000000089,1.22,1.64,0,"low","verb","different","atelic","intrans",7,7,"yes","high","high","high","school","yes","daily",38,"right","serious","yes","6"
"1501","sail","9476391","rsl_list2","10","rsl","nonaligned","noncognate",1,1305.10699999996,1.22,1.64,0,"low","verb","different","atelic","intrans",7,7,"yes","high","high","high","parents","yes","daily",32,"right","serious","no","2"
"1502","sail","9472740","rsl_list2","16","rsl","nonaligned","noncognate",1,1618.54999999999,1.22,1.64,0,"low","verb","different","atelic","intrans",7,7,"yes","high","high","high","other","yes","daily",24,"right","moderate","yes","7"
"1503","sail","9455706","rsl_list1","42","rsl","aligned","noncognate",1,1218.00099999981,1.22,1.64,0,"low","verb","different","atelic","intrans",7,7,"yes","high","high","high","other","yes","daily",31,"right","considerable","no","7"
"1504","sail","9483913","rsl_list1","39","rsl","aligned","noncognate",1,1082.85500000149,1.22,1.64,0,"low","verb","different","atelic","intrans",7,7,"yes","high","high","high","parents","yes","daily",37,"right","considerable","yes","0"
"1505","sail","9555631","rsl_list1","13","rsl","aligned","noncognate",1,2158.38899998213,1.22,1.64,0,"low","verb","different","atelic","intrans",7,7,"yes","high","high","high","other","no","daily",33,"right","considerable","yes","28"
"1506","sail","9541537","rsl_list1","2","rsl","aligned","noncognate",1,670.875999999997,1.22,1.64,0,"low","verb","different","atelic","intrans",7,7,"yes","high","high","high","parents","yes","daily",34,"right","moderate","yes","0"
"1507","sail","9482266","rsl_list1","11","rsl","aligned","noncognate",1,2266.12900001192,1.22,1.64,0,"low","verb","different","atelic","intrans",7,7,"yes","high","high","high","other","no","daily",35,"right","considerable","no","15"
"1508","sail","9476587","rsl_list2","38","rsl","nonaligned","noncognate",1,1657,1.22,1.64,0,"low","verb","different","atelic","intrans",7,7,"yes","high","high","high","school","yes","daily",25,"right","serious","yes","5"
"1509","sail","9479813","rsl_list2","19","rsl","nonaligned","noncognate",1,166.592000000004,1.22,1.64,0,"low","verb","different","atelic","intrans",7,7,"yes","high","high","high","parents","yes","daily",35,"right","considerable","no","0"
"1510","sail","9498903","nsl_list1","19","nsl","aligned","noncognate",1,969.387000095361,1.22,1.64,0,"low","verb","different","atelic","intrans",7,7,"yes","high","high","high","school","yes","daily",49,"right","serious","no","18"
"1511","sail","9477400","nsl_list2","12","nsl","nonaligned","noncognate",1,2776.56800004767,1.22,1.64,0,"low","verb","different","atelic","intrans",7,7,"yes","high","high","high","other","yes","daily",44,"right","serious","yes","1"
"1512","sail","9631781","nsl_list1","24","nsl","aligned","noncognate",0,8908,1.22,1.64,0,"low","verb","different","atelic","intrans",7,7,"yes","high","high","high","other","no","often",81,"right","serious","no","19"
"1513","sail","9479027","nsl_list2","20","nsl","nonaligned","noncognate",0,7695.77199999851,1.22,1.64,0,"low","verb","different","atelic","intrans",7,5,"yes","high","low","high","parents","yes","daily",48,"right","serious","yes","1"
"1514","sail","9612157","nsl_list1","40","nsl","aligned","noncognate",1,63.7159999761498,1.22,1.64,0,"low","verb","different","atelic","intrans",7,7,"yes","high","high","high","school","yes","daily",28,"left","serious","yes","5"
"1515","sail","9696122","nsl_list1","30","nsl","aligned","noncognate",1,274.282999999996,1.22,1.64,0,"low","verb","different","atelic","intrans",7,7,"yes","high","high","high","parents","yes","daily",34,"right","serious","yes","1"
"1516","sail","9647566","nsl_list1","20","nsl","aligned","noncognate",1,3341.56099999405,1.22,1.64,0,"low","verb","different","atelic","intrans",7,7,"yes","high","high","high","other","no","often",81,"right","serious","no","19"
"1517","sail","9476778","nsl_list1","25","nsl","aligned","noncognate",1,1116.51499998808,1.22,1.64,0,"low","verb","different","atelic","intrans",7,7,"yes","high","high","high","parents","yes","daily",46,"right","considerable","yes","0"
"1518","sail","9368241","nsl_list2","45","nsl","nonaligned","noncognate",0,1966.45000000595,1.22,1.64,0,"low","verb","different","atelic","intrans",7,7,"yes","high","high","high","other","yes","daily",37,"right","serious","yes","0.5"
"1519","sail","9482437","nsl_list1","42","nsl","aligned","noncognate",1,659,1.22,1.64,0,"low","verb","different","atelic","intrans",7,7,"yes","high","high","high","school","yes","daily",70,"right","serious","no","8"
"1520","sail","9481529","nsl_list2","46","nsl","nonaligned","noncognate",0,1971.71100001194,1.22,1.64,0,"low","verb","different","atelic","intrans",7,7,"yes","high","high","high","other","yes","daily",43,"right","serious","no","3.5"
"1521","sail","9473190","rsl_list2","34","rsl","nonaligned","noncognate",1,1090.73700000008,1.22,1.64,0,"low","verb","different","atelic","intrans",7,7,"yes","high","high","high","school","yes","daily",49,"right","serious","no","7"
"1522","sail","9454658","rsl_list1","1","rsl","aligned","noncognate",1,602,1.22,1.64,0,"low","verb","different","atelic","intrans",7,7,"yes","high","high","high","other","yes","daily",29,"right","serious","no","5"
"1523","sail","9479413","nsl_list1","16","nsl","aligned","noncognate",1,970.672000000006,1.22,1.64,0,"low","verb","different","atelic","intrans",7,7,"yes","high","high","high","other","yes","daily",55,"right","serious","no","16"
"1524","sail","9483072","nsl_list2","21","nsl","nonaligned","noncognate",1,1627.5750000015,1.22,1.64,0,"low","verb","different","atelic","intrans",7,7,"yes","high","high","high","school","no","daily",45,"left","serious","no","14"
"1525","sail","9493027","nsl_list2","2","nsl","nonaligned","noncognate",0,744.747999999629,1.22,1.64,0,"low","verb","different","atelic","intrans",7,7,"yes","high","high","high","parents","yes","daily",31,"right","considerable","no","2"
"1526","sail","9477538","nsl_list2","14","nsl","nonaligned","noncognate",0,2223.7560000477,1.22,1.64,0,"low","verb","different","atelic","intrans",7,7,"yes","high","high","high","other","no","daily",37,"right","serious","yes","17"
"1527","sail","9481563","nsl_list2","12","nsl","nonaligned","noncognate",0,17978.948000003,1.22,1.64,0,"low","verb","different","atelic","intrans",7,7,"yes","high","high","high","parents","yes","daily",50,"right","serious","yes","1"
"1528","sail","9481525","nsl_list1","46","nsl","aligned","noncognate",1,715.322000000044,1.22,1.64,0,"low","verb","different","atelic","intrans",7,7,"yes","high","high","high","caregiver","yes","daily",53,"right","serious","yes","48"
"1529","sail","9687063","nsl_list1","2","nsl","aligned","noncognate",1,919,1.22,1.64,0,"low","verb","different","atelic","intrans",5,6,"no","low","high","low","parents","no","daily",23,"right","serious","no","0"
"1530","sail","9462565","nsl_list1","33","nsl","aligned","noncognate",1,882,1.22,1.64,0,"low","verb","different","atelic","intrans",7,7,"yes","high","high","high","parents","yes","daily",42,"right","serious","yes","0"
"1531","salt","9477675","nsl_list2","16","nsl","aligned","noncognate",1,991.135000017879,1.39,1.68,0.3,"low","noun","different","inanimate","concrete",7,7,"yes","high","high","high","other","yes","daily",41,"right","serious","no","3"
"1532","salt","9481529","nsl_list2","25","nsl","aligned","noncognate",1,1347.4320000119,1.39,1.68,0.3,"low","noun","different","inanimate","concrete",7,7,"yes","high","high","high","other","yes","daily",43,"right","serious","no","3.5"
"1533","salt","9631781","nsl_list1","14","nsl","nonaligned","noncognate",0,13388.0000000001,1.39,1.68,0.3,"low","noun","different","inanimate","concrete",7,7,"yes","high","high","high","other","no","often",81,"right","serious","no","19"
"1534","salt","9493027","nsl_list2","31","nsl","aligned","noncognate",1,653.704999999434,1.39,1.68,0.3,"low","noun","different","inanimate","concrete",7,7,"yes","high","high","high","parents","yes","daily",31,"right","considerable","no","2"
"1535","salt","9685656","nsl_list2","27","nsl","aligned","noncognate",1,472.663999952318,1.39,1.68,0.3,"low","noun","different","inanimate","concrete",7,7,"yes","high","high","high","parents","yes","daily",48,"right","serious","yes","2"
"1536","salt","9477400","nsl_list2","17","nsl","aligned","noncognate",0,1514.62399990464,1.39,1.68,0.3,"low","noun","different","inanimate","concrete",7,7,"yes","high","high","high","other","yes","daily",44,"right","serious","yes","1"
"1537","salt","9455706","rsl_list1","22","rsl","nonaligned","noncognate",1,1409.2819999996,1.39,1.68,0,"low","noun","different","inanimate","concrete",7,7,"yes","high","high","high","other","yes","daily",31,"right","considerable","no","7"
"1538","salt","9454658","rsl_list1","30","rsl","nonaligned","noncognate",1,678,1.39,1.68,0,"low","noun","different","inanimate","concrete",7,7,"yes","high","high","high","other","yes","daily",29,"right","serious","no","5"
"1539","salt","9696122","nsl_list1","47","nsl","nonaligned","noncognate",1,654.759000000719,1.39,1.68,0.3,"low","noun","different","inanimate","concrete",7,7,"yes","high","high","high","parents","yes","daily",34,"right","serious","yes","1"
"1540","salt","9479027","nsl_list2","10","nsl","aligned","noncognate",1,1977.67100000074,1.39,1.68,0.3,"low","noun","different","inanimate","concrete",7,7,"yes","high","high","high","parents","yes","daily",48,"right","serious","yes","1"
"1541","salt","9476391","rsl_list2","7","rsl","aligned","noncognate",1,1885.06,1.39,1.68,0,"low","noun","different","inanimate","concrete",7,7,"yes","high","high","high","parents","yes","daily",32,"right","serious","no","2"
"1542","salt","9489076","rsl_list2","18","rsl","aligned","noncognate",1,404.430999809265,1.39,1.68,0,"low","noun","different","inanimate","concrete",7,7,"yes","high","high","high","parents","yes","daily",38,"right","serious","no","1"
"1543","salt","9473775","rsl_list2","43","rsl","aligned","noncognate",1,744.820000000007,1.39,1.68,0,"low","noun","different","inanimate","concrete",7,7,"yes","high","high","high","school","yes","daily",44,"right","considerable","no","7"
"1544","salt","9555631","rsl_list1","45","rsl","nonaligned","noncognate",1,384.79799998214,1.39,1.68,0,"low","noun","different","inanimate","concrete",7,7,"yes","high","high","high","other","no","daily",33,"right","considerable","yes","28"
"1545","salt","9687063","nsl_list1","9","nsl","nonaligned","noncognate",1,2078,1.39,1.68,0.3,"low","noun","different","inanimate","concrete",7,7,"yes","high","high","high","parents","no","daily",23,"right","serious","no","0"
"1546","salt","9498903","nsl_list1","34","nsl","nonaligned","noncognate",1,930.434000190755,1.39,1.68,0.3,"low","noun","different","inanimate","concrete",7,7,"yes","high","high","high","school","yes","daily",49,"right","serious","no","18"
"1547","salt","9454567","rsl_list2","46","rsl","aligned","noncognate",1,358.432999999961,1.39,1.68,0,"low","noun","different","inanimate","concrete",7,7,"yes","high","high","high","school","yes","daily",38,"right","serious","yes","6"
"1548","salt","9612157","nsl_list1","34","nsl","nonaligned","noncognate",1,771.909999964235,1.39,1.68,0.3,"low","noun","different","inanimate","concrete",7,7,"yes","high","high","high","school","yes","daily",28,"left","serious","yes","5"
"1549","salt","9482437","nsl_list1","3","nsl","nonaligned","noncognate",1,2642,1.39,1.68,0.3,"low","noun","different","inanimate","concrete",7,7,"yes","high","high","high","school","yes","daily",70,"right","serious","no","8"
"1550","salt","9481563","nsl_list2","5","nsl","aligned","noncognate",1,3810.74600001192,1.39,1.68,0.3,"low","noun","different","inanimate","concrete",7,4,"yes","high","low","high","parents","yes","daily",50,"right","serious","yes","1"
"1551","salt","9481525","nsl_list1","24","nsl","nonaligned","noncognate",1,806.286999988079,1.39,1.68,0.3,"low","noun","different","inanimate","concrete",7,7,"yes","high","high","high","caregiver","yes","daily",53,"right","serious","yes","48"
"1552","salt","9476778","nsl_list1","28","nsl","nonaligned","noncognate",1,1124.03199999995,1.39,1.68,0.3,"low","noun","different","inanimate","concrete",7,7,"yes","high","high","high","parents","yes","daily",46,"right","considerable","yes","0"
"1553","salt","9368241","nsl_list2","19","nsl","aligned","noncognate",1,933.275000002992,1.39,1.68,0.3,"low","noun","different","inanimate","concrete",7,7,"yes","high","high","high","other","yes","daily",37,"right","serious","yes","0.5"
"1554","salt","9462565","nsl_list1","48","nsl","nonaligned","noncognate",1,1400,1.39,1.68,0.3,"low","noun","different","inanimate","concrete",7,7,"yes","high","high","high","parents","yes","daily",42,"right","serious","yes","0"
"1555","salt","9483072","nsl_list2","6","nsl","aligned","noncognate",1,991.861999999994,1.39,1.68,0.3,"low","noun","different","inanimate","concrete",7,7,"yes","high","high","high","school","no","daily",45,"left","serious","no","14"
"1556","salt","9477538","nsl_list2","17","nsl","aligned","noncognate",1,690.366000095353,1.39,1.68,0.3,"low","noun","different","inanimate","concrete",7,7,"yes","high","high","high","other","no","daily",37,"right","serious","yes","17"
"1557","salt","9587228","rsl_list1","45","rsl","nonaligned","noncognate",1,1564.50600000296,1.39,1.68,0,"low","noun","different","inanimate","concrete",7,7,"yes","high","high","high","parents","yes","daily",61,"right","considerable","no","0"
"1558","salt","9537479","rsl_list2","11","rsl","aligned","noncognate",1,399.320000000007,1.39,1.68,0,"low","noun","different","inanimate","concrete",7,7,"yes","high","high","high","parents","yes","daily",43,"right","serious","yes","0"
"1559","salt","9483913","rsl_list1","44","rsl","nonaligned","noncognate",1,1032.07800000074,1.39,1.68,0,"low","noun","different","inanimate","concrete",7,7,"yes","high","high","high","parents","yes","daily",37,"right","considerable","yes","0"
"1560","salt","9498014","rsl_list2","20","rsl","aligned","noncognate",1,2047.19700000598,1.39,1.68,0,"low","noun","different","inanimate","concrete",7,7,"yes","high","high","high","other","no","daily",44,"right","considerable","no","16"
"1561","salt","9647566","nsl_list1","4","nsl","nonaligned","noncognate",1,3658.64499999404,1.39,1.68,0.3,"low","noun","different","inanimate","concrete",7,7,"yes","high","high","high","other","no","often",81,"right","serious","no","19"
"1562","salt","9479413","nsl_list1","14","nsl","nonaligned","noncognate",1,888.03699995231,1.39,1.68,0.3,"low","noun","different","inanimate","concrete",7,7,"yes","high","high","high","other","yes","daily",55,"right","serious","no","16"
"1563","salt","9473190","rsl_list2","37","rsl","aligned","noncognate",1,830.383000005968,1.39,1.68,0,"low","noun","different","inanimate","concrete",7,7,"yes","high","high","high","school","yes","daily",49,"right","serious","no","7"
"1564","salt","9541537","rsl_list1","47","rsl","nonaligned","noncognate",1,1889.43500000151,1.39,1.68,0,"low","noun","different","inanimate","concrete",7,7,"yes","high","high","high","parents","yes","daily",34,"right","moderate","yes","0"
"1565","salt","9482266","rsl_list1","24","rsl","nonaligned","noncognate",1,1596.56100001192,1.39,1.68,0,"low","noun","different","inanimate","concrete",7,7,"yes","high","high","high","other","no","daily",35,"right","considerable","no","15"
"1566","salt","9492137","rsl_list1","39","rsl","nonaligned","noncognate",1,640.760999999999,1.39,1.68,0,"low","noun","different","inanimate","concrete",7,7,"yes","high","high","high","other","yes","daily",28,"right","moderate","no","3"
"1567","salt","9503065","rsl_list1","27","rsl","nonaligned","noncognate",0,4494.42300000077,1.39,1.68,0,"low","noun","different","inanimate","concrete",7,7,"yes","high","high","high","parents","yes","daily",36,"right","considerable","yes","0"
"1568","salt","9476587","rsl_list2","32","rsl","aligned","noncognate",1,1060,1.39,1.68,0,"low","noun","different","inanimate","concrete",7,7,"yes","high","high","high","school","yes","daily",25,"right","serious","yes","5"
"1569","salt","9483878","rsl_list1","25","rsl","nonaligned","noncognate",1,986.5,1.39,1.68,0,"low","noun","different","inanimate","concrete",7,7,"yes","high","high","high","parents","yes","daily",42,"right","considerable","yes","0"
"1570","salt","9479813","rsl_list2","15","rsl","aligned","noncognate",1,213.289999995526,1.39,1.68,0,"low","noun","different","inanimate","concrete",7,7,"yes","high","high","high","parents","yes","daily",35,"right","considerable","no","0"
"1571","salt","9472740","rsl_list2","48","rsl","aligned","noncognate",1,2163.31999999995,1.39,1.68,0,"low","noun","different","inanimate","concrete",7,7,"yes","high","high","high","other","yes","daily",24,"right","moderate","yes","7"
"1572","salt","9377336","rsl_list2","34","rsl","aligned","noncognate",1,1354.49799997616,1.39,1.68,0,"low","noun","different","inanimate","concrete",7,7,"yes","high","high","high","school","yes","daily",48,"right","serious","no","6.5"
"1573","salt","9458431","rsl_list2","31","rsl","aligned","noncognate",1,705.14899985696,1.39,1.68,0,"low","noun","different","inanimate","concrete",7,7,"yes","high","high","high","parents","yes","daily",38,"right","serious","yes","0"
"1574","salt","9473110","rsl_list1","7","rsl","nonaligned","noncognate",1,981.104999999254,1.39,1.68,0,"low","noun","different","inanimate","concrete",7,7,"yes","high","high","high","other","yes","daily",36,"right","serious","yes","3.5"
"1575","salt","9555238","rsl_list2","12","rsl","aligned","noncognate",1,914.354999999981,1.39,1.68,0,"low","noun","different","inanimate","concrete",7,7,"yes","high","high","high","caregiver","no","daily",13,"right","mild","no","0"
"1576","school","9696122","nsl_list1","29","nsl","nonaligned","noncognate",1,187.983000000007,2.35,2.44,1.92,"high","noun","different","inanimate","abstract",7,5,"yes","high","low","high","parents","yes","daily",34,"right","serious","yes","1"
"1577","school","9462565","nsl_list1","47","nsl","nonaligned","noncognate",1,300,2.35,2.44,1.92,"high","noun","different","inanimate","abstract",7,7,"yes","high","high","high","parents","yes","daily",42,"right","serious","yes","0"
"1578","school","9493027","nsl_list2","25","nsl","aligned","noncognate",1,883.563999999955,2.35,2.44,1.92,"high","noun","different","inanimate","abstract",7,5,"yes","high","low","high","parents","yes","daily",31,"right","considerable","no","2"
"1579","school","9489076","rsl_list2","22","rsl","aligned","noncognate",1,499.66300000003,2.35,2.44,2.02,"high","noun","different","inanimate","abstract",7,7,"yes","high","high","high","parents","yes","daily",38,"right","serious","no","1"
"1580","school","9476587","rsl_list2","4","rsl","aligned","noncognate",1,1089,2.35,2.44,2.02,"high","noun","different","inanimate","abstract",7,5,"yes","high","low","high","school","yes","daily",25,"right","serious","yes","5"
"1581","school","9483913","rsl_list1","27","rsl","nonaligned","noncognate",1,2120.30100000073,2.35,2.44,2.02,"high","noun","different","inanimate","abstract",7,7,"yes","high","high","high","parents","yes","daily",37,"right","considerable","yes","0"
"1582","school","9476391","rsl_list2","42","rsl","aligned","noncognate",1,1323.19400000013,2.35,2.44,2.02,"high","noun","different","inanimate","abstract",7,7,"yes","high","high","high","parents","yes","daily",32,"right","serious","no","2"
"1583","school","9587228","rsl_list1","19","rsl","nonaligned","noncognate",1,1365.46200000076,2.35,2.44,2.02,"high","noun","different","inanimate","abstract",7,7,"yes","high","high","high","parents","yes","daily",61,"right","considerable","no","0"
"1584","school","9498014","rsl_list2","22","rsl","aligned","noncognate",1,1849.54600001191,2.35,2.44,2.02,"high","noun","different","inanimate","abstract",7,4,"yes","high","low","high","other","no","daily",44,"right","considerable","no","16"
"1585","school","9472740","rsl_list2","25","rsl","aligned","noncognate",1,1307.00399999105,2.35,2.44,2.02,"high","noun","different","inanimate","abstract",7,7,"yes","high","high","high","other","yes","daily",24,"right","moderate","yes","7"
"1586","school","9687063","nsl_list1","17","nsl","nonaligned","noncognate",0,782,2.35,2.44,1.92,"high","noun","different","inanimate","abstract",7,7,"yes","high","high","high","parents","no","daily",23,"right","serious","no","0"
"1587","school","9482437","nsl_list1","23","nsl","nonaligned","noncognate",1,4959.00000000003,2.35,2.44,1.92,"high","noun","different","inanimate","abstract",7,7,"yes","high","high","high","school","yes","daily",70,"right","serious","no","8"
"1588","school","9476778","nsl_list1","48","nsl","nonaligned","noncognate",1,246.136999988055,2.35,2.44,1.92,"high","noun","different","inanimate","abstract",7,7,"yes","high","high","high","parents","yes","daily",46,"right","considerable","yes","0"
"1589","school","9477538","nsl_list2","1","nsl","aligned","noncognate",1,1543.14400000001,2.35,2.44,1.92,"high","noun","different","inanimate","abstract",7,7,"yes","high","high","high","other","no","daily",37,"right","serious","yes","17"
"1590","school","9479027","nsl_list2","14","nsl","aligned","noncognate",1,2226.79799999925,2.35,2.44,1.92,"high","noun","different","inanimate","abstract",7,6,"yes","high","high","high","parents","yes","daily",48,"right","serious","yes","1"
"1591","school","9477400","nsl_list2","21","nsl","aligned","noncognate",1,593.17500004769,2.35,2.44,1.92,"high","noun","different","inanimate","abstract",7,7,"yes","high","high","high","other","yes","daily",44,"right","serious","yes","1"
"1592","school","9647566","nsl_list1","34","nsl","nonaligned","noncognate",1,217.554000000004,2.35,2.44,1.92,"high","noun","different","inanimate","abstract",7,7,"yes","high","high","high","other","no","often",81,"right","serious","no","19"
"1593","school","9481563","nsl_list2","36","nsl","aligned","noncognate",1,672.042000002984,2.35,2.44,1.92,"high","noun","different","inanimate","abstract",7,7,"yes","high","high","high","parents","yes","daily",50,"right","serious","yes","1"
"1594","school","9612157","nsl_list1","13","nsl","nonaligned","noncognate",1,-63.9990000119142,2.35,2.44,1.92,"high","noun","different","inanimate","abstract",7,7,"yes","high","high","high","school","yes","daily",28,"left","serious","yes","5"
"1595","school","9481525","nsl_list1","12","nsl","nonaligned","noncognate",1,872.731999988086,2.35,2.44,1.92,"high","noun","different","inanimate","abstract",7,4,"yes","high","low","high","caregiver","yes","daily",53,"right","serious","yes","48"
"1596","school","9477675","nsl_list2","19","nsl","aligned","noncognate",1,2648.79400001193,2.35,2.44,1.92,"high","noun","different","inanimate","abstract",7,4,"yes","high","low","high","other","yes","daily",41,"right","serious","no","3"
"1597","school","9368241","nsl_list2","7","nsl","aligned","noncognate",1,661.045000008948,2.35,2.44,1.92,"high","noun","different","inanimate","abstract",7,6,"no","high","high","low","other","yes","daily",37,"right","serious","yes","0.5"
"1598","school","9479413","nsl_list1","48","nsl","nonaligned","noncognate",1,42.0560000477126,2.35,2.44,1.92,"high","noun","different","inanimate","abstract",7,7,"yes","high","high","high","other","yes","daily",55,"right","serious","no","16"
"1599","school","9481529","nsl_list2","15","nsl","aligned","noncognate",1,328.231999988086,2.35,2.44,1.92,"high","noun","different","inanimate","abstract",7,7,"yes","high","high","high","other","yes","daily",43,"right","serious","no","3.5"
"1600","school","9631781","nsl_list1","36","nsl","nonaligned","noncognate",1,3538,2.35,2.44,1.92,"high","noun","different","inanimate","abstract",7,7,"yes","high","high","high","other","no","often",81,"right","serious","no","19"
"1601","school","9483072","nsl_list2","29","nsl","aligned","noncognate",1,1674.56099999999,2.35,2.44,1.92,"high","noun","different","inanimate","abstract",7,7,"yes","high","high","high","school","no","daily",45,"left","serious","no","14"
"1602","school","9498903","nsl_list1","27","nsl","nonaligned","noncognate",1,605.359999999986,2.35,2.44,1.92,"high","noun","different","inanimate","abstract",7,7,"yes","high","high","high","school","yes","daily",49,"right","serious","no","18"
"1603","school","9473775","rsl_list2","47","rsl","aligned","noncognate",1,1174.47999999998,2.35,2.44,2.02,"high","noun","different","inanimate","abstract",7,6,"yes","high","low","high","school","yes","daily",44,"right","considerable","no","7"
"1604","school","9458431","rsl_list2","1","rsl","aligned","noncognate",0,10044.9889999523,2.35,2.44,2.02,"high","noun","different","inanimate","abstract",7,4,"yes","high","low","high","parents","yes","daily",38,"right","serious","yes","0"
"1605","school","9555631","rsl_list1","14","rsl","nonaligned","noncognate",1,1672.00499998211,2.35,2.44,2.02,"high","noun","different","inanimate","abstract",7,7,"yes","high","high","high","other","no","daily",33,"right","considerable","yes","28"
"1606","school","9483878","rsl_list1","4","rsl","nonaligned","noncognate",1,2826.84,2.35,2.44,2.02,"high","noun","different","inanimate","abstract",7,4,"yes","high","low","high","parents","yes","daily",42,"right","considerable","yes","0"
"1607","school","9541537","rsl_list1","25","rsl","nonaligned","noncognate",1,733.282000005944,2.35,2.44,2.02,"high","noun","different","inanimate","abstract",7,7,"yes","high","high","high","parents","yes","daily",34,"right","moderate","yes","0"
"1608","school","9473190","rsl_list2","10","rsl","aligned","noncognate",1,1205.44300000597,2.35,2.44,2.02,"high","noun","different","inanimate","abstract",7,7,"yes","high","high","high","school","yes","daily",49,"right","serious","no","7"
"1609","school","9454567","rsl_list2","13","rsl","aligned","noncognate",1,1834.27099999992,2.35,2.44,2.02,"high","noun","different","inanimate","abstract",7,7,"yes","high","high","high","school","yes","daily",38,"right","serious","yes","6"
"1610","school","9482266","rsl_list1","13","rsl","nonaligned","noncognate",1,1721.76500001192,2.35,2.44,2.02,"high","noun","different","inanimate","abstract",7,7,"yes","high","high","high","other","no","daily",35,"right","considerable","no","15"
"1611","school","9555238","rsl_list2","31","rsl","aligned","noncognate",1,487.332999982114,2.35,2.44,2.02,"high","noun","different","inanimate","abstract",7,2,"yes","high","low","high","caregiver","no","daily",13,"right","mild","no","0"
"1612","school","9492137","rsl_list1","7","rsl","nonaligned","noncognate",0,3113.48400000056,2.35,2.44,2.02,"high","noun","different","inanimate","abstract",7,7,"yes","high","high","high","other","yes","daily",28,"right","moderate","no","3"
"1613","school","9473110","rsl_list1","18","rsl","nonaligned","noncognate",1,1074.64999999999,2.35,2.44,2.02,"high","noun","different","inanimate","abstract",7,7,"yes","high","high","high","other","yes","daily",36,"right","serious","yes","3.5"
"1614","school","9479813","rsl_list2","1","rsl","aligned","noncognate",1,849.901999999995,2.35,2.44,2.02,"high","noun","different","inanimate","abstract",7,7,"yes","high","high","high","parents","yes","daily",35,"right","considerable","no","0"
"1615","school","9685656","nsl_list2","30","nsl","aligned","noncognate",1,162.844999928493,2.35,2.44,1.92,"high","noun","different","inanimate","abstract",7,7,"yes","high","high","high","parents","yes","daily",48,"right","serious","yes","2"
"1616","school","9455706","rsl_list1","8","rsl","nonaligned","noncognate",0,11129.6379999992,2.35,2.44,2.02,"high","noun","different","inanimate","abstract",7,7,"yes","high","high","high","other","yes","daily",31,"right","considerable","no","7"
"1617","school","9377336","rsl_list2","6","rsl","aligned","noncognate",1,986.652999976155,2.35,2.44,2.02,"high","noun","different","inanimate","abstract",7,7,"yes","high","high","high","school","yes","daily",48,"right","serious","no","6.5"
"1618","school","9503065","rsl_list1","12","rsl","nonaligned","noncognate",1,1483.20999999999,2.35,2.44,2.02,"high","noun","different","inanimate","abstract",7,7,"yes","high","high","high","parents","yes","daily",36,"right","considerable","yes","0"
"1619","school","9537479","rsl_list2","48","rsl","aligned","noncognate",1,704.020000000019,2.35,2.44,2.02,"high","noun","different","inanimate","abstract",7,5,"yes","high","low","high","parents","yes","daily",43,"right","serious","yes","0"
"1620","school","9454658","rsl_list1","24","rsl","nonaligned","noncognate",0,1525,2.35,2.44,2.02,"high","noun","different","inanimate","abstract",7,7,"yes","high","high","high","other","yes","daily",29,"right","serious","no","5"
"1621","show","9477400","nsl_list2","28","nsl","aligned","noncognate",0,1140.94200000004,2.82,2.4,1.41,"high","verb","different","telic","trans",4,1,"no","low","low","low","other","yes","daily",44,"right","serious","yes","1"
"1622","show","9647566","nsl_list1","7","nsl","nonaligned","noncognate",0,3051.958,2.82,2.4,1.41,"high","verb","different","telic","trans",7,7,"yes","high","high","high","other","no","often",81,"right","serious","no","19"
"1623","show","9482437","nsl_list1","44","nsl","nonaligned","noncognate",0,990,2.82,2.4,1.41,"high","verb","different","telic","trans",7,7,"yes","high","high","high","school","yes","daily",70,"right","serious","no","8"
"1624","show","9687063","nsl_list1","1","nsl","nonaligned","noncognate",1,2875,2.82,2.4,1.41,"high","verb","different","telic","trans",7,5,"yes","high","low","high","parents","no","daily",23,"right","serious","no","0"
"1625","show","9481529","nsl_list2","36","nsl","aligned","noncognate",1,1879.46299999999,2.82,2.4,1.41,"high","verb","different","telic","trans",7,5,"yes","high","low","high","other","yes","daily",43,"right","serious","no","3.5"
"1626","show","9477675","nsl_list2","5","nsl","aligned","noncognate",1,1228.09700000596,2.82,2.4,1.41,"high","verb","different","telic","trans",6,4,"no","low","low","low","other","yes","daily",41,"right","serious","no","3"
"1627","show","9479413","nsl_list1","2","nsl","nonaligned","noncognate",0,1370.46100009537,2.82,2.4,1.41,"high","verb","different","telic","trans",7,1,"yes","high","low","high","other","yes","daily",55,"right","serious","no","16"
"1628","show","9481563","nsl_list2","30","nsl","aligned","noncognate",0,1649.87799999997,2.82,2.4,1.41,"high","verb","different","telic","trans",7,5,"yes","high","low","high","parents","yes","daily",50,"right","serious","yes","1"
"1629","show","9696122","nsl_list1","46","nsl","nonaligned","noncognate",0,2035.34000000224,2.82,2.4,1.41,"high","verb","different","telic","trans",1,1,"no","low","low","low","parents","yes","daily",34,"right","serious","yes","1"
"1630","show","9473190","rsl_list2","31","rsl","aligned","noncognate",1,1218.11200000299,2.82,2.4,1.04,"high","verb","different","telic","trans",7,7,"yes","high","high","high","school","yes","daily",49,"right","serious","no","7"
"1631","show","9489076","rsl_list2","13","rsl","aligned","noncognate",1,825.341999904631,2.82,2.4,1.04,"high","verb","different","telic","trans",7,7,"yes","high","high","high","parents","yes","daily",38,"right","serious","no","1"
"1632","show","9473775","rsl_list2","1","rsl","aligned","noncognate",1,3707.44,2.82,2.4,1.04,"high","verb","different","telic","trans",7,7,"yes","high","high","high","school","yes","daily",44,"right","considerable","no","7"
"1633","show","9479813","rsl_list2","42","rsl","aligned","noncognate",1,581.159999998519,2.82,2.4,1.04,"high","verb","different","telic","trans",7,7,"yes","high","high","high","parents","yes","daily",35,"right","considerable","no","0"
"1634","show","9482266","rsl_list1","15","rsl","nonaligned","noncognate",0,2122.75599998809,2.82,2.4,1.04,"high","verb","different","telic","trans",7,6,"yes","high","low","high","other","no","daily",35,"right","considerable","no","15"
"1635","show","9555238","rsl_list2","10","rsl","aligned","noncognate",1,1069.58600000595,2.82,2.4,1.04,"high","verb","different","telic","trans",7,5,"yes","high","low","high","caregiver","no","daily",13,"right","mild","no","0"
"1636","show","9503065","rsl_list1","47","rsl","nonaligned","noncognate",0,4614.10699999856,2.82,2.4,1.04,"high","verb","different","telic","trans",7,6,"yes","high","low","high","parents","yes","daily",36,"right","considerable","yes","0"
"1637","show","9541537","rsl_list1","36","rsl","nonaligned","noncognate",0,652.664999999979,2.82,2.4,1.04,"high","verb","different","telic","trans",7,7,"yes","high","high","high","parents","yes","daily",34,"right","moderate","yes","0"
"1638","show","9368241","nsl_list2","24","nsl","aligned","noncognate",0,2259.78600000893,2.82,2.4,1.41,"high","verb","different","telic","trans",7,5,"yes","high","low","high","other","yes","daily",37,"right","serious","yes","0.5"
"1639","show","9492137","rsl_list1","3","rsl","nonaligned","noncognate",0,2091.009,2.82,2.4,1.04,"high","verb","different","telic","trans",7,4,"yes","high","low","high","other","yes","daily",28,"right","moderate","no","3"
"1640","show","9454567","rsl_list2","30","rsl","aligned","noncognate",1,2013.33399999997,2.82,2.4,1.04,"high","verb","different","telic","trans",7,4,"yes","high","low","high","school","yes","daily",38,"right","serious","yes","6"
"1641","show","9498014","rsl_list2","10","rsl","aligned","noncognate",1,3049.94399998809,2.82,2.4,1.04,"high","verb","different","telic","trans",7,6,"yes","high","low","high","other","no","daily",44,"right","considerable","no","16"
"1642","show","9454658","rsl_list1","26","rsl","nonaligned","noncognate",1,1058,2.82,2.4,1.04,"high","verb","different","telic","trans",7,7,"yes","high","high","high","other","yes","daily",29,"right","serious","no","5"
"1643","show","9472740","rsl_list2","36","rsl","aligned","noncognate",1,2052.96399999998,2.82,2.4,1.04,"high","verb","different","telic","trans",7,7,"yes","high","high","high","other","yes","daily",24,"right","moderate","yes","7"
"1644","show","9483072","nsl_list2","12","nsl","aligned","noncognate",0,2124.0099999985,2.82,2.4,1.41,"high","verb","different","telic","trans",7,4,"yes","high","low","high","school","no","daily",45,"left","serious","no","14"
"1645","show","9493027","nsl_list2","29","nsl","aligned","noncognate",0,718.012999999453,2.82,2.4,1.41,"high","verb","different","telic","trans",7,4,"yes","high","low","high","parents","yes","daily",31,"right","considerable","no","2"
"1646","show","9477538","nsl_list2","8","nsl","aligned","noncognate",1,1904.93000004768,2.82,2.4,1.41,"high","verb","different","telic","trans",7,5,"yes","high","low","high","other","no","daily",37,"right","serious","yes","17"
"1647","show","9612157","nsl_list1","4","nsl","nonaligned","noncognate",0,1226.96299998808,2.82,2.4,1.41,"high","verb","different","telic","trans",5,5,"no","low","low","low","school","yes","daily",28,"left","serious","yes","5"
"1648","show","9479027","nsl_list2","35","nsl","aligned","noncognate",0,965.728000000003,2.82,2.4,1.41,"high","verb","different","telic","trans",7,4,"yes","high","low","high","parents","yes","daily",48,"right","serious","yes","1"
"1649","show","9631781","nsl_list1","11","nsl","nonaligned","noncognate",1,5173,2.82,2.4,1.41,"high","verb","different","telic","trans",7,7,"yes","high","high","high","other","no","often",81,"right","serious","no","19"
"1650","show","9462565","nsl_list1","38","nsl","nonaligned","noncognate",0,915,2.82,2.4,1.41,"high","verb","different","telic","trans",7,1,"yes","high","low","high","parents","yes","daily",42,"right","serious","yes","0"
"1651","show","9498903","nsl_list1","29","nsl","nonaligned","noncognate",0,1474.27900000001,2.82,2.4,1.41,"high","verb","different","telic","trans",7,7,"yes","high","high","high","school","yes","daily",49,"right","serious","no","18"
"1652","show","9458431","rsl_list2","11","rsl","aligned","noncognate",1,938.44399990463,2.82,2.4,1.04,"high","verb","different","telic","trans",7,7,"yes","high","high","high","parents","yes","daily",38,"right","serious","yes","0"
"1653","show","9377336","rsl_list2","9","rsl","aligned","noncognate",1,1477.49100000001,2.82,2.4,1.04,"high","verb","different","telic","trans",7,7,"yes","high","high","high","school","yes","daily",48,"right","serious","no","6.5"
"1654","show","9455706","rsl_list1","27","rsl","nonaligned","noncognate",1,4382.19599999941,2.82,2.4,1.04,"high","verb","different","telic","trans",7,7,"yes","high","high","high","other","yes","daily",31,"right","considerable","no","7"
"1655","show","9537479","rsl_list2","4","rsl","aligned","noncognate",1,2337.84,2.82,2.4,1.04,"high","verb","different","telic","trans",7,5,"yes","high","low","high","parents","yes","daily",43,"right","serious","yes","0"
"1656","show","9587228","rsl_list1","34","rsl","nonaligned","noncognate",1,1366.53999999998,2.82,2.4,1.04,"high","verb","different","telic","trans",7,7,"yes","high","high","high","parents","yes","daily",61,"right","considerable","no","0"
"1657","show","9476587","rsl_list2","24","rsl","aligned","noncognate",1,1650,2.82,2.4,1.04,"high","verb","different","telic","trans",7,6,"yes","high","low","high","school","yes","daily",25,"right","serious","yes","5"
"1658","show","9476391","rsl_list2","15","rsl","aligned","noncognate",1,2218.67999999996,2.82,2.4,1.04,"high","verb","different","telic","trans",7,7,"yes","high","high","high","parents","yes","daily",32,"right","serious","no","2"
"1659","show","9473110","rsl_list1","40","rsl","nonaligned","noncognate",0,1847.09299999999,2.82,2.4,1.04,"high","verb","different","telic","trans",7,6,"yes","high","low","high","other","yes","daily",36,"right","serious","yes","3.5"
"1660","show","9481525","nsl_list1","39","nsl","nonaligned","noncognate",0,1178.53599998809,2.82,2.4,1.41,"high","verb","different","telic","trans",7,7,"yes","high","high","high","caregiver","yes","daily",53,"right","serious","yes","48"
"1661","show","9483913","rsl_list1","3","rsl","nonaligned","noncognate",0,2708.20900000299,2.82,2.4,1.04,"high","verb","different","telic","trans",7,7,"yes","high","high","high","parents","yes","daily",37,"right","considerable","yes","0"
"1662","show","9555631","rsl_list1","42","rsl","nonaligned","noncognate",1,1650.47199998214,2.82,2.4,1.04,"high","verb","different","telic","trans",7,7,"yes","high","high","high","other","no","daily",33,"right","considerable","yes","28"
"1663","show","9483878","rsl_list1","47","rsl","nonaligned","noncognate",0,594.280000000028,2.82,2.4,1.04,"high","verb","different","telic","trans",7,1,"yes","high","low","high","parents","yes","daily",42,"right","considerable","yes","0"
"1664","show","9685656","nsl_list2","37","nsl","aligned","noncognate",1,1839.99299995234,2.82,2.4,1.41,"high","verb","different","telic","trans",7,4,"yes","high","low","high","parents","yes","daily",48,"right","serious","yes","2"
"1665","show","9476778","nsl_list1","29","nsl","nonaligned","noncognate",0,2035.04300000001,2.82,2.4,1.41,"high","verb","different","telic","trans",7,4,"yes","high","low","high","parents","yes","daily",46,"right","considerable","yes","0"
"1666","sing","9483878","rsl_list1","43","rsl","aligned","cognate",1,303.419999999984,1.83,2.17,0.95,"high","verb","near","atelic","intrans",7,1,"yes","high","low","high","parents","yes","daily",42,"right","considerable","yes","0"
"1667","sing","9476391","rsl_list2","34","rsl","nonaligned","cognate",1,1035.78300000011,1.83,2.17,0.95,"high","verb","near","atelic","intrans",7,7,"yes","high","high","high","parents","yes","daily",32,"right","serious","no","2"
"1668","sing","9503065","rsl_list1","18","rsl","aligned","cognate",1,2389.37400000074,1.83,2.17,0.95,"high","verb","near","atelic","intrans",7,7,"yes","high","high","high","parents","yes","daily",36,"right","considerable","yes","0"
"1669","sing","9555238","rsl_list2","39","rsl","nonaligned","cognate",1,1177.75999998808,1.83,2.17,0.95,"high","verb","near","atelic","intrans",7,5,"yes","high","low","high","caregiver","no","daily",13,"right","mild","no","0"
"1670","sing","9473190","rsl_list2","16","rsl","nonaligned","cognate",1,1022.51100000151,1.83,2.17,0.95,"high","verb","near","atelic","intrans",7,7,"yes","high","high","high","school","yes","daily",49,"right","serious","no","7"
"1671","sing","9555631","rsl_list1","4","rsl","aligned","cognate",1,884.308000005964,1.83,2.17,0.95,"high","verb","near","atelic","intrans",7,7,"yes","high","high","high","other","no","daily",33,"right","considerable","yes","28"
"1672","sing","9476587","rsl_list2","45","rsl","nonaligned","cognate",1,814,1.83,2.17,0.95,"high","verb","near","atelic","intrans",7,4,"yes","high","low","high","school","yes","daily",25,"right","serious","yes","5"
"1673","sing","9537479","rsl_list2","32","rsl","nonaligned","cognate",1,571.400000000023,1.83,2.17,0.95,"high","verb","near","atelic","intrans",7,7,"yes","high","high","high","parents","yes","daily",43,"right","serious","yes","0"
"1674","sing","9377336","rsl_list2","29","rsl","nonaligned","cognate",1,860.29699995229,1.83,2.17,0.95,"high","verb","near","atelic","intrans",7,7,"yes","high","high","high","school","yes","daily",48,"right","serious","no","6.5"
"1675","sing","9541537","rsl_list1","18","rsl","aligned","cognate",1,551.712,1.83,2.17,0.95,"high","verb","near","atelic","intrans",7,7,"yes","high","high","high","parents","yes","daily",34,"right","moderate","yes","0"
"1676","sing","9458431","rsl_list2","22","rsl","nonaligned","cognate",1,531.119000000006,1.83,2.17,0.95,"high","verb","near","atelic","intrans",7,7,"yes","high","high","high","parents","yes","daily",38,"right","serious","yes","0"
"1677","sing","9476778","nsl_list1","15","nsl","nonaligned","cognate",1,1096.23399999403,1.83,2.17,0,"low","verb","near","atelic","intrans",7,7,"yes","high","high","high","parents","yes","daily",46,"right","considerable","yes","0"
"1678","sing","9696122","nsl_list1","45","nsl","nonaligned","cognate",1,92.052000002237,1.83,2.17,0,"low","verb","near","atelic","intrans",7,7,"yes","high","high","high","parents","yes","daily",34,"right","serious","yes","1"
"1679","sing","9489076","rsl_list2","27","rsl","nonaligned","cognate",1,415.881999952311,1.83,2.17,0.95,"high","verb","near","atelic","intrans",7,7,"yes","high","high","high","parents","yes","daily",38,"right","serious","no","1"
"1680","sing","9455706","rsl_list1","20","rsl","aligned","cognate",1,3044.19799999928,1.83,2.17,0.95,"high","verb","near","atelic","intrans",7,7,"yes","high","high","high","other","yes","daily",31,"right","considerable","no","7"
"1681","sing","9472740","rsl_list2","10","rsl","nonaligned","cognate",1,763.223999997019,1.83,2.17,0.95,"high","verb","near","atelic","intrans",7,7,"yes","high","high","high","other","yes","daily",24,"right","moderate","yes","7"
"1682","sing","9612157","nsl_list1","44","nsl","nonaligned","cognate",1,1370.82400000002,1.83,2.17,0,"low","verb","near","atelic","intrans",7,7,"yes","high","high","high","school","yes","daily",28,"left","serious","yes","5"
"1683","sing","9462565","nsl_list1","8","nsl","nonaligned","cognate",0,1477,1.83,2.17,0,"low","verb","near","atelic","intrans",7,1,"yes","high","low","high","parents","yes","daily",42,"right","serious","yes","0"
"1684","sing","9477400","nsl_list2","34","nsl","aligned","cognate",0,1624.17900004768,1.83,2.17,0,"low","verb","near","atelic","intrans",7,7,"yes","high","high","high","other","yes","daily",44,"right","serious","yes","1"
"1685","sing","9368241","nsl_list2","37","nsl","aligned","cognate",0,1406.32199999999,1.83,2.17,0,"low","verb","near","atelic","intrans",7,6,"yes","high","high","high","other","yes","daily",37,"right","serious","yes","0.5"
"1686","sing","9477675","nsl_list2","9","nsl","aligned","cognate",0,1609.06700001788,1.83,2.17,0,"low","verb","near","atelic","intrans",7,6,"yes","high","high","high","other","yes","daily",41,"right","serious","no","3"
"1687","sing","9647566","nsl_list1","42","nsl","nonaligned","cognate",1,917.685999999987,1.83,2.17,0,"low","verb","near","atelic","intrans",7,7,"yes","high","high","high","other","no","often",81,"right","serious","no","19"
"1688","sing","9477538","nsl_list2","41","nsl","aligned","cognate",0,2342.1710000477,1.83,2.17,0,"low","verb","near","atelic","intrans",7,7,"yes","high","high","high","other","no","daily",37,"right","serious","yes","17"
"1689","sing","9587228","rsl_list1","13","rsl","aligned","cognate",1,1141.38900000224,1.83,2.17,0.95,"high","verb","near","atelic","intrans",7,7,"yes","high","high","high","parents","yes","daily",61,"right","considerable","no","0"
"1690","sing","9473110","rsl_list1","48","rsl","aligned","cognate",1,789.46999999776,1.83,2.17,0.95,"high","verb","near","atelic","intrans",7,7,"yes","high","high","high","other","yes","daily",36,"right","serious","yes","3.5"
"1691","sing","9473775","rsl_list2","8","rsl","nonaligned","cognate",1,1310.98000000001,1.83,2.17,0.95,"high","verb","near","atelic","intrans",7,7,"yes","high","high","high","school","yes","daily",44,"right","considerable","no","7"
"1692","sing","9493027","nsl_list2","41","nsl","aligned","cognate",0,1138.30899999983,1.83,2.17,0,"low","verb","near","atelic","intrans",7,3,"yes","high","low","high","parents","yes","daily",31,"right","considerable","no","2"
"1693","sing","9685656","nsl_list2","41","nsl","aligned","cognate",0,1701.68799995229,1.83,2.17,0,"low","verb","near","atelic","intrans",7,7,"yes","high","high","high","parents","yes","daily",48,"right","serious","yes","2"
"1694","sing","9481563","nsl_list2","43","nsl","aligned","cognate",0,2214.14000000595,1.83,2.17,0,"low","verb","near","atelic","intrans",7,7,"yes","high","high","high","parents","yes","daily",50,"right","serious","yes","1"
"1695","sing","9481525","nsl_list1","41","nsl","nonaligned","cognate",1,1447.06599999999,1.83,2.17,0,"low","verb","near","atelic","intrans",7,6,"yes","high","high","high","caregiver","yes","daily",53,"right","serious","yes","48"
"1696","sing","9687063","nsl_list1","3","nsl","nonaligned","cognate",1,1032,1.83,2.17,0,"low","verb","near","atelic","intrans",7,7,"yes","high","high","high","parents","no","daily",23,"right","serious","no","0"
"1697","sing","9492137","rsl_list1","17","rsl","aligned","cognate",1,711.849000000191,1.83,2.17,0.95,"high","verb","near","atelic","intrans",7,7,"yes","high","high","high","other","yes","daily",28,"right","moderate","no","3"
"1698","sing","9483913","rsl_list1","32","rsl","aligned","cognate",1,1237.88800000149,1.83,2.17,0.95,"high","verb","near","atelic","intrans",7,7,"yes","high","high","high","parents","yes","daily",37,"right","considerable","yes","0"
"1699","sing","9479813","rsl_list2","47","rsl","nonaligned","cognate",1,353.630999998539,1.83,2.17,0.95,"high","verb","near","atelic","intrans",7,7,"yes","high","high","high","parents","yes","daily",35,"right","considerable","no","0"
"1700","sing","9482266","rsl_list1","25","rsl","aligned","cognate",1,2163.43799998809,1.83,2.17,0.95,"high","verb","near","atelic","intrans",7,4,"yes","high","low","high","other","no","daily",35,"right","considerable","no","15"
"1701","sing","9454658","rsl_list1","39","rsl","aligned","cognate",1,897,1.83,2.17,0.95,"high","verb","near","atelic","intrans",7,7,"yes","high","high","high","other","yes","daily",29,"right","serious","no","5"
"1702","sing","9483072","nsl_list2","4","nsl","aligned","cognate",0,2620.251,1.83,2.17,0,"low","verb","near","atelic","intrans",7,7,"yes","high","high","high","school","no","daily",45,"left","serious","no","14"
"1703","sing","9481529","nsl_list2","40","nsl","aligned","cognate",0,1353.59300002386,1.83,2.17,0,"low","verb","near","atelic","intrans",7,7,"yes","high","high","high","other","yes","daily",43,"right","serious","no","3.5"
"1704","sing","9498014","rsl_list2","9","rsl","nonaligned","cognate",1,2840.96699998807,1.83,2.17,0.95,"high","verb","near","atelic","intrans",7,7,"yes","high","high","high","other","no","daily",44,"right","considerable","no","16"
"1705","sing","9498903","nsl_list1","31","nsl","nonaligned","cognate",1,813.219999999972,1.83,2.17,0,"low","verb","near","atelic","intrans",7,7,"yes","high","high","high","school","yes","daily",49,"right","serious","no","18"
"1706","sing","9482437","nsl_list1","15","nsl","nonaligned","cognate",1,1180,1.83,2.17,0,"low","verb","near","atelic","intrans",7,7,"yes","high","high","high","school","yes","daily",70,"right","serious","no","8"
"1707","sing","9454567","rsl_list2","43","rsl","nonaligned","cognate",1,807.948000000091,1.83,2.17,0.95,"high","verb","near","atelic","intrans",7,7,"yes","high","high","high","school","yes","daily",38,"right","serious","yes","6"
"1708","sing","9479027","nsl_list2","39","nsl","aligned","cognate",0,1291.14799999777,1.83,2.17,0,"low","verb","near","atelic","intrans",7,5,"yes","high","low","high","parents","yes","daily",48,"right","serious","yes","1"
"1709","sing","9631781","nsl_list1","29","nsl","nonaligned","cognate",0,3386,1.83,2.17,0,"low","verb","near","atelic","intrans",7,7,"yes","high","high","high","other","no","often",81,"right","serious","no","19"
"1710","sing","9479413","nsl_list1","13","nsl","nonaligned","cognate",1,1109.68100004768,1.83,2.17,0,"low","verb","near","atelic","intrans",7,7,"yes","high","high","high","other","yes","daily",55,"right","serious","no","16"
"1711","sneeze","9498014","rsl_list2","31","rsl","aligned","noncognate",1,1889.96899999405,0.37,0.49,0,"low","verb","different","telic","intrans",6,7,"yes","low","high","high","other","no","daily",44,"right","considerable","no","16"
"1712","sneeze","9555631","rsl_list1","37","rsl","nonaligned","noncognate",1,783.639000005962,0.37,0.49,0,"low","verb","different","telic","intrans",7,7,"yes","high","high","high","other","no","daily",33,"right","considerable","yes","28"
"1713","sneeze","9503065","rsl_list1","44","rsl","nonaligned","noncognate",1,1177.59600000072,0.37,0.49,0,"low","verb","different","telic","intrans",7,7,"yes","high","high","high","parents","yes","daily",36,"right","considerable","yes","0"
"1714","sneeze","9476391","rsl_list2","14","rsl","aligned","noncognate",1,1404.85700000013,0.37,0.49,0,"low","verb","different","telic","intrans",7,7,"no","high","high","low","parents","yes","daily",32,"right","serious","no","2"
"1715","sneeze","9483913","rsl_list1","9","rsl","nonaligned","noncognate",1,1209.80300000298,0.37,0.49,0,"low","verb","different","telic","intrans",7,7,"yes","high","high","high","parents","yes","daily",37,"right","considerable","yes","0"
"1716","sneeze","9454658","rsl_list1","2","rsl","nonaligned","noncognate",1,534,0.37,0.49,0,"low","verb","different","telic","intrans",7,7,"yes","high","high","high","other","yes","daily",29,"right","serious","no","5"
"1717","sneeze","9473190","rsl_list2","42","rsl","aligned","noncognate",1,794.729000004474,0.37,0.49,0,"low","verb","different","telic","intrans",7,7,"yes","high","high","high","school","yes","daily",49,"right","serious","no","7"
"1718","sneeze","9458431","rsl_list2","20","rsl","aligned","noncognate",1,287.967000047676,0.37,0.49,0,"low","verb","different","telic","intrans",7,7,"yes","high","high","high","parents","yes","daily",38,"right","serious","yes","0"
"1719","sneeze","9489076","rsl_list2","29","rsl","aligned","noncognate",1,460.326999809244,0.37,0.49,0,"low","verb","different","telic","intrans",7,7,"yes","high","high","high","parents","yes","daily",38,"right","serious","no","1"
"1720","sneeze","9555238","rsl_list2","32","rsl","aligned","noncognate",1,1180.79399999994,0.37,0.49,0,"low","verb","different","telic","intrans",7,6,"no","high","low","low","caregiver","no","daily",13,"right","mild","no","0"
"1721","sneeze","9483878","rsl_list1","41","rsl","nonaligned","noncognate",1,744.640000000014,0.37,0.49,0,"low","verb","different","telic","intrans",7,7,"yes","high","high","high","parents","yes","daily",42,"right","considerable","yes","0"
"1722","sneeze","9454567","rsl_list2","8","rsl","aligned","noncognate",1,422.494000000006,0.37,0.49,0,"low","verb","different","telic","intrans",5,7,"no","low","high","low","school","yes","daily",38,"right","serious","yes","6"
"1723","sneeze","9492137","rsl_list1","34","rsl","nonaligned","noncognate",1,596.522000000346,0.37,0.49,0,"low","verb","different","telic","intrans",7,7,"yes","high","high","high","other","yes","daily",28,"right","moderate","no","3"
"1724","sneeze","9377336","rsl_list2","7","rsl","aligned","noncognate",1,817.990999952322,0.37,0.49,0,"low","verb","different","telic","intrans",7,7,"yes","high","high","high","school","yes","daily",48,"right","serious","no","6.5"
"1725","sneeze","9473775","rsl_list2","34","rsl","aligned","noncognate",1,726.299999999988,0.37,0.49,0,"low","verb","different","telic","intrans",7,7,"yes","high","high","high","school","yes","daily",44,"right","considerable","no","7"
"1726","sneeze","9479813","rsl_list2","41","rsl","aligned","noncognate",1,341.348000001512,0.37,0.49,0,"low","verb","different","telic","intrans",7,7,"yes","high","high","high","parents","yes","daily",35,"right","considerable","no","0"
"1727","sneeze","9473110","rsl_list1","23","rsl","nonaligned","noncognate",1,908.193000000028,0.37,0.49,0,"low","verb","different","telic","intrans",7,7,"yes","high","high","high","other","yes","daily",36,"right","serious","yes","3.5"
"1728","sneeze","9537479","rsl_list2","28","rsl","aligned","noncognate",1,578.900000000023,0.37,0.49,0,"low","verb","different","telic","intrans",7,7,"yes","high","high","high","parents","yes","daily",43,"right","serious","yes","0"
"1729","sneeze","9368241","nsl_list2","1","nsl","aligned","noncognate",1,1391.50400000596,0.37,0.49,0,"low","verb","different","telic","intrans",7,6,"yes","high","high","high","other","yes","daily",37,"right","serious","yes","0.5"
"1730","sneeze","9687063","nsl_list1","12","nsl","nonaligned","noncognate",1,1123,0.37,0.49,0,"low","verb","different","telic","intrans",7,7,"yes","high","high","high","parents","no","daily",23,"right","serious","no","0"
"1731","sneeze","9498903","nsl_list1","40","nsl","nonaligned","noncognate",1,2494.86399990466,0.37,0.49,0,"low","verb","different","telic","intrans",7,7,"yes","high","high","high","school","yes","daily",49,"right","serious","no","18"
"1732","sneeze","9647566","nsl_list1","18","nsl","nonaligned","noncognate",1,1335.45199999999,0.37,0.49,0,"low","verb","different","telic","intrans",7,7,"yes","high","high","high","other","no","often",81,"right","serious","no","19"
"1733","sneeze","9541537","rsl_list1","13","rsl","nonaligned","noncognate",1,567.466000004468,0.37,0.49,0,"low","verb","different","telic","intrans",7,7,"yes","high","high","high","parents","yes","daily",34,"right","moderate","yes","0"
"1734","sneeze","9455706","rsl_list1","7","rsl","nonaligned","noncognate",0,5033.91799999944,0.37,0.49,0,"low","verb","different","telic","intrans",7,7,"yes","high","high","high","other","yes","daily",31,"right","considerable","no","7"
"1735","sneeze","9479027","nsl_list2","38","nsl","aligned","noncognate",1,1026.27900000074,0.37,0.49,0,"low","verb","different","telic","intrans",7,6,"yes","high","high","high","parents","yes","daily",48,"right","serious","yes","1"
"1736","sneeze","9481563","nsl_list2","15","nsl","aligned","noncognate",1,572.550000008952,0.37,0.49,0,"low","verb","different","telic","intrans",7,7,"yes","high","high","high","parents","yes","daily",50,"right","serious","yes","1"
"1737","sneeze","9472740","rsl_list2","33","rsl","aligned","noncognate",1,1706.18199999403,0.37,0.49,0,"low","verb","different","telic","intrans",7,7,"yes","high","high","high","other","yes","daily",24,"right","moderate","yes","7"
"1738","sneeze","9587228","rsl_list1","32","rsl","nonaligned","noncognate",1,1025.25500000076,0.37,0.49,0,"low","verb","different","telic","intrans",7,7,"yes","high","high","high","parents","yes","daily",61,"right","considerable","no","0"
"1739","sneeze","9476587","rsl_list2","7","rsl","aligned","noncognate",1,1070,0.37,0.49,0,"low","verb","different","telic","intrans",7,7,"yes","high","high","high","school","yes","daily",25,"right","serious","yes","5"
"1740","sneeze","9482266","rsl_list1","41","rsl","nonaligned","noncognate",1,2249.82599999994,0.37,0.49,0,"low","verb","different","telic","intrans",7,7,"yes","high","high","high","other","no","daily",35,"right","considerable","no","15"
"1741","sneeze","9685656","nsl_list2","18","nsl","aligned","noncognate",0,1423.49499997616,0.37,0.49,0,"low","verb","different","telic","intrans",7,7,"yes","high","high","high","parents","yes","daily",48,"right","serious","yes","2"
"1742","sneeze","9477538","nsl_list2","32","nsl","aligned","noncognate",1,3741.58800009539,0.37,0.49,0,"low","verb","different","telic","intrans",7,7,"yes","high","high","high","other","no","daily",37,"right","serious","yes","17"
"1743","sneeze","9477400","nsl_list2","26","nsl","aligned","noncognate",1,511.336000095354,0.37,0.49,0,"low","verb","different","telic","intrans",7,7,"yes","high","high","high","other","yes","daily",44,"right","serious","yes","1"
"1744","sneeze","9482437","nsl_list1","35","nsl","nonaligned","noncognate",1,439,0.37,0.49,0,"low","verb","different","telic","intrans",7,7,"yes","high","high","high","school","yes","daily",70,"right","serious","no","8"
"1745","sneeze","9462565","nsl_list1","26","nsl","nonaligned","noncognate",1,1415,0.37,0.49,0,"low","verb","different","telic","intrans",7,7,"yes","high","high","high","parents","yes","daily",42,"right","serious","yes","0"
"1746","sneeze","9696122","nsl_list1","31","nsl","nonaligned","noncognate",1,204.686000002985,0.37,0.49,0,"low","verb","different","telic","intrans",7,7,"yes","high","high","high","parents","yes","daily",34,"right","serious","yes","1"
"1747","sneeze","9483072","nsl_list2","39","nsl","aligned","noncognate",1,1076.95099999924,0.37,0.49,0,"low","verb","different","telic","intrans",7,7,"yes","high","high","high","school","no","daily",45,"left","serious","no","14"
"1748","sneeze","9476778","nsl_list1","5","nsl","nonaligned","noncognate",1,1994.75599998808,0.37,0.49,0,"low","verb","different","telic","intrans",7,7,"yes","high","high","high","parents","yes","daily",46,"right","considerable","yes","0"
"1749","sneeze","9479413","nsl_list1","33","nsl","nonaligned","noncognate",1,1074.1280000477,0.37,0.49,0,"low","verb","different","telic","intrans",7,7,"yes","high","high","high","other","yes","daily",55,"right","serious","no","16"
"1750","sneeze","9481529","nsl_list2","41","nsl","aligned","noncognate",1,69.9149999881047,0.37,0.49,0,"low","verb","different","telic","intrans",7,7,"yes","high","high","high","other","yes","daily",43,"right","serious","no","3.5"
"1751","sneeze","9481525","nsl_list1","34","nsl","nonaligned","noncognate",1,842.767000005988,0.37,0.49,0,"low","verb","different","telic","intrans",7,7,"yes","high","high","high","caregiver","yes","daily",53,"right","serious","yes","48"
"1752","sneeze","9493027","nsl_list2","1","nsl","aligned","noncognate",1,1785.24899999925,0.37,0.49,0,"low","verb","different","telic","intrans",7,6,"yes","high","high","high","parents","yes","daily",31,"right","considerable","no","2"
"1753","sneeze","9477675","nsl_list2","15","nsl","aligned","noncognate",1,691.419000011927,0.37,0.49,0,"low","verb","different","telic","intrans",7,7,"yes","high","high","high","other","yes","daily",41,"right","serious","no","3"
"1754","sneeze","9612157","nsl_list1","15","nsl","nonaligned","noncognate",1,595.486999964225,0.37,0.49,0,"low","verb","different","telic","intrans",7,7,"yes","high","high","high","school","yes","daily",28,"left","serious","yes","5"
"1755","sneeze","9631781","nsl_list1","9","nsl","nonaligned","noncognate",1,19512,0.37,0.49,0,"low","verb","different","telic","intrans",7,7,"yes","high","high","high","other","no","often",81,"right","serious","no","19"
"1756","take","9537479","rsl_list2","33","rsl","nonaligned","cognate",1,899.099999999977,3.3,2.78,2.17,"high","verb","near","telic","trans",7,3,"yes","high","low","high","parents","yes","daily",43,"right","serious","yes","0"
"1757","take","9455706","rsl_list1","41","rsl","aligned","cognate",1,5178.89100000006,3.3,2.78,2.17,"high","verb","near","telic","trans",7,7,"yes","high","high","high","other","yes","daily",31,"right","considerable","no","7"
"1758","take","9541537","rsl_list1","27","rsl","aligned","cognate",1,1026.25300000148,3.3,2.78,2.17,"high","verb","near","telic","trans",7,7,"yes","high","high","high","parents","yes","daily",34,"right","moderate","yes","0"
"1759","take","9479813","rsl_list2","33","rsl","nonaligned","cognate",1,190.300999995554,3.3,2.78,2.17,"high","verb","near","telic","trans",7,3,"yes","high","low","high","parents","yes","daily",35,"right","considerable","no","0"
"1760","take","9476391","rsl_list2","40","rsl","nonaligned","cognate",1,1672.30900000007,3.3,2.78,2.17,"high","verb","near","telic","trans",7,5,"yes","high","low","high","parents","yes","daily",32,"right","serious","no","2"
"1761","take","9483878","rsl_list1","33","rsl","aligned","cognate",1,1929.94,3.3,2.78,2.17,"high","verb","near","telic","trans",7,7,"yes","high","high","high","parents","yes","daily",42,"right","considerable","yes","0"
"1762","take","9498014","rsl_list2","4","rsl","nonaligned","cognate",1,10406.3440000119,3.3,2.78,2.17,"high","verb","near","telic","trans",7,4,"yes","high","low","high","other","no","daily",44,"right","considerable","no","16"
"1763","take","9555631","rsl_list1","41","rsl","aligned","cognate",1,2443.47599998809,3.3,2.78,2.17,"high","verb","near","telic","trans",7,7,"yes","high","high","high","other","no","daily",33,"right","considerable","yes","28"
"1764","take","9473190","rsl_list2","25","rsl","nonaligned","cognate",1,6563.72700000298,3.3,2.78,2.17,"high","verb","near","telic","trans",7,4,"yes","high","low","high","school","yes","daily",49,"right","serious","no","7"
"1765","take","9476587","rsl_list2","5","rsl","nonaligned","cognate",1,1564,3.3,2.78,2.17,"high","verb","near","telic","trans",7,5,"yes","high","low","high","school","yes","daily",25,"right","serious","yes","5"
"1766","take","9472740","rsl_list2","23","rsl","nonaligned","cognate",1,2450.291000003,3.3,2.78,2.17,"high","verb","near","telic","trans",7,6,"yes","high","low","high","other","yes","daily",24,"right","moderate","yes","7"
"1767","take","9473775","rsl_list2","27","rsl","nonaligned","cognate",1,2254.70000000001,3.3,2.78,2.17,"high","verb","near","telic","trans",7,1,"yes","high","low","high","school","yes","daily",44,"right","considerable","no","7"
"1768","take","9454658","rsl_list1","32","rsl","aligned","cognate",0,692,3.3,2.78,2.17,"high","verb","near","telic","trans",7,5,"yes","high","low","high","other","yes","daily",29,"right","serious","no","5"
"1769","take","9454567","rsl_list2","11","rsl","nonaligned","cognate",1,758.860999999917,3.3,2.78,2.17,"high","verb","near","telic","trans",7,7,"yes","high","high","high","school","yes","daily",38,"right","serious","yes","6"
"1770","take","9473110","rsl_list1","43","rsl","aligned","cognate",0,1650.58399999992,3.3,2.78,2.17,"high","verb","near","telic","trans",7,5,"yes","high","low","high","other","yes","daily",36,"right","serious","yes","3.5"
"1771","take","9483913","rsl_list1","31","rsl","aligned","cognate",1,963.810000000754,3.3,2.78,2.17,"high","verb","near","telic","trans",7,7,"yes","high","high","high","parents","yes","daily",37,"right","considerable","yes","0"
"1772","take","9647566","nsl_list1","11","nsl","nonaligned","cognate",0,16558.9860000179,3.3,2.78,1.73,"high","verb","near","telic","trans",7,5,"yes","high","low","high","other","no","often",81,"right","serious","no","19"
"1773","take","9555238","rsl_list2","36","rsl","nonaligned","cognate",1,594.230999994033,3.3,2.78,2.17,"high","verb","near","telic","trans",7,6,"yes","high","low","high","caregiver","no","daily",13,"right","mild","no","0"
"1774","take","9377336","rsl_list2","43","rsl","nonaligned","cognate",1,1581.03500000003,3.3,2.78,2.17,"high","verb","near","telic","trans",7,4,"yes","high","low","high","school","yes","daily",48,"right","serious","no","6.5"
"1775","take","9458431","rsl_list2","12","rsl","nonaligned","cognate",0,2043.01699990462,3.3,2.78,2.17,"high","verb","near","telic","trans",7,1,"yes","high","low","high","parents","yes","daily",38,"right","serious","yes","0"
"1776","take","9482266","rsl_list1","31","rsl","aligned","cognate",0,5045.99399998807,3.3,2.78,2.17,"high","verb","near","telic","trans",7,5,"yes","high","low","high","other","no","daily",35,"right","considerable","no","15"
"1777","take","9503065","rsl_list1","5","rsl","aligned","cognate",1,10712.026,3.3,2.78,2.17,"high","verb","near","telic","trans",7,6,"yes","high","low","high","parents","yes","daily",36,"right","considerable","yes","0"
"1778","take","9492137","rsl_list1","26","rsl","aligned","cognate",0,2102.82300000021,3.3,2.78,2.17,"high","verb","near","telic","trans",7,1,"yes","high","low","high","other","yes","daily",28,"right","moderate","no","3"
"1779","take","9587228","rsl_list1","15","rsl","aligned","cognate",1,1283.56600000223,3.3,2.78,2.17,"high","verb","near","telic","trans",7,6,"yes","high","low","high","parents","yes","daily",61,"right","considerable","no","0"
"1780","take","9489076","rsl_list2","44","rsl","nonaligned","cognate",1,228.983999952325,3.3,2.78,2.17,"high","verb","near","telic","trans",7,7,"yes","high","high","high","parents","yes","daily",38,"right","serious","no","1"
"1781","take","9481529","nsl_list2","42","nsl","aligned","cognate",0,675.667000023823,3.3,2.78,1.73,"high","verb","near","telic","trans",7,2,"yes","high","low","high","other","yes","daily",43,"right","serious","no","3.5"
"1782","take","9685656","nsl_list2","17","nsl","aligned","cognate",0,879.576999976154,3.3,2.78,1.73,"high","verb","near","telic","trans",7,1,"yes","high","low","high","parents","yes","daily",48,"right","serious","yes","2"
"1783","take","9368241","nsl_list2","29","nsl","aligned","cognate",0,1190.01999999699,3.3,2.78,1.73,"high","verb","near","telic","trans",7,3,"yes","high","low","high","other","yes","daily",37,"right","serious","yes","0.5"
"1784","take","9462565","nsl_list1","36","nsl","nonaligned","cognate",0,1513,3.3,2.78,1.73,"high","verb","near","telic","trans",7,1,"yes","high","low","high","parents","yes","daily",42,"right","serious","yes","0"
"1785","take","9493027","nsl_list2","28","nsl","aligned","cognate",0,435.092999999615,3.3,2.78,1.73,"high","verb","near","telic","trans",7,3,"yes","high","low","high","parents","yes","daily",31,"right","considerable","no","2"
"1786","take","9477400","nsl_list2","2","nsl","aligned","cognate",0,1824.682,3.3,2.78,1.73,"high","verb","near","telic","trans",7,3,"yes","high","low","high","other","yes","daily",44,"right","serious","yes","1"
"1787","take","9631781","nsl_list1","34","nsl","nonaligned","cognate",1,39668,3.3,2.78,1.73,"high","verb","near","telic","trans",7,7,"yes","high","high","high","other","no","often",81,"right","serious","no","19"
"1788","take","9687063","nsl_list1","41","nsl","nonaligned","cognate",0,1386,3.3,2.78,1.73,"high","verb","near","telic","trans",7,3,"yes","high","low","high","parents","no","daily",23,"right","serious","no","0"
"1789","take","9612157","nsl_list1","10","nsl","nonaligned","cognate",1,1006.33100001192,3.3,2.78,1.73,"high","verb","near","telic","trans",7,3,"yes","high","low","high","school","yes","daily",28,"left","serious","yes","5"
"1790","take","9479413","nsl_list1","44","nsl","nonaligned","cognate",0,2779.22499999992,3.3,2.78,1.73,"high","verb","near","telic","trans",7,1,"yes","high","low","high","other","yes","daily",55,"right","serious","no","16"
"1791","take","9477675","nsl_list2","7","nsl","aligned","cognate",0,936.809000023844,3.3,2.78,1.73,"high","verb","near","telic","trans",7,2,"yes","high","low","high","other","yes","daily",41,"right","serious","no","3"
"1792","take","9483072","nsl_list2","17","nsl","aligned","cognate",0,1556.91900000002,3.3,2.78,1.73,"high","verb","near","telic","trans",7,4,"yes","high","low","high","school","no","daily",45,"left","serious","no","14"
"1793","take","9477538","nsl_list2","6","nsl","aligned","cognate",0,1607.34,3.3,2.78,1.73,"high","verb","near","telic","trans",7,2,"yes","high","low","high","other","no","daily",37,"right","serious","yes","17"
"1794","take","9481563","nsl_list2","38","nsl","aligned","cognate",0,1093.38400000299,3.3,2.78,1.73,"high","verb","near","telic","trans",7,1,"yes","high","low","high","parents","yes","daily",50,"right","serious","yes","1"
"1795","take","9498903","nsl_list1","41","nsl","nonaligned","cognate",0,1664.06600028608,3.3,2.78,1.73,"high","verb","near","telic","trans",7,7,"yes","high","high","high","school","yes","daily",49,"right","serious","no","18"
"1796","take","9479027","nsl_list2","32","nsl","aligned","cognate",0,1325.15300000075,3.3,2.78,1.73,"high","verb","near","telic","trans",7,3,"yes","high","low","high","parents","yes","daily",48,"right","serious","yes","1"
"1797","take","9476778","nsl_list1","21","nsl","nonaligned","cognate",0,1250.20999999999,3.3,2.78,1.73,"high","verb","near","telic","trans",7,3,"yes","high","low","high","parents","yes","daily",46,"right","considerable","yes","0"
"1798","take","9482437","nsl_list1","28","nsl","nonaligned","cognate",0,895,3.3,2.78,1.73,"high","verb","near","telic","trans",7,7,"yes","high","high","high","school","yes","daily",70,"right","serious","no","8"
"1799","take","9481525","nsl_list1","9","nsl","nonaligned","cognate",1,1135.678,3.3,2.78,1.73,"high","verb","near","telic","trans",7,5,"yes","high","low","high","caregiver","yes","daily",53,"right","serious","yes","48"
"1800","take","9696122","nsl_list1","15","nsl","nonaligned","cognate",0,330.205000000744,3.3,2.78,1.73,"high","verb","near","telic","trans",1,1,"yes","low","low","high","parents","yes","daily",34,"right","serious","yes","1"
"1801","telephone","9483913","rsl_list1","40","rsl","aligned","cognate",1,1348.59800000297,2.11,2.08,1.23,"high","noun","exact","inanimate","concrete",7,7,"yes","high","high","high","parents","yes","daily",37,"right","considerable","yes","0"
"1802","telephone","9687063","nsl_list1","31","nsl","nonaligned","cognate",1,1200,2.11,2.08,0.95,"high","noun","exact","inanimate","concrete",7,7,"yes","high","high","high","parents","no","daily",23,"right","serious","no","0"
"1803","telephone","9555631","rsl_list1","22","rsl","aligned","cognate",1,830.580000005953,2.11,2.08,1.23,"high","noun","exact","inanimate","concrete",7,7,"yes","high","high","high","other","no","daily",33,"right","considerable","yes","28"
"1804","telephone","9541537","rsl_list1","26","rsl","aligned","cognate",1,132.505999999994,2.11,2.08,1.23,"high","noun","exact","inanimate","concrete",7,7,"yes","high","high","high","parents","yes","daily",34,"right","moderate","yes","0"
"1805","telephone","9492137","rsl_list1","47","rsl","aligned","cognate",1,-41.618999999424,2.11,2.08,1.23,"high","noun","exact","inanimate","concrete",7,7,"yes","high","high","high","other","yes","daily",28,"right","moderate","no","3"
"1806","telephone","9587228","rsl_list1","16","rsl","aligned","cognate",1,1110.79699999999,2.11,2.08,1.23,"high","noun","exact","inanimate","concrete",7,7,"yes","high","high","high","parents","yes","daily",61,"right","considerable","no","0"
"1807","telephone","9481525","nsl_list1","4","nsl","nonaligned","cognate",1,1624.94499999404,2.11,2.08,0.95,"high","noun","exact","inanimate","concrete",7,5,"yes","high","low","high","caregiver","yes","daily",53,"right","serious","yes","48"
"1808","telephone","9477400","nsl_list2","15","nsl","aligned","cognate",1,1188.38699999999,2.11,2.08,0.95,"high","noun","exact","inanimate","concrete",7,2,"yes","high","low","high","other","yes","daily",44,"right","serious","yes","1"
"1809","telephone","9498903","nsl_list1","17","nsl","nonaligned","cognate",1,236.879000190733,2.11,2.08,0.95,"high","noun","exact","inanimate","concrete",7,7,"yes","high","high","high","school","yes","daily",49,"right","serious","no","18"
"1810","telephone","9482437","nsl_list1","8","nsl","nonaligned","cognate",1,1502,2.11,2.08,0.95,"high","noun","exact","inanimate","concrete",7,7,"yes","high","high","high","school","yes","daily",70,"right","serious","no","8"
"1811","telephone","9476778","nsl_list1","9","nsl","nonaligned","cognate",1,2087.46300000596,2.11,2.08,0.95,"high","noun","exact","inanimate","concrete",7,7,"yes","high","high","high","parents","yes","daily",46,"right","considerable","yes","0"
"1812","telephone","9462565","nsl_list1","44","nsl","nonaligned","cognate",1,323,2.11,2.08,0.95,"high","noun","exact","inanimate","concrete",7,1,"yes","high","low","high","parents","yes","daily",42,"right","serious","yes","0"
"1813","telephone","9479413","nsl_list1","4","nsl","nonaligned","cognate",1,905.184000095367,2.11,2.08,0.95,"high","noun","exact","inanimate","concrete",7,7,"yes","high","high","high","other","yes","daily",55,"right","serious","no","16"
"1814","telephone","9631781","nsl_list1","3","nsl","nonaligned","cognate",0,5812,2.11,2.08,0.95,"high","noun","exact","inanimate","concrete",7,7,"yes","high","high","high","other","no","often",81,"right","serious","no","19"
"1815","telephone","9481529","nsl_list2","10","nsl","aligned","cognate",1,543.79800000001,2.11,2.08,0.95,"high","noun","exact","inanimate","concrete",7,7,"yes","high","high","high","other","yes","daily",43,"right","serious","no","3.5"
"1816","telephone","9479027","nsl_list2","12","nsl","aligned","cognate",1,844.714000000007,2.11,2.08,0.95,"high","noun","exact","inanimate","concrete",7,7,"yes","high","high","high","parents","yes","daily",48,"right","serious","yes","1"
"1817","telephone","9481563","nsl_list2","24","nsl","aligned","cognate",1,1147.74600000295,2.11,2.08,0.95,"high","noun","exact","inanimate","concrete",7,7,"yes","high","high","high","parents","yes","daily",50,"right","serious","yes","1"
"1818","telephone","9612157","nsl_list1","8","nsl","nonaligned","cognate",1,2399.75499998807,2.11,2.08,0.95,"high","noun","exact","inanimate","concrete",7,7,"yes","high","high","high","school","yes","daily",28,"left","serious","yes","5"
"1819","telephone","9685656","nsl_list2","31","nsl","aligned","cognate",1,360.588999952306,2.11,2.08,0.95,"high","noun","exact","inanimate","concrete",7,7,"yes","high","high","high","parents","yes","daily",48,"right","serious","yes","2"
"1820","telephone","9368241","nsl_list2","23","nsl","aligned","cognate",1,1841.06700000894,2.11,2.08,0.95,"high","noun","exact","inanimate","concrete",7,7,"yes","high","high","high","other","yes","daily",37,"right","serious","yes","0.5"
"1821","telephone","9493027","nsl_list2","36","nsl","aligned","cognate",1,2912.93199999997,2.11,2.08,0.95,"high","noun","exact","inanimate","concrete",7,3,"yes","high","low","high","parents","yes","daily",31,"right","considerable","no","2"
"1822","telephone","9555238","rsl_list2","46","rsl","nonaligned","cognate",1,645.214000000036,2.11,2.08,1.23,"high","noun","exact","inanimate","concrete",7,5,"yes","high","low","high","caregiver","no","daily",13,"right","mild","no","0"
"1823","telephone","9473775","rsl_list2","6","rsl","nonaligned","cognate",1,3631.3,2.11,2.08,1.23,"high","noun","exact","inanimate","concrete",7,7,"yes","high","high","high","school","yes","daily",44,"right","considerable","no","7"
"1824","telephone","9473190","rsl_list2","26","rsl","nonaligned","cognate",1,1400.32800000149,2.11,2.08,1.23,"high","noun","exact","inanimate","concrete",7,7,"yes","high","high","high","school","yes","daily",49,"right","serious","no","7"
"1825","telephone","9489076","rsl_list2","30","rsl","nonaligned","cognate",1,-127.744000143022,2.11,2.08,1.23,"high","noun","exact","inanimate","concrete",7,7,"yes","high","high","high","parents","yes","daily",38,"right","serious","no","1"
"1826","telephone","9503065","rsl_list1","15","rsl","aligned","cognate",1,955.749999997759,2.11,2.08,1.23,"high","noun","exact","inanimate","concrete",7,7,"yes","high","high","high","parents","yes","daily",36,"right","considerable","yes","0"
"1827","telephone","9458431","rsl_list2","32","rsl","nonaligned","cognate",1,-51.2790000953828,2.11,2.08,1.23,"high","noun","exact","inanimate","concrete",7,7,"yes","high","high","high","parents","yes","daily",38,"right","serious","yes","0"
"1828","telephone","9477538","nsl_list2","33","nsl","aligned","cognate",1,732.613999952329,2.11,2.08,0.95,"high","noun","exact","inanimate","concrete",7,5,"yes","high","low","high","other","no","daily",37,"right","serious","yes","17"
"1829","telephone","9696122","nsl_list1","40","nsl","nonaligned","cognate",1,1647.29499999998,2.11,2.08,0.95,"high","noun","exact","inanimate","concrete",7,7,"yes","high","high","high","parents","yes","daily",34,"right","serious","yes","1"
"1830","telephone","9477675","nsl_list2","39","nsl","aligned","cognate",1,2957.05100002384,2.11,2.08,0.95,"high","noun","exact","inanimate","concrete",7,4,"yes","high","low","high","other","yes","daily",41,"right","serious","no","3"
"1831","telephone","9483072","nsl_list2","2","nsl","aligned","cognate",1,1975.613,2.11,2.08,0.95,"high","noun","exact","inanimate","concrete",7,7,"yes","high","high","high","school","no","daily",45,"left","serious","no","14"
"1832","telephone","9647566","nsl_list1","1","nsl","nonaligned","cognate",1,5091.84599999404,2.11,2.08,0.95,"high","noun","exact","inanimate","concrete",7,7,"yes","high","high","high","other","no","often",81,"right","serious","no","19"
"1833","telephone","9476391","rsl_list2","38","rsl","nonaligned","cognate",1,1166.22399999999,2.11,2.08,1.23,"high","noun","exact","inanimate","concrete",7,7,"yes","high","high","high","parents","yes","daily",32,"right","serious","no","2"
"1834","telephone","9473110","rsl_list1","8","rsl","aligned","cognate",1,438.731999997763,2.11,2.08,1.23,"high","noun","exact","inanimate","concrete",7,7,"yes","high","high","high","other","yes","daily",36,"right","serious","yes","3.5"
"1835","telephone","9454658","rsl_list1","6","rsl","aligned","cognate",1,69,2.11,2.08,1.23,"high","noun","exact","inanimate","concrete",7,7,"yes","high","high","high","other","yes","daily",29,"right","serious","no","5"
"1836","telephone","9479813","rsl_list2","23","rsl","nonaligned","cognate",1,-103.420000001497,2.11,2.08,1.23,"high","noun","exact","inanimate","concrete",7,7,"yes","high","high","high","parents","yes","daily",35,"right","considerable","no","0"
"1837","telephone","9483878","rsl_list1","6","rsl","aligned","cognate",1,98.4400000000023,2.11,2.08,1.23,"high","noun","exact","inanimate","concrete",7,7,"yes","high","high","high","parents","yes","daily",42,"right","considerable","yes","0"
"1838","telephone","9482266","rsl_list1","16","rsl","aligned","cognate",1,890.594000000012,2.11,2.08,1.23,"high","noun","exact","inanimate","concrete",7,7,"yes","high","high","high","other","no","daily",35,"right","considerable","no","15"
"1839","telephone","9377336","rsl_list2","48","rsl","nonaligned","cognate",1,1781.13199999987,2.11,2.08,1.23,"high","noun","exact","inanimate","concrete",7,7,"yes","high","high","high","school","yes","daily",48,"right","serious","no","6.5"
"1840","telephone","9476587","rsl_list2","33","rsl","nonaligned","cognate",1,862,2.11,2.08,1.23,"high","noun","exact","inanimate","concrete",7,7,"yes","high","high","high","school","yes","daily",25,"right","serious","yes","5"
"1841","telephone","9537479","rsl_list2","22","rsl","nonaligned","cognate",1,112.200000000012,2.11,2.08,1.23,"high","noun","exact","inanimate","concrete",7,7,"yes","high","high","high","parents","yes","daily",43,"right","serious","yes","0"
"1842","telephone","9454567","rsl_list2","32","rsl","nonaligned","cognate",1,204.650999999954,2.11,2.08,1.23,"high","noun","exact","inanimate","concrete",7,7,"yes","high","high","high","school","yes","daily",38,"right","serious","yes","6"
"1843","telephone","9498014","rsl_list2","48","rsl","nonaligned","cognate",1,1687.67299998808,2.11,2.08,1.23,"high","noun","exact","inanimate","concrete",7,7,"yes","high","high","high","other","no","daily",44,"right","considerable","no","16"
"1844","telephone","9455706","rsl_list1","1","rsl","aligned","cognate",1,1712.081,2.11,2.08,1.23,"high","noun","exact","inanimate","concrete",7,7,"yes","high","high","high","other","yes","daily",31,"right","considerable","no","7"
"1845","telephone","9472740","rsl_list2","46","rsl","nonaligned","cognate",1,2356.86399999994,2.11,2.08,1.23,"high","noun","exact","inanimate","concrete",7,7,"yes","high","high","high","other","yes","daily",24,"right","moderate","yes","7"
"1846","think","9368241","nsl_list2","44","nsl","aligned","cognate",1,6010.44700000295,2.86,2.9,2.05,"high","verb","exact","atelic","intrans",7,5,"yes","high","low","high","other","yes","daily",37,"right","serious","yes","0.5"
"1847","think","9612157","nsl_list1","28","nsl","nonaligned","cognate",1,675.996000011917,2.86,2.9,2.05,"high","verb","exact","atelic","intrans",7,7,"yes","high","high","high","school","yes","daily",28,"left","serious","yes","5"
"1848","think","9685656","nsl_list2","3","nsl","aligned","cognate",0,1028.752,2.86,2.9,2.05,"high","verb","exact","atelic","intrans",7,7,"yes","high","high","high","parents","yes","daily",48,"right","serious","yes","2"
"1849","think","9498903","nsl_list1","23","nsl","nonaligned","cognate",1,1284.215,2.86,2.9,2.05,"high","verb","exact","atelic","intrans",7,7,"yes","high","high","high","school","yes","daily",49,"right","serious","no","18"
"1850","think","9479027","nsl_list2","22","nsl","aligned","cognate",0,1049.70400000003,2.86,2.9,2.05,"high","verb","exact","atelic","intrans",7,7,"yes","high","high","high","parents","yes","daily",48,"right","serious","yes","1"
"1851","think","9477400","nsl_list2","25","nsl","aligned","cognate",0,1036.66700009536,2.86,2.9,2.05,"high","verb","exact","atelic","intrans",4,2,"yes","low","low","high","other","yes","daily",44,"right","serious","yes","1"
"1852","think","9477538","nsl_list2","40","nsl","aligned","cognate",0,888.048999952327,2.86,2.9,2.05,"high","verb","exact","atelic","intrans",7,7,"yes","high","high","high","other","no","daily",37,"right","serious","yes","17"
"1853","think","9477675","nsl_list2","30","nsl","aligned","cognate",0,766.945999999996,2.86,2.9,2.05,"high","verb","exact","atelic","intrans",4,5,"no","low","low","low","other","yes","daily",41,"right","serious","no","3"
"1854","think","9647566","nsl_list1","38","nsl","nonaligned","cognate",1,1053.76200000005,2.86,2.9,2.05,"high","verb","exact","atelic","intrans",7,7,"yes","high","high","high","other","no","often",81,"right","serious","no","19"
"1855","think","9481525","nsl_list1","32","nsl","nonaligned","cognate",1,774.187999988091,2.86,2.9,2.05,"high","verb","exact","atelic","intrans",7,7,"yes","high","high","high","caregiver","yes","daily",53,"right","serious","yes","48"
"1856","think","9479413","nsl_list1","6","nsl","nonaligned","cognate",1,2865.46699995232,2.86,2.9,2.05,"high","verb","exact","atelic","intrans",7,7,"yes","high","high","high","other","yes","daily",55,"right","serious","no","16"
"1857","think","9687063","nsl_list1","25","nsl","nonaligned","cognate",1,819,2.86,2.9,2.05,"high","verb","exact","atelic","intrans",7,6,"yes","high","high","high","parents","no","daily",23,"right","serious","no","0"
"1858","think","9473775","rsl_list2","10","rsl","nonaligned","cognate",1,966.53999999995,2.86,2.9,2.3,"high","verb","exact","atelic","intrans",7,7,"yes","high","high","high","school","yes","daily",44,"right","considerable","no","7"
"1859","think","9696122","nsl_list1","18","nsl","nonaligned","cognate",1,421.393000000011,2.86,2.9,2.05,"high","verb","exact","atelic","intrans",1,1,"yes","low","low","high","parents","yes","daily",34,"right","serious","yes","1"
"1860","think","9482437","nsl_list1","32","nsl","nonaligned","cognate",1,923,2.86,2.9,2.05,"high","verb","exact","atelic","intrans",7,7,"yes","high","high","high","school","yes","daily",70,"right","serious","no","8"
"1861","think","9631781","nsl_list1","1","nsl","nonaligned","cognate",0,11313,2.86,2.9,2.05,"high","verb","exact","atelic","intrans",2,2,"no","low","low","low","other","no","often",81,"right","serious","no","19"
"1862","think","9481563","nsl_list2","28","nsl","aligned","cognate",0,2416.51800000004,2.86,2.9,2.05,"high","verb","exact","atelic","intrans",7,7,"yes","high","high","high","parents","yes","daily",50,"right","serious","yes","1"
"1863","think","9462565","nsl_list1","20","nsl","nonaligned","cognate",1,1416,2.86,2.9,2.05,"high","verb","exact","atelic","intrans",7,7,"no","high","high","low","parents","yes","daily",42,"right","serious","yes","0"
"1864","think","9587228","rsl_list1","14","rsl","aligned","cognate",1,1233.21599999999,2.86,2.9,2.3,"high","verb","exact","atelic","intrans",7,7,"yes","high","high","high","parents","yes","daily",61,"right","considerable","no","0"
"1865","think","9483878","rsl_list1","5","rsl","aligned","cognate",1,1068.34,2.86,2.9,2.3,"high","verb","exact","atelic","intrans",7,7,"yes","high","high","high","parents","yes","daily",42,"right","considerable","yes","0"
"1866","think","9555631","rsl_list1","6","rsl","aligned","cognate",1,1879.50699998211,2.86,2.9,2.3,"high","verb","exact","atelic","intrans",7,7,"yes","high","high","high","other","no","daily",33,"right","considerable","yes","28"
"1867","think","9483913","rsl_list1","20","rsl","aligned","cognate",1,742.397999999986,2.86,2.9,2.3,"high","verb","exact","atelic","intrans",7,7,"yes","high","high","high","parents","yes","daily",37,"right","considerable","yes","0"
"1868","think","9476391","rsl_list2","13","rsl","nonaligned","cognate",1,1127.94399999999,2.86,2.9,2.3,"high","verb","exact","atelic","intrans",7,7,"yes","high","high","high","parents","yes","daily",32,"right","serious","no","2"
"1869","think","9472740","rsl_list2","43","rsl","nonaligned","cognate",1,2735.73699999403,2.86,2.9,2.3,"high","verb","exact","atelic","intrans",7,7,"yes","high","high","high","other","yes","daily",24,"right","moderate","yes","7"
"1870","think","9498014","rsl_list2","34","rsl","nonaligned","cognate",1,2565.79300001194,2.86,2.9,2.3,"high","verb","exact","atelic","intrans",7,6,"yes","high","low","high","other","no","daily",44,"right","considerable","no","16"
"1871","think","9493027","nsl_list2","43","nsl","aligned","cognate",0,516.865000000049,2.86,2.9,2.05,"high","verb","exact","atelic","intrans",7,7,"yes","high","high","high","parents","yes","daily",31,"right","considerable","no","2"
"1872","think","9481529","nsl_list2","48","nsl","aligned","cognate",0,694.359999988053,2.86,2.9,2.05,"high","verb","exact","atelic","intrans",7,7,"yes","high","high","high","other","yes","daily",43,"right","serious","no","3.5"
"1873","think","9476778","nsl_list1","17","nsl","nonaligned","cognate",1,1120.12,2.86,2.9,2.05,"high","verb","exact","atelic","intrans",7,7,"yes","high","high","high","parents","yes","daily",46,"right","considerable","yes","0"
"1874","think","9483072","nsl_list2","40","nsl","aligned","cognate",0,1576.84199999849,2.86,2.9,2.05,"high","verb","exact","atelic","intrans",7,7,"yes","high","high","high","school","no","daily",45,"left","serious","no","14"
"1875","think","9555238","rsl_list2","20","rsl","nonaligned","cognate",1,1299.49200000596,2.86,2.9,2.3,"high","verb","exact","atelic","intrans",7,7,"yes","high","high","high","caregiver","no","daily",13,"right","mild","no","0"
"1876","think","9489076","rsl_list2","48","rsl","nonaligned","cognate",1,93.8159999046475,2.86,2.9,2.3,"high","verb","exact","atelic","intrans",7,7,"yes","high","high","high","parents","yes","daily",38,"right","serious","no","1"
"1877","think","9541537","rsl_list1","45","rsl","aligned","cognate",1,823.615000005986,2.86,2.9,2.3,"high","verb","exact","atelic","intrans",7,7,"yes","high","high","high","parents","yes","daily",34,"right","moderate","yes","0"
"1878","think","9473190","rsl_list2","43","rsl","nonaligned","cognate",1,5450.75700000452,2.86,2.9,2.3,"high","verb","exact","atelic","intrans",7,7,"yes","high","high","high","school","yes","daily",49,"right","serious","no","7"
"1879","think","9377336","rsl_list2","18","rsl","nonaligned","cognate",1,959.890999988071,2.86,2.9,2.3,"high","verb","exact","atelic","intrans",7,7,"yes","high","high","high","school","yes","daily",48,"right","serious","no","6.5"
"1880","think","9492137","rsl_list1","4","rsl","aligned","cognate",1,215.070000000007,2.86,2.9,2.3,"high","verb","exact","atelic","intrans",7,7,"yes","high","high","high","other","yes","daily",28,"right","moderate","no","3"
"1881","think","9479813","rsl_list2","11","rsl","nonaligned","cognate",1,-17.5779999985098,2.86,2.9,2.3,"high","verb","exact","atelic","intrans",7,7,"yes","high","high","high","parents","yes","daily",35,"right","considerable","no","0"
"1882","think","9473110","rsl_list1","10","rsl","aligned","cognate",1,1076.85999999776,2.86,2.9,2.3,"high","verb","exact","atelic","intrans",7,7,"yes","high","high","high","other","yes","daily",36,"right","serious","yes","3.5"
"1883","think","9503065","rsl_list1","31","rsl","aligned","cognate",1,1316.24699999997,2.86,2.9,2.3,"high","verb","exact","atelic","intrans",7,7,"yes","high","high","high","parents","yes","daily",36,"right","considerable","yes","0"
"1884","think","9482266","rsl_list1","42","rsl","aligned","cognate",1,1065.38199998805,2.86,2.9,2.3,"high","verb","exact","atelic","intrans",7,7,"yes","high","high","high","other","no","daily",35,"right","considerable","no","15"
"1885","think","9476587","rsl_list2","37","rsl","nonaligned","cognate",1,1196,2.86,2.9,2.3,"high","verb","exact","atelic","intrans",7,7,"yes","high","high","high","school","yes","daily",25,"right","serious","yes","5"
"1886","think","9455706","rsl_list1","40","rsl","aligned","cognate",1,1335.19099999999,2.86,2.9,2.3,"high","verb","exact","atelic","intrans",7,7,"yes","high","high","high","other","yes","daily",31,"right","considerable","no","7"
"1887","think","9537479","rsl_list2","36","rsl","nonaligned","cognate",1,536.700000000012,2.86,2.9,2.3,"high","verb","exact","atelic","intrans",7,6,"yes","high","low","high","parents","yes","daily",43,"right","serious","yes","0"
"1888","think","9458431","rsl_list2","9","rsl","nonaligned","cognate",1,494.553000047687,2.86,2.9,2.3,"high","verb","exact","atelic","intrans",7,7,"yes","high","high","high","parents","yes","daily",38,"right","serious","yes","0"
"1889","think","9454658","rsl_list1","40","rsl","aligned","cognate",1,320,2.86,2.9,2.3,"high","verb","exact","atelic","intrans",7,7,"yes","high","high","high","other","yes","daily",29,"right","serious","no","5"
"1890","think","9454567","rsl_list2","25","rsl","nonaligned","cognate",1,274.273999999976,2.86,2.9,2.3,"high","verb","exact","atelic","intrans",7,7,"yes","high","high","high","school","yes","daily",38,"right","serious","yes","6"
"1891","travel","9541537","rsl_list1","34","rsl","nonaligned","noncognate",1,764.027999999991,0,1.17,0.84,"low","verb","different","atelic","intrans",7,7,"yes","high","high","high","parents","yes","daily",34,"right","moderate","yes","0"
"1892","travel","9476391","rsl_list2","24","rsl","aligned","noncognate",1,1583.95800000016,0,1.17,0.84,"low","verb","different","atelic","intrans",7,7,"yes","high","high","high","parents","yes","daily",32,"right","serious","no","2"
"1893","travel","9555631","rsl_list1","12","rsl","nonaligned","noncognate",1,1475.68399999404,0,1.17,0.84,"low","verb","different","atelic","intrans",7,7,"yes","high","high","high","other","no","daily",33,"right","considerable","yes","28"
"1894","travel","9473110","rsl_list1","12","rsl","nonaligned","noncognate",1,1105.74399999852,0,1.17,0.84,"low","verb","different","atelic","intrans",7,6,"yes","high","low","high","other","yes","daily",36,"right","serious","yes","3.5"
"1895","travel","9473190","rsl_list2","21","rsl","aligned","noncognate",1,1336.90600000595,0,1.17,0.84,"low","verb","different","atelic","intrans",7,6,"yes","high","low","high","school","yes","daily",49,"right","serious","no","7"
"1896","travel","9555238","rsl_list2","40","rsl","aligned","noncognate",1,1441.462,0,1.17,0.84,"low","verb","different","atelic","intrans",7,5,"yes","high","low","high","caregiver","no","daily",13,"right","mild","no","0"
"1897","travel","9612157","nsl_list1","20","nsl","nonaligned","noncognate",1,676.581999976159,0,1.17,1.38,"high","verb","different","atelic","intrans",7,3,"yes","high","low","high","school","yes","daily",28,"left","serious","yes","5"
"1898","travel","9647566","nsl_list1","10","nsl","nonaligned","noncognate",0,2922.49600001788,0,1.17,1.38,"high","verb","different","atelic","intrans",7,4,"yes","high","low","high","other","no","often",81,"right","serious","no","19"
"1899","travel","9479027","nsl_list2","17","nsl","aligned","noncognate",0,2499.636,0,1.17,1.38,"high","verb","different","atelic","intrans",7,1,"yes","high","low","high","parents","yes","daily",48,"right","serious","yes","1"
"1900","travel","9493027","nsl_list2","22","nsl","aligned","noncognate",0,782.690000000002,0,1.17,1.38,"high","verb","different","atelic","intrans",7,1,"yes","high","low","high","parents","yes","daily",31,"right","considerable","no","2"
"1901","travel","9476778","nsl_list1","1","nsl","nonaligned","noncognate",0,6571.44200000596,0,1.17,1.38,"high","verb","different","atelic","intrans",7,6,"yes","high","high","high","parents","yes","daily",46,"right","considerable","yes","0"
"1902","travel","9477400","nsl_list2","43","nsl","aligned","noncognate",1,662.909000095387,0,1.17,1.38,"high","verb","different","atelic","intrans",7,5,"yes","high","low","high","other","yes","daily",44,"right","serious","yes","1"
"1903","travel","9498903","nsl_list1","4","nsl","nonaligned","noncognate",0,2960.02499999999,0,1.17,1.38,"high","verb","different","atelic","intrans",7,7,"yes","high","high","high","school","yes","daily",49,"right","serious","no","18"
"1904","travel","9481529","nsl_list2","31","nsl","aligned","noncognate",1,1079.87000001193,0,1.17,1.38,"high","verb","different","atelic","intrans",7,7,"yes","high","high","high","other","yes","daily",43,"right","serious","no","3.5"
"1905","travel","9687063","nsl_list1","18","nsl","nonaligned","noncognate",1,1264,0,1.17,1.38,"high","verb","different","atelic","intrans",7,5,"yes","high","low","high","parents","no","daily",23,"right","serious","no","0"
"1906","travel","9477538","nsl_list2","15","nsl","aligned","noncognate",1,1700.16599995233,0,1.17,1.38,"high","verb","different","atelic","intrans",7,2,"yes","high","low","high","other","no","daily",37,"right","serious","yes","17"
"1907","travel","9368241","nsl_list2","43","nsl","aligned","noncognate",1,1341.93400000891,0,1.17,1.38,"high","verb","different","atelic","intrans",7,6,"yes","high","high","high","other","yes","daily",37,"right","serious","yes","0.5"
"1908","travel","9481563","nsl_list2","31","nsl","aligned","noncognate",1,2330.88800001191,0,1.17,1.38,"high","verb","different","atelic","intrans",7,6,"yes","high","high","high","parents","yes","daily",50,"right","serious","yes","1"
"1909","travel","9458431","rsl_list2","15","rsl","aligned","noncognate",1,607.62299995232,0,1.17,0.84,"low","verb","different","atelic","intrans",7,7,"yes","high","high","high","parents","yes","daily",38,"right","serious","yes","0"
"1910","travel","9454567","rsl_list2","4","rsl","aligned","noncognate",0,2345.15300000001,0,1.17,0.84,"low","verb","different","atelic","intrans",7,7,"yes","high","high","high","school","yes","daily",38,"right","serious","yes","6"
"1911","travel","9587228","rsl_list1","36","rsl","nonaligned","noncognate",1,1528.47899999999,0,1.17,0.84,"low","verb","different","atelic","intrans",7,7,"yes","high","high","high","parents","yes","daily",61,"right","considerable","no","0"
"1912","travel","9455706","rsl_list1","23","rsl","nonaligned","noncognate",1,1685.40999999963,0,1.17,0.84,"low","verb","different","atelic","intrans",7,7,"yes","high","high","high","other","yes","daily",31,"right","considerable","no","7"
"1913","travel","9492137","rsl_list1","33","rsl","nonaligned","noncognate",1,993.838000000163,0,1.17,0.84,"low","verb","different","atelic","intrans",7,7,"yes","high","high","high","other","yes","daily",28,"right","moderate","no","3"
"1914","travel","9483878","rsl_list1","7","rsl","nonaligned","noncognate",1,781.440000000002,0,1.17,0.84,"low","verb","different","atelic","intrans",7,1,"yes","high","low","high","parents","yes","daily",42,"right","considerable","yes","0"
"1915","travel","9482266","rsl_list1","3","rsl","nonaligned","noncognate",1,2633.14799999999,0,1.17,0.84,"low","verb","different","atelic","intrans",7,4,"yes","high","low","high","other","no","daily",35,"right","considerable","no","15"
"1916","travel","9454658","rsl_list1","10","rsl","nonaligned","noncognate",1,984,0,1.17,0.84,"low","verb","different","atelic","intrans",7,4,"yes","high","low","high","other","yes","daily",29,"right","serious","no","5"
"1917","travel","9503065","rsl_list1","7","rsl","nonaligned","noncognate",1,14981.0159999985,0,1.17,0.84,"low","verb","different","atelic","intrans",7,7,"yes","high","high","high","parents","yes","daily",36,"right","considerable","yes","0"
"1918","travel","9476587","rsl_list2","29","rsl","aligned","noncognate",1,1232,0,1.17,0.84,"low","verb","different","atelic","intrans",7,6,"yes","high","low","high","school","yes","daily",25,"right","serious","yes","5"
"1919","travel","9489076","rsl_list2","7","rsl","aligned","noncognate",1,669.606999856944,0,1.17,0.84,"low","verb","different","atelic","intrans",7,7,"yes","high","high","high","parents","yes","daily",38,"right","serious","no","1"
"1920","travel","9498014","rsl_list2","21","rsl","aligned","noncognate",1,2974.27899999998,0,1.17,0.84,"low","verb","different","atelic","intrans",7,6,"yes","high","low","high","other","no","daily",44,"right","considerable","no","16"
"1921","travel","9479813","rsl_list2","3","rsl","aligned","noncognate",1,814.875999995529,0,1.17,0.84,"low","verb","different","atelic","intrans",7,5,"yes","high","low","high","parents","yes","daily",35,"right","considerable","no","0"
"1922","travel","9537479","rsl_list2","25","rsl","aligned","noncognate",1,1590.04000000001,0,1.17,0.84,"low","verb","different","atelic","intrans",7,6,"yes","high","low","high","parents","yes","daily",43,"right","serious","yes","0"
"1923","travel","9472740","rsl_list2","17","rsl","aligned","noncognate",1,994.287999991066,0,1.17,0.84,"low","verb","different","atelic","intrans",7,7,"yes","high","high","high","other","yes","daily",24,"right","moderate","yes","7"
"1924","travel","9483913","rsl_list1","16","rsl","nonaligned","noncognate",1,1464.90300000223,0,1.17,0.84,"low","verb","different","atelic","intrans",7,7,"yes","high","high","high","parents","yes","daily",37,"right","considerable","yes","0"
"1925","travel","9377336","rsl_list2","47","rsl","aligned","noncognate",1,1175.75099996419,0,1.17,0.84,"low","verb","different","atelic","intrans",7,7,"yes","high","high","high","school","yes","daily",48,"right","serious","no","6.5"
"1926","travel","9473775","rsl_list2","48","rsl","aligned","noncognate",1,2599.57999999996,0,1.17,0.84,"low","verb","different","atelic","intrans",7,7,"yes","high","high","high","school","yes","daily",44,"right","considerable","no","7"
"1927","travel","9685656","nsl_list2","7","nsl","aligned","noncognate",1,935.097999999998,0,1.17,1.38,"high","verb","different","atelic","intrans",7,7,"yes","high","high","high","parents","yes","daily",48,"right","serious","yes","2"
"1928","travel","9481525","nsl_list1","20","nsl","nonaligned","noncognate",1,1221.66899998212,0,1.17,1.38,"high","verb","different","atelic","intrans",7,5,"yes","high","low","high","caregiver","yes","daily",53,"right","serious","yes","48"
"1929","travel","9696122","nsl_list1","38","nsl","nonaligned","noncognate",1,1197.77599999995,0,1.17,1.38,"high","verb","different","atelic","intrans",1,1,"yes","low","low","high","parents","yes","daily",34,"right","serious","yes","1"
"1930","travel","9479413","nsl_list1","10","nsl","nonaligned","noncognate",1,2071.56,0,1.17,1.38,"high","verb","different","atelic","intrans",7,7,"yes","high","high","high","other","yes","daily",55,"right","serious","no","16"
"1931","travel","9462565","nsl_list1","43","nsl","nonaligned","noncognate",1,1033,0,1.17,1.38,"high","verb","different","atelic","intrans",7,1,"yes","high","low","high","parents","yes","daily",42,"right","serious","yes","0"
"1932","travel","9631781","nsl_list1","28","nsl","nonaligned","noncognate",1,5031,0,1.17,1.38,"high","verb","different","atelic","intrans",7,7,"yes","high","high","high","other","no","often",81,"right","serious","no","19"
"1933","travel","9483072","nsl_list2","7","nsl","aligned","noncognate",1,1606.45,0,1.17,1.38,"high","verb","different","atelic","intrans",7,7,"yes","high","high","high","school","no","daily",45,"left","serious","no","14"
"1934","travel","9482437","nsl_list1","16","nsl","nonaligned","noncognate",1,1881,0,1.17,1.38,"high","verb","different","atelic","intrans",7,7,"yes","high","high","high","school","yes","daily",70,"right","serious","no","8"
"1935","travel","9477675","nsl_list2","28","nsl","aligned","noncognate",1,2245.50500001194,0,1.17,1.38,"high","verb","different","atelic","intrans",7,4,"yes","high","low","high","other","yes","daily",41,"right","serious","no","3"
"1936","try","9454658","rsl_list1","11","rsl","nonaligned","noncognate",0,3803,2.5,1.54,1.74,"high","verb","different","telic","intrans",7,7,"yes","high","high","high","other","yes","daily",29,"right","serious","no","5"
"1937","try","9492137","rsl_list1","45","rsl","nonaligned","noncognate",0,2716.71000000002,2.5,1.54,1.74,"high","verb","different","telic","intrans",7,5,"yes","high","low","high","other","yes","daily",28,"right","moderate","no","3"
"1938","try","9473190","rsl_list2","6","rsl","aligned","noncognate",1,4464.14400000448,2.5,1.54,1.74,"high","verb","different","telic","intrans",7,6,"yes","high","low","high","school","yes","daily",49,"right","serious","no","7"
"1939","try","9482266","rsl_list1","2","rsl","nonaligned","noncognate",0,3933.359,2.5,1.54,1.74,"high","verb","different","telic","intrans",7,4,"yes","high","low","high","other","no","daily",35,"right","considerable","no","15"
"1940","try","9473110","rsl_list1","26","rsl","nonaligned","noncognate",1,1436.685,2.5,1.54,1.74,"high","verb","different","telic","intrans",7,7,"yes","high","high","high","other","yes","daily",36,"right","serious","yes","3.5"
"1941","try","9473775","rsl_list2","29","rsl","aligned","noncognate",1,2819.58000000002,2.5,1.54,1.74,"high","verb","different","telic","intrans",7,7,"yes","high","high","high","school","yes","daily",44,"right","considerable","no","7"
"1942","try","9537479","rsl_list2","19","rsl","aligned","noncognate",1,2203.42000000001,2.5,1.54,1.74,"high","verb","different","telic","intrans",7,7,"yes","high","high","high","parents","yes","daily",43,"right","serious","yes","0"
"1943","try","9489076","rsl_list2","2","rsl","aligned","noncognate",0,498.373999952317,2.5,1.54,1.74,"high","verb","different","telic","intrans",7,1,"yes","high","low","high","parents","yes","daily",38,"right","serious","no","1"
"1944","try","9455706","rsl_list1","46","rsl","nonaligned","noncognate",0,4776.84299999976,2.5,1.54,1.74,"high","verb","different","telic","intrans",7,7,"yes","high","high","high","other","yes","daily",31,"right","considerable","no","7"
"1945","try","9476391","rsl_list2","5","rsl","aligned","noncognate",1,1562.03300000004,2.5,1.54,1.74,"high","verb","different","telic","intrans",7,7,"yes","high","high","high","parents","yes","daily",32,"right","serious","no","2"
"1946","try","9476587","rsl_list2","17","rsl","aligned","noncognate",1,929.000000000029,2.5,1.54,1.74,"high","verb","different","telic","intrans",7,5,"yes","high","low","high","school","yes","daily",25,"right","serious","yes","5"
"1947","try","9377336","rsl_list2","36","rsl","aligned","noncognate",0,6275.8769999881,2.5,1.54,1.74,"high","verb","different","telic","intrans",7,1,"yes","high","low","high","school","yes","daily",48,"right","serious","no","6.5"
"1948","try","9541537","rsl_list1","21","rsl","nonaligned","noncognate",1,918.015000000014,2.5,1.54,1.74,"high","verb","different","telic","intrans",7,7,"no","high","high","low","parents","yes","daily",34,"right","moderate","yes","0"
"1949","try","9503065","rsl_list1","37","rsl","nonaligned","noncognate",0,2081.01899999776,2.5,1.54,1.74,"high","verb","different","telic","intrans",7,7,"yes","high","high","high","parents","yes","daily",36,"right","considerable","yes","0"
"1950","try","9483913","rsl_list1","15","rsl","nonaligned","noncognate",1,1392.85500000298,2.5,1.54,1.74,"high","verb","different","telic","intrans",7,7,"yes","high","high","high","parents","yes","daily",37,"right","considerable","yes","0"
"1951","try","9472740","rsl_list2","11","rsl","aligned","noncognate",1,1947.67799999107,2.5,1.54,1.74,"high","verb","different","telic","intrans",7,7,"yes","high","high","high","other","yes","daily",24,"right","moderate","yes","7"
"1952","try","9498014","rsl_list2","33","rsl","aligned","noncognate",0,10248.4910000119,2.5,1.54,1.74,"high","verb","different","telic","intrans",7,5,"yes","high","low","high","other","no","daily",44,"right","considerable","no","16"
"1953","try","9458431","rsl_list2","25","rsl","aligned","noncognate",1,310.926000047708,2.5,1.54,1.74,"high","verb","different","telic","intrans",7,7,"yes","high","high","high","parents","yes","daily",38,"right","serious","yes","0"
"1954","try","9587228","rsl_list1","28","rsl","nonaligned","noncognate",1,1410.16700000002,2.5,1.54,1.74,"high","verb","different","telic","intrans",7,7,"yes","high","high","high","parents","yes","daily",61,"right","considerable","no","0"
"1955","try","9555238","rsl_list2","8","rsl","aligned","noncognate",1,1824.73200000596,2.5,1.54,1.74,"high","verb","different","telic","intrans",7,4,"yes","high","low","high","caregiver","no","daily",13,"right","mild","no","0"
"1956","try","9477538","nsl_list2","12","nsl","aligned","noncognate",0,1478.65800009537,2.5,1.54,1.07,"high","verb","different","telic","intrans",7,2,"yes","high","low","high","other","no","daily",37,"right","serious","yes","17"
"1957","try","9687063","nsl_list1","47","nsl","nonaligned","noncognate",0,7811,2.5,1.54,1.07,"high","verb","different","telic","intrans",3,2,"no","low","low","low","parents","no","daily",23,"right","serious","no","0"
"1958","try","9685656","nsl_list2","20","nsl","aligned","noncognate",0,659.377999976161,2.5,1.54,1.07,"high","verb","different","telic","intrans",7,1,"no","high","low","low","parents","yes","daily",48,"right","serious","yes","2"
"1959","try","9481525","nsl_list1","16","nsl","nonaligned","noncognate",0,4183.25200000004,2.5,1.54,1.07,"high","verb","different","telic","intrans",7,1,"yes","high","low","high","caregiver","yes","daily",53,"right","serious","yes","48"
"1960","try","9477400","nsl_list2","9","nsl","aligned","noncognate",0,1489.05699995231,2.5,1.54,1.07,"high","verb","different","telic","intrans",1,1,"no","low","low","low","other","yes","daily",44,"right","serious","yes","1"
"1961","try","9612157","nsl_list1","24","nsl","nonaligned","noncognate",1,-91.8450000238372,2.5,1.54,1.07,"high","verb","different","telic","intrans",7,1,"yes","high","low","high","school","yes","daily",28,"left","serious","yes","5"
"1962","try","9647566","nsl_list1","35","nsl","nonaligned","noncognate",0,5439.81099999999,2.5,1.54,1.07,"high","verb","different","telic","intrans",7,1,"yes","high","low","high","other","no","often",81,"right","serious","no","19"
"1963","try","9493027","nsl_list2","19","nsl","aligned","noncognate",0,473.792000000001,2.5,1.54,1.07,"high","verb","different","telic","intrans",7,1,"yes","high","low","high","parents","yes","daily",31,"right","considerable","no","2"
"1964","try","9631781","nsl_list1","47","nsl","nonaligned","noncognate",0,4228,2.5,1.54,1.07,"high","verb","different","telic","intrans",1,1,"no","low","low","low","other","no","often",81,"right","serious","no","19"
"1965","try","9481529","nsl_list2","32","nsl","aligned","noncognate",0,1252.99099998811,2.5,1.54,1.07,"high","verb","different","telic","intrans",7,2,"yes","high","low","high","other","yes","daily",43,"right","serious","no","3.5"
"1966","try","9498903","nsl_list1","28","nsl","nonaligned","noncognate",0,2533.35900009537,2.5,1.54,1.07,"high","verb","different","telic","intrans",5,2,"yes","low","low","high","school","yes","daily",49,"right","serious","no","18"
"1967","try","9477675","nsl_list2","29","nsl","aligned","noncognate",0,1294.31600000599,2.5,1.54,1.07,"high","verb","different","telic","intrans",4,2,"no","low","low","low","other","yes","daily",41,"right","serious","no","3"
"1968","try","9462565","nsl_list1","7","nsl","nonaligned","noncognate",0,867,2.5,1.54,1.07,"high","verb","different","telic","intrans",7,1,"yes","high","low","high","parents","yes","daily",42,"right","serious","yes","0"
"1969","try","9476778","nsl_list1","46","nsl","nonaligned","noncognate",0,902.312999982096,2.5,1.54,1.07,"high","verb","different","telic","intrans",3,2,"no","low","low","low","parents","yes","daily",46,"right","considerable","yes","0"
"1970","try","9696122","nsl_list1","10","nsl","nonaligned","noncognate",0,274.83800000223,2.5,1.54,1.07,"high","verb","different","telic","intrans",1,1,"yes","low","low","high","parents","yes","daily",34,"right","serious","yes","1"
"1971","try","9483072","nsl_list2","35","nsl","aligned","noncognate",0,2897.0639999985,2.5,1.54,1.07,"high","verb","different","telic","intrans",7,1,"yes","high","low","high","school","no","daily",45,"left","serious","no","14"
"1972","try","9479413","nsl_list1","23","nsl","nonaligned","noncognate",0,2402.62299985695,2.5,1.54,1.07,"high","verb","different","telic","intrans",7,1,"yes","high","low","high","other","yes","daily",55,"right","serious","no","16"
"1973","try","9479027","nsl_list2","47","nsl","aligned","noncognate",0,280.735999997763,2.5,1.54,1.07,"high","verb","different","telic","intrans",1,1,"yes","low","low","high","parents","yes","daily",48,"right","serious","yes","1"
"1974","try","9368241","nsl_list2","21","nsl","aligned","noncognate",0,2057.64300000895,2.5,1.54,1.07,"high","verb","different","telic","intrans",7,2,"yes","high","low","high","other","yes","daily",37,"right","serious","yes","0.5"
"1975","try","9481563","nsl_list2","48","nsl","aligned","noncognate",0,883.233999999939,2.5,1.54,1.07,"high","verb","different","telic","intrans",7,1,"yes","high","low","high","parents","yes","daily",50,"right","serious","yes","1"
"1976","try","9482437","nsl_list1","21","nsl","nonaligned","noncognate",0,711,2.5,1.54,1.07,"high","verb","different","telic","intrans",4,4,"no","low","low","low","school","yes","daily",70,"right","serious","no","8"
"1977","try","9479813","rsl_list2","29","rsl","aligned","noncognate",1,444.151000001497,2.5,1.54,1.74,"high","verb","different","telic","intrans",7,7,"yes","high","high","high","parents","yes","daily",35,"right","considerable","no","0"
"1978","try","9483878","rsl_list1","11","rsl","nonaligned","noncognate",1,2210.92000000001,2.5,1.54,1.74,"high","verb","different","telic","intrans",7,1,"yes","high","low","high","parents","yes","daily",42,"right","considerable","yes","0"
"1979","try","9454567","rsl_list2","10","rsl","aligned","noncognate",1,952.954000000056,2.5,1.54,1.74,"high","verb","different","telic","intrans",7,7,"yes","high","high","high","school","yes","daily",38,"right","serious","yes","6"
"1980","try","9555631","rsl_list1","18","rsl","nonaligned","noncognate",1,2782.45300000597,2.5,1.54,1.74,"high","verb","different","telic","intrans",7,7,"yes","high","high","high","other","no","daily",33,"right","considerable","yes","28"
"1981","wait","9493027","nsl_list2","3","nsl","aligned","noncognate",1,864.658999999258,2.26,2.51,1.36,"high","verb","different","telic","intrans",7,7,"yes","high","high","high","parents","yes","daily",31,"right","considerable","no","2"
"1982","wait","9477400","nsl_list2","30","nsl","aligned","noncognate",1,768.061000047659,2.26,2.51,1.36,"high","verb","different","telic","intrans",7,6,"yes","high","high","high","other","yes","daily",44,"right","serious","yes","1"
"1983","wait","9481525","nsl_list1","10","nsl","nonaligned","noncognate",0,2888.57999999999,2.26,2.51,1.36,"high","verb","different","telic","intrans",7,7,"yes","high","high","high","caregiver","yes","daily",53,"right","serious","yes","48"
"1984","wait","9482437","nsl_list1","48","nsl","nonaligned","noncognate",0,829,2.26,2.51,1.36,"high","verb","different","telic","intrans",7,7,"yes","high","high","high","school","yes","daily",70,"right","serious","no","8"
"1985","wait","9477675","nsl_list2","46","nsl","aligned","noncognate",1,1947.33900001791,2.26,2.51,1.36,"high","verb","different","telic","intrans",7,6,"yes","high","high","high","other","yes","daily",41,"right","serious","no","3"
"1986","wait","9647566","nsl_list1","23","nsl","nonaligned","noncognate",0,3834.28200000001,2.26,2.51,1.36,"high","verb","different","telic","intrans",7,7,"yes","high","high","high","other","no","often",81,"right","serious","no","19"
"1987","wait","9481529","nsl_list2","45","nsl","aligned","noncognate",1,679.489000011934,2.26,2.51,1.36,"high","verb","different","telic","intrans",7,1,"yes","high","low","high","other","yes","daily",43,"right","serious","no","3.5"
"1988","wait","9479027","nsl_list2","34","nsl","aligned","noncognate",1,958.396999997785,2.26,2.51,1.36,"high","verb","different","telic","intrans",7,7,"yes","high","high","high","parents","yes","daily",48,"right","serious","yes","1"
"1989","wait","9612157","nsl_list1","46","nsl","nonaligned","noncognate",1,879.223999999987,2.26,2.51,1.36,"high","verb","different","telic","intrans",7,7,"yes","high","high","high","school","yes","daily",28,"left","serious","yes","5"
"1990","wait","9483072","nsl_list2","41","nsl","aligned","noncognate",1,1390.56099999999,2.26,2.51,1.36,"high","verb","different","telic","intrans",7,7,"yes","high","high","high","school","no","daily",45,"left","serious","no","14"
"1991","wait","9696122","nsl_list1","6","nsl","nonaligned","noncognate",0,1543.59800000298,2.26,2.51,1.36,"high","verb","different","telic","intrans",7,7,"yes","high","high","high","parents","yes","daily",34,"right","serious","yes","1"
"1992","wait","9631781","nsl_list1","30","nsl","nonaligned","noncognate",0,4300,2.26,2.51,1.36,"high","verb","different","telic","intrans",7,7,"yes","high","high","high","other","no","often",81,"right","serious","no","19"
"1993","wait","9498903","nsl_list1","35","nsl","nonaligned","noncognate",0,1995.08699990466,2.26,2.51,1.36,"high","verb","different","telic","intrans",7,7,"yes","high","high","high","school","yes","daily",49,"right","serious","no","18"
"1994","wait","9687063","nsl_list1","45","nsl","nonaligned","noncognate",0,2384,2.26,2.51,1.36,"high","verb","different","telic","intrans",7,3,"yes","high","low","high","parents","no","daily",23,"right","serious","no","0"
"1995","wait","9368241","nsl_list2","40","nsl","aligned","noncognate",1,1443.38300000894,2.26,2.51,1.36,"high","verb","different","telic","intrans",7,4,"yes","high","low","high","other","yes","daily",37,"right","serious","yes","0.5"
"1996","wait","9462565","nsl_list1","30","nsl","nonaligned","noncognate",0,1681,2.26,2.51,1.36,"high","verb","different","telic","intrans",7,7,"yes","high","high","high","parents","yes","daily",42,"right","serious","yes","0"
"1997","wait","9483878","rsl_list1","35","rsl","nonaligned","noncognate",0,608.099999999977,2.26,2.51,2,"high","verb","different","telic","intrans",7,4,"yes","high","low","high","parents","yes","daily",42,"right","considerable","yes","0"
"1998","wait","9454567","rsl_list2","15","rsl","aligned","noncognate",1,228.063999999897,2.26,2.51,2,"high","verb","different","telic","intrans",7,7,"yes","high","high","high","school","yes","daily",38,"right","serious","yes","6"
"1999","wait","9541537","rsl_list1","19","rsl","nonaligned","noncognate",0,7546.50000000148,2.26,2.51,2,"high","verb","different","telic","intrans",7,7,"yes","high","high","high","parents","yes","daily",34,"right","moderate","yes","0"
"2000","wait","9458431","rsl_list2","30","rsl","aligned","noncognate",1,298.045000000042,2.26,2.51,2,"high","verb","different","telic","intrans",7,5,"yes","high","low","high","parents","yes","daily",38,"right","serious","yes","0"
"2001","wait","9473190","rsl_list2","8","rsl","aligned","noncognate",1,1496.264,2.26,2.51,2,"high","verb","different","telic","intrans",7,4,"yes","high","low","high","school","yes","daily",49,"right","serious","no","7"
"2002","wait","9489076","rsl_list2","17","rsl","aligned","noncognate",1,-30.7920001907332,2.26,2.51,2,"high","verb","different","telic","intrans",7,7,"yes","high","high","high","parents","yes","daily",38,"right","serious","no","1"
"2003","wait","9503065","rsl_list1","9","rsl","nonaligned","noncognate",0,4345.58499999925,2.26,2.51,2,"high","verb","different","telic","intrans",7,7,"yes","high","high","high","parents","yes","daily",36,"right","considerable","yes","0"
"2004","wait","9476587","rsl_list2","15","rsl","aligned","noncognate",1,1179,2.26,2.51,2,"high","verb","different","telic","intrans",7,7,"yes","high","high","high","school","yes","daily",25,"right","serious","yes","5"
"2005","wait","9377336","rsl_list2","46","rsl","aligned","noncognate",1,1297.96999999986,2.26,2.51,2,"high","verb","different","telic","intrans",7,7,"yes","high","high","high","school","yes","daily",48,"right","serious","no","6.5"
"2006","wait","9454658","rsl_list1","44","rsl","nonaligned","noncognate",1,1254,2.26,2.51,2,"high","verb","different","telic","intrans",7,7,"yes","high","high","high","other","yes","daily",29,"right","serious","no","5"
"2007","wait","9587228","rsl_list1","22","rsl","nonaligned","noncognate",0,1148.45800000225,2.26,2.51,2,"high","verb","different","telic","intrans",7,7,"yes","high","high","high","parents","yes","daily",61,"right","considerable","no","0"
"2008","wait","9479813","rsl_list2","44","rsl","aligned","noncognate",1,148.483999998483,2.26,2.51,2,"high","verb","different","telic","intrans",7,7,"yes","high","high","high","parents","yes","daily",35,"right","considerable","no","0"
"2009","wait","9492137","rsl_list1","44","rsl","nonaligned","noncognate",0,880.685000000347,2.26,2.51,2,"high","verb","different","telic","intrans",7,7,"yes","high","high","high","other","yes","daily",28,"right","moderate","no","3"
"2010","wait","9472740","rsl_list2","5","rsl","aligned","noncognate",1,974.474000002985,2.26,2.51,2,"high","verb","different","telic","intrans",7,6,"yes","high","low","high","other","yes","daily",24,"right","moderate","yes","7"
"2011","wait","9482266","rsl_list1","5","rsl","nonaligned","noncognate",0,1543.33000001192,2.26,2.51,2,"high","verb","different","telic","intrans",7,7,"yes","high","high","high","other","no","daily",35,"right","considerable","no","15"
"2012","wait","9555238","rsl_list2","38","rsl","aligned","noncognate",1,1266.353,2.26,2.51,2,"high","verb","different","telic","intrans",5,4,"no","low","low","low","caregiver","no","daily",13,"right","mild","no","0"
"2013","wait","9555631","rsl_list1","17","rsl","nonaligned","noncognate",1,1631.55099998807,2.26,2.51,2,"high","verb","different","telic","intrans",7,7,"yes","high","high","high","other","no","daily",33,"right","considerable","yes","28"
"2014","wait","9476391","rsl_list2","43","rsl","aligned","noncognate",1,2290.80799999996,2.26,2.51,2,"high","verb","different","telic","intrans",7,7,"yes","high","high","high","parents","yes","daily",32,"right","serious","no","2"
"2015","wait","9473110","rsl_list1","38","rsl","nonaligned","noncognate",0,2112.50700000074,2.26,2.51,2,"high","verb","different","telic","intrans",7,7,"yes","high","high","high","other","yes","daily",36,"right","serious","yes","3.5"
"2016","wait","9473775","rsl_list2","7","rsl","aligned","noncognate",1,5616.39999999999,2.26,2.51,2,"high","verb","different","telic","intrans",7,6,"no","high","low","low","school","yes","daily",44,"right","considerable","no","7"
"2017","wait","9479413","nsl_list1","36","nsl","nonaligned","noncognate",0,1470.97699985694,2.26,2.51,1.36,"high","verb","different","telic","intrans",7,1,"yes","high","low","high","other","yes","daily",55,"right","serious","no","16"
"2018","wait","9685656","nsl_list2","33","nsl","aligned","noncognate",1,461.523999904632,2.26,2.51,1.36,"high","verb","different","telic","intrans",7,7,"yes","high","high","high","parents","yes","daily",48,"right","serious","yes","2"
"2019","wait","9476778","nsl_list1","22","nsl","nonaligned","noncognate",0,4047.57199998212,2.26,2.51,1.36,"high","verb","different","telic","intrans",7,7,"yes","high","high","high","parents","yes","daily",46,"right","considerable","yes","0"
"2020","wait","9483913","rsl_list1","36","rsl","nonaligned","noncognate",1,1842.21399999998,2.26,2.51,2,"high","verb","different","telic","intrans",7,1,"yes","high","low","high","parents","yes","daily",37,"right","considerable","yes","0"
"2021","wait","9477538","nsl_list2","46","nsl","aligned","noncognate",1,1929.07400000002,2.26,2.51,1.36,"high","verb","different","telic","intrans",7,7,"yes","high","high","high","other","no","daily",37,"right","serious","yes","17"
"2022","wait","9455706","rsl_list1","17","rsl","nonaligned","noncognate",0,3791.891,2.26,2.51,2,"high","verb","different","telic","intrans",7,7,"yes","high","high","high","other","yes","daily",31,"right","considerable","no","7"
"2023","wait","9537479","rsl_list2","30","rsl","aligned","noncognate",1,998.20000000007,2.26,2.51,2,"high","verb","different","telic","intrans",7,4,"yes","high","low","high","parents","yes","daily",43,"right","serious","yes","0"
"2024","wait","9481563","nsl_list2","44","nsl","aligned","noncognate",1,1274.15600000299,2.26,2.51,1.36,"high","verb","different","telic","intrans",7,5,"yes","high","low","high","parents","yes","daily",50,"right","serious","yes","1"
"2025","wait","9498014","rsl_list2","46","rsl","aligned","noncognate",1,975.510000000009,2.26,2.51,2,"high","verb","different","telic","intrans",6,6,"yes","low","low","high","other","no","daily",44,"right","considerable","no","16"
"2026","watch","9458431","rsl_list2","23","rsl","nonaligned","cognate",1,1967.353,2.33,2.8,2.69,"high","verb","near","atelic","trans",7,5,"yes","high","low","high","parents","yes","daily",38,"right","serious","yes","0"
"2027","watch","9492137","rsl_list1","48","rsl","aligned","cognate",1,557.33000000054,2.33,2.8,2.69,"high","verb","near","atelic","trans",7,7,"yes","high","high","high","other","yes","daily",28,"right","moderate","no","3"
"2028","watch","9537479","rsl_list2","18","rsl","nonaligned","cognate",0,813.679999999993,2.33,2.8,2.69,"high","verb","near","atelic","trans",7,6,"yes","high","low","high","parents","yes","daily",43,"right","serious","yes","0"
"2029","watch","9454567","rsl_list2","48","rsl","nonaligned","cognate",1,1038.48100000009,2.33,2.8,2.69,"high","verb","near","atelic","trans",7,6,"yes","high","low","high","school","yes","daily",38,"right","serious","yes","6"
"2030","watch","9483913","rsl_list1","37","rsl","aligned","cognate",1,2995.65000000002,2.33,2.8,2.69,"high","verb","near","atelic","trans",7,7,"yes","high","high","high","parents","yes","daily",37,"right","considerable","yes","0"
"2031","watch","9479813","rsl_list2","21","rsl","nonaligned","cognate",1,827.234000001481,2.33,2.8,2.69,"high","verb","near","atelic","trans",7,7,"yes","high","high","high","parents","yes","daily",35,"right","considerable","no","0"
"2032","watch","9647566","nsl_list1","3","nsl","nonaligned","cognate",0,2473.34000001191,2.33,2.8,1.77,"high","verb","near","atelic","trans",7,7,"yes","high","high","high","other","no","often",81,"right","serious","no","19"
"2033","watch","9481563","nsl_list2","47","nsl","aligned","cognate",0,3081.05400001188,2.33,2.8,1.77,"high","verb","near","atelic","trans",7,6,"yes","high","high","high","parents","yes","daily",50,"right","serious","yes","1"
"2034","watch","9687063","nsl_list1","27","nsl","nonaligned","cognate",0,4527,2.33,2.8,1.77,"high","verb","near","atelic","trans",7,3,"yes","high","low","high","parents","no","daily",23,"right","serious","no","0"
"2035","watch","9473110","rsl_list1","41","rsl","aligned","cognate",1,1180.60499999998,2.33,2.8,2.69,"high","verb","near","atelic","trans",7,7,"yes","high","high","high","other","yes","daily",36,"right","serious","yes","3.5"
"2036","watch","9476391","rsl_list2","18","rsl","nonaligned","cognate",1,5304.17199999996,2.33,2.8,2.69,"high","verb","near","atelic","trans",7,5,"yes","high","low","high","parents","yes","daily",32,"right","serious","no","2"
"2037","watch","9476587","rsl_list2","16","rsl","nonaligned","cognate",1,1225,2.33,2.8,2.69,"high","verb","near","atelic","trans",7,7,"yes","high","high","high","school","yes","daily",25,"right","serious","yes","5"
"2038","watch","9473775","rsl_list2","14","rsl","nonaligned","cognate",1,2157.06,2.33,2.8,2.69,"high","verb","near","atelic","trans",7,7,"yes","high","high","high","school","yes","daily",44,"right","considerable","no","7"
"2039","watch","9483878","rsl_list1","31","rsl","aligned","cognate",1,253.979999999981,2.33,2.8,2.69,"high","verb","near","atelic","trans",7,7,"yes","high","high","high","parents","yes","daily",42,"right","considerable","yes","0"
"2040","watch","9489076","rsl_list2","37","rsl","nonaligned","cognate",1,404.157999952324,2.33,2.8,2.69,"high","verb","near","atelic","trans",7,7,"yes","high","high","high","parents","yes","daily",38,"right","serious","no","1"
"2041","watch","9455706","rsl_list1","36","rsl","aligned","cognate",1,2463.64999999979,2.33,2.8,2.69,"high","verb","near","atelic","trans",7,7,"yes","high","high","high","other","yes","daily",31,"right","considerable","no","7"
"2042","watch","9498014","rsl_list2","3","rsl","nonaligned","cognate",0,4410.12899999403,2.33,2.8,2.69,"high","verb","near","atelic","trans",7,7,"yes","high","high","high","other","no","daily",44,"right","considerable","no","16"
"2043","watch","9454658","rsl_list1","4","rsl","aligned","cognate",1,1112,2.33,2.8,2.69,"high","verb","near","atelic","trans",7,7,"yes","high","high","high","other","yes","daily",29,"right","serious","no","5"
"2044","watch","9473190","rsl_list2","22","rsl","nonaligned","cognate",1,13458.6950000045,2.33,2.8,2.69,"high","verb","near","atelic","trans",7,5,"yes","high","low","high","school","yes","daily",49,"right","serious","no","7"
"2045","watch","9377336","rsl_list2","37","rsl","nonaligned","cognate",1,4229.69699999993,2.33,2.8,2.69,"high","verb","near","atelic","trans",7,7,"yes","high","high","high","school","yes","daily",48,"right","serious","no","6.5"
"2046","watch","9555238","rsl_list2","43","rsl","nonaligned","cognate",1,1033.24899998808,2.33,2.8,2.69,"high","verb","near","atelic","trans",7,7,"yes","high","high","high","caregiver","no","daily",13,"right","mild","no","0"
"2047","watch","9368241","nsl_list2","20","nsl","aligned","cognate",0,1916.70400000596,2.33,2.8,1.77,"high","verb","near","atelic","trans",7,6,"yes","high","high","high","other","yes","daily",37,"right","serious","yes","0.5"
"2048","watch","9631781","nsl_list1","7","nsl","nonaligned","cognate",1,11393,2.33,2.8,1.77,"high","verb","near","atelic","trans",7,7,"yes","high","high","high","other","no","often",81,"right","serious","no","19"
"2049","watch","9482437","nsl_list1","7","nsl","nonaligned","cognate",0,909.000000000007,2.33,2.8,1.77,"high","verb","near","atelic","trans",7,7,"yes","high","high","high","school","yes","daily",70,"right","serious","no","8"
"2050","watch","9493027","nsl_list2","39","nsl","aligned","cognate",0,1009.78599999927,2.33,2.8,1.77,"high","verb","near","atelic","trans",7,7,"yes","high","high","high","parents","yes","daily",31,"right","considerable","no","2"
"2051","watch","9476778","nsl_list1","44","nsl","nonaligned","cognate",1,582.511000005936,2.33,2.8,1.77,"high","verb","near","atelic","trans",7,7,"yes","high","high","high","parents","yes","daily",46,"right","considerable","yes","0"
"2052","watch","9477675","nsl_list2","41","nsl","aligned","cognate",0,1130.84500000597,2.33,2.8,1.77,"high","verb","near","atelic","trans",7,6,"yes","high","high","high","other","yes","daily",41,"right","serious","no","3"
"2053","watch","9479413","nsl_list1","37","nsl","nonaligned","cognate",1,2294.07599990466,2.33,2.8,1.77,"high","verb","near","atelic","trans",7,7,"yes","high","high","high","other","yes","daily",55,"right","serious","no","16"
"2054","watch","9477538","nsl_list2","21","nsl","aligned","cognate",0,1184.66899995232,2.33,2.8,1.77,"high","verb","near","atelic","trans",7,7,"yes","high","high","high","other","no","daily",37,"right","serious","yes","17"
"2055","watch","9462565","nsl_list1","46","nsl","nonaligned","cognate",1,1078,2.33,2.8,1.77,"high","verb","near","atelic","trans",7,7,"yes","high","high","high","parents","yes","daily",42,"right","serious","yes","0"
"2056","watch","9477400","nsl_list2","16","nsl","aligned","cognate",0,1964.80800004769,2.33,2.8,1.77,"high","verb","near","atelic","trans",7,3,"yes","high","low","high","other","yes","daily",44,"right","serious","yes","1"
"2057","watch","9479027","nsl_list2","28","nsl","aligned","cognate",0,1866.68799999997,2.33,2.8,1.77,"high","verb","near","atelic","trans",7,7,"yes","high","high","high","parents","yes","daily",48,"right","serious","yes","1"
"2058","watch","9483072","nsl_list2","15","nsl","aligned","cognate",0,3399.21199999852,2.33,2.8,1.77,"high","verb","near","atelic","trans",7,7,"yes","high","high","high","school","no","daily",45,"left","serious","no","14"
"2059","watch","9498903","nsl_list1","11","nsl","nonaligned","cognate",1,2425.844,2.33,2.8,1.77,"high","verb","near","atelic","trans",7,7,"yes","high","high","high","school","yes","daily",49,"right","serious","no","18"
"2060","watch","9472740","rsl_list2","22","rsl","nonaligned","cognate",1,2229.49799999699,2.33,2.8,2.69,"high","verb","near","atelic","trans",7,4,"yes","high","low","high","other","yes","daily",24,"right","moderate","yes","7"
"2061","watch","9587228","rsl_list1","10","rsl","aligned","cognate",1,2372.84500000298,2.33,2.8,2.69,"high","verb","near","atelic","trans",7,7,"yes","high","high","high","parents","yes","daily",61,"right","considerable","no","0"
"2062","watch","9482266","rsl_list1","21","rsl","aligned","cognate",1,1727.8180000119,2.33,2.8,2.69,"high","verb","near","atelic","trans",7,7,"yes","high","high","high","other","no","daily",35,"right","considerable","no","15"
"2063","watch","9503065","rsl_list1","43","rsl","aligned","cognate",1,4406.83200000005,2.33,2.8,2.69,"high","verb","near","atelic","trans",7,6,"yes","high","low","high","parents","yes","daily",36,"right","considerable","yes","0"
"2064","watch","9541537","rsl_list1","20","rsl","aligned","cognate",1,1674.94,2.33,2.8,2.69,"high","verb","near","atelic","trans",7,7,"yes","high","high","high","parents","yes","daily",34,"right","moderate","yes","0"
"2065","watch","9685656","nsl_list2","28","nsl","aligned","cognate",0,950.298999904655,2.33,2.8,1.77,"high","verb","near","atelic","trans",7,7,"yes","high","high","high","parents","yes","daily",48,"right","serious","yes","2"
"2066","watch","9481529","nsl_list2","23","nsl","aligned","cognate",0,1265.91100002383,2.33,2.8,1.77,"high","verb","near","atelic","trans",7,7,"yes","high","high","high","other","yes","daily",43,"right","serious","no","3.5"
"2067","watch","9696122","nsl_list1","2","nsl","nonaligned","cognate",0,996.078999999998,2.33,2.8,1.77,"high","verb","near","atelic","trans",1,1,"yes","low","low","high","parents","yes","daily",34,"right","serious","yes","1"
"2068","watch","9612157","nsl_list1","47","nsl","nonaligned","cognate",1,906.032999976131,2.33,2.8,1.77,"high","verb","near","atelic","trans",7,7,"yes","high","high","high","school","yes","daily",28,"left","serious","yes","5"
"2069","watch","9555631","rsl_list1","21","rsl","aligned","cognate",1,1014.05900000001,2.33,2.8,2.69,"high","verb","near","atelic","trans",7,7,"yes","high","high","high","other","no","daily",33,"right","considerable","yes","28"
"2070","watch","9481525","nsl_list1","8","nsl","nonaligned","cognate",1,15413.356000006,2.33,2.8,1.77,"high","verb","near","atelic","trans",7,7,"yes","high","high","high","caregiver","yes","daily",53,"right","serious","yes","48"
"2071","win","9368241","nsl_list2","28","nsl","aligned","noncognate",1,1348.74200000596,2.33,1.69,0,"low","verb","different","telic","trans",7,5,"yes","high","low","high","other","yes","daily",37,"right","serious","yes","0.5"
"2072","win","9482437","nsl_list1","41","nsl","nonaligned","noncognate",1,1956,2.33,1.69,0,"low","verb","different","telic","trans",7,7,"yes","high","high","high","school","yes","daily",70,"right","serious","no","8"
"2073","win","9498014","rsl_list2","5","rsl","aligned","noncognate",1,8166.01999998809,2.33,1.69,0.84,"low","verb","different","telic","trans",7,6,"yes","high","low","high","other","no","daily",44,"right","considerable","no","16"
"2074","win","9479413","nsl_list1","29","nsl","nonaligned","noncognate",1,8603.45799985694,2.33,1.69,0,"low","verb","different","telic","trans",7,7,"yes","high","high","high","other","yes","daily",55,"right","serious","no","16"
"2075","win","9647566","nsl_list1","5","nsl","nonaligned","noncognate",0,1466.99100000596,2.33,1.69,0,"low","verb","different","telic","trans",7,5,"yes","high","low","high","other","no","often",81,"right","serious","no","19"
"2076","win","9481529","nsl_list2","12","nsl","aligned","noncognate",1,488.103999999992,2.33,1.69,0,"low","verb","different","telic","trans",7,7,"yes","high","high","high","other","yes","daily",43,"right","serious","no","3.5"
"2077","win","9612157","nsl_list1","1","nsl","nonaligned","noncognate",0,3936.416,2.33,1.69,0,"low","verb","different","telic","trans",7,7,"yes","high","high","high","school","yes","daily",28,"left","serious","yes","5"
"2078","win","9483072","nsl_list2","25","nsl","aligned","noncognate",1,736.282999999239,2.33,1.69,0,"low","verb","different","telic","trans",7,7,"yes","high","high","high","school","no","daily",45,"left","serious","no","14"
"2079","win","9696122","nsl_list1","37","nsl","nonaligned","noncognate",0,317.2730000015,2.33,1.69,0,"low","verb","different","telic","trans",1,1,"no","low","low","low","parents","yes","daily",34,"right","serious","yes","1"
"2080","win","9493027","nsl_list2","12","nsl","aligned","noncognate",0,1039.27799999925,2.33,1.69,0,"low","verb","different","telic","trans",7,2,"yes","high","low","high","parents","yes","daily",31,"right","considerable","no","2"
"2081","win","9479027","nsl_list2","8","nsl","aligned","noncognate",0,3394.97600000075,2.33,1.69,0,"low","verb","different","telic","trans",7,1,"yes","high","low","high","parents","yes","daily",48,"right","serious","yes","1"
"2082","win","9462565","nsl_list1","4","nsl","nonaligned","noncognate",0,1484,2.33,1.69,0,"low","verb","different","telic","trans",7,1,"no","high","low","low","parents","yes","daily",42,"right","serious","yes","0"
"2083","win","9472740","rsl_list2","44","rsl","aligned","noncognate",1,2331.60900000297,2.33,1.69,0.84,"low","verb","different","telic","trans",7,7,"yes","high","high","high","other","yes","daily",24,"right","moderate","yes","7"
"2084","win","9473775","rsl_list2","16","rsl","aligned","noncognate",1,956.100000000006,2.33,1.69,0.84,"low","verb","different","telic","trans",7,7,"yes","high","high","high","school","yes","daily",44,"right","considerable","no","7"
"2085","win","9537479","rsl_list2","39","rsl","aligned","noncognate",1,728.700000000012,2.33,1.69,0.84,"low","verb","different","telic","trans",7,7,"yes","high","high","high","parents","yes","daily",43,"right","serious","yes","0"
"2086","win","9631781","nsl_list1","38","nsl","nonaligned","noncognate",0,6104,2.33,1.69,0,"low","verb","different","telic","trans",7,7,"yes","high","high","high","other","no","often",81,"right","serious","no","19"
"2087","win","9477538","nsl_list2","37","nsl","aligned","noncognate",1,2754.71299999999,2.33,1.69,0,"low","verb","different","telic","trans",7,6,"yes","high","high","high","other","no","daily",37,"right","serious","yes","17"
"2088","win","9587228","rsl_list1","26","rsl","nonaligned","noncognate",1,2131.23599999998,2.33,1.69,0.84,"low","verb","different","telic","trans",7,7,"yes","high","high","high","parents","yes","daily",61,"right","considerable","no","0"
"2089","win","9458431","rsl_list2","28","rsl","aligned","noncognate",1,530.139000047697,2.33,1.69,0.84,"low","verb","different","telic","trans",7,4,"yes","high","low","high","parents","yes","daily",38,"right","serious","yes","0"
"2090","win","9483913","rsl_list1","33","rsl","nonaligned","noncognate",1,2737.31700000225,2.33,1.69,0.84,"low","verb","different","telic","trans",7,1,"yes","high","low","high","parents","yes","daily",37,"right","considerable","yes","0"
"2091","win","9483878","rsl_list1","30","rsl","nonaligned","noncognate",1,694.219999999972,2.33,1.69,0.84,"low","verb","different","telic","trans",7,1,"yes","high","low","high","parents","yes","daily",42,"right","considerable","yes","0"
"2092","win","9489076","rsl_list2","32","rsl","aligned","noncognate",1,420.994000000006,2.33,1.69,0.84,"low","verb","different","telic","trans",7,4,"yes","high","low","high","parents","yes","daily",38,"right","serious","no","1"
"2093","win","9492137","rsl_list1","29","rsl","nonaligned","noncognate",1,1225.63800000021,2.33,1.69,0.84,"low","verb","different","telic","trans",7,7,"yes","high","high","high","other","yes","daily",28,"right","moderate","no","3"
"2094","win","9555631","rsl_list1","31","rsl","nonaligned","noncognate",1,1728.45999998209,2.33,1.69,0.84,"low","verb","different","telic","trans",7,7,"yes","high","high","high","other","no","daily",33,"right","considerable","yes","28"
"2095","win","9476587","rsl_list2","39","rsl","aligned","noncognate",1,910,2.33,1.69,0.84,"low","verb","different","telic","trans",7,6,"yes","high","low","high","school","yes","daily",25,"right","serious","yes","5"
"2096","win","9454658","rsl_list1","34","rsl","nonaligned","noncognate",1,991,2.33,1.69,0.84,"low","verb","different","telic","trans",7,7,"yes","high","high","high","other","yes","daily",29,"right","serious","no","5"
"2097","win","9481525","nsl_list1","2","nsl","nonaligned","noncognate",1,8374.67499998212,2.33,1.69,0,"low","verb","different","telic","trans",7,3,"yes","high","low","high","caregiver","yes","daily",53,"right","serious","yes","48"
"2098","win","9476778","nsl_list1","23","nsl","nonaligned","noncognate",1,4257.69399998212,2.33,1.69,0,"low","verb","different","telic","trans",7,7,"yes","high","high","high","parents","yes","daily",46,"right","considerable","yes","0"
"2099","win","9479813","rsl_list2","31","rsl","aligned","noncognate",1,356.340999997017,2.33,1.69,0.84,"low","verb","different","telic","trans",7,7,"yes","high","high","high","parents","yes","daily",35,"right","considerable","no","0"
"2100","win","9476391","rsl_list2","26","rsl","aligned","noncognate",1,1824.58099999995,2.33,1.69,0.84,"low","verb","different","telic","trans",7,7,"no","high","high","low","parents","yes","daily",32,"right","serious","no","2"
"2101","win","9477675","nsl_list2","48","nsl","aligned","noncognate",1,481.428000017884,2.33,1.69,0,"low","verb","different","telic","trans",6,4,"yes","low","low","high","other","yes","daily",41,"right","serious","no","3"
"2102","win","9687063","nsl_list1","36","nsl","nonaligned","noncognate",1,1530,2.33,1.69,0,"low","verb","different","telic","trans",7,5,"yes","high","low","high","parents","no","daily",23,"right","serious","no","0"
"2103","win","9477400","nsl_list2","29","nsl","aligned","noncognate",1,494.582999952312,2.33,1.69,0,"low","verb","different","telic","trans",7,7,"yes","high","high","high","other","yes","daily",44,"right","serious","yes","1"
"2104","win","9498903","nsl_list1","45","nsl","nonaligned","noncognate",1,1456.47999999998,2.33,1.69,0,"low","verb","different","telic","trans",7,7,"yes","high","high","high","school","yes","daily",49,"right","serious","no","18"
"2105","win","9685656","nsl_list2","26","nsl","aligned","noncognate",1,646.676999928488,2.33,1.69,0,"low","verb","different","telic","trans",7,7,"yes","high","high","high","parents","yes","daily",48,"right","serious","yes","2"
"2106","win","9481563","nsl_list2","9","nsl","aligned","noncognate",1,2577.77800001192,2.33,1.69,0,"low","verb","different","telic","trans",7,7,"yes","high","high","high","parents","yes","daily",50,"right","serious","yes","1"
"2107","win","9541537","rsl_list1","8","rsl","nonaligned","noncognate",1,594.986000001489,2.33,1.69,0.84,"low","verb","different","telic","trans",7,7,"no","high","high","low","parents","yes","daily",34,"right","moderate","yes","0"
"2108","win","9454567","rsl_list2","34","rsl","aligned","noncognate",1,456.201000000001,2.33,1.69,0.84,"low","verb","different","telic","trans",7,7,"no","high","high","low","school","yes","daily",38,"right","serious","yes","6"
"2109","win","9455706","rsl_list1","9","rsl","nonaligned","noncognate",1,4291.42599999944,2.33,1.69,0.84,"low","verb","different","telic","trans",7,7,"yes","high","high","high","other","yes","daily",31,"right","considerable","no","7"
"2110","win","9482266","rsl_list1","43","rsl","nonaligned","noncognate",1,1643.26399997616,2.33,1.69,0.84,"low","verb","different","telic","trans",7,3,"yes","high","low","high","other","no","daily",35,"right","considerable","no","15"
"2111","win","9473190","rsl_list2","12","rsl","aligned","noncognate",1,17273.447000003,2.33,1.69,0.84,"low","verb","different","telic","trans",7,7,"yes","high","high","high","school","yes","daily",49,"right","serious","no","7"
"2112","win","9473110","rsl_list1","46","rsl","nonaligned","noncognate",1,993.810999998532,2.33,1.69,0.84,"low","verb","different","telic","trans",7,7,"yes","high","high","high","other","yes","daily",36,"right","serious","yes","3.5"
"2113","win","9377336","rsl_list2","5","rsl","aligned","noncognate",1,1317.95399998808,2.33,1.69,0.84,"low","verb","different","telic","trans",7,7,"yes","high","high","high","school","yes","daily",48,"right","serious","no","6.5"
"2114","win","9503065","rsl_list1","42","rsl","nonaligned","noncognate",0,8523.50399999775,2.33,1.69,0.84,"low","verb","different","telic","trans",7,6,"yes","high","low","high","parents","yes","daily",36,"right","considerable","yes","0"
"2115","win","9555238","rsl_list2","18","rsl","aligned","noncognate",1,1664.05699999997,2.33,1.69,0.84,"low","verb","different","telic","trans",5,4,"no","low","low","low","caregiver","no","daily",13,"right","mild","no","0"
"2116","write","9503065","rsl_list1","34","rsl","aligned","cognate",1,1040.11999999848,2.96,2.75,1.81,"high","verb","near","atelic","trans",7,7,"yes","high","high","high","parents","yes","daily",36,"right","considerable","yes","0"
"2117","write","9498014","rsl_list2","13","rsl","nonaligned","cognate",1,1948.79200000595,2.96,2.75,1.81,"high","verb","near","atelic","trans",7,6,"yes","high","low","high","other","no","daily",44,"right","considerable","no","16"
"2118","write","9537479","rsl_list2","42","rsl","nonaligned","cognate",1,556.659999999974,2.96,2.75,1.81,"high","verb","near","atelic","trans",7,7,"yes","high","high","high","parents","yes","daily",43,"right","serious","yes","0"
"2119","write","9476391","rsl_list2","30","rsl","nonaligned","cognate",1,1479.26899999997,2.96,2.75,1.81,"high","verb","near","atelic","trans",7,7,"yes","high","high","high","parents","yes","daily",32,"right","serious","no","2"
"2120","write","9541537","rsl_list1","11","rsl","aligned","cognate",1,373.677000002994,2.96,2.75,1.81,"high","verb","near","atelic","trans",7,7,"yes","high","high","high","parents","yes","daily",34,"right","moderate","yes","0"
"2121","write","9493027","nsl_list2","24","nsl","aligned","cognate",1,696.816999999632,2.96,2.75,0.6,"low","verb","near","atelic","trans",7,7,"yes","high","high","high","parents","yes","daily",31,"right","considerable","no","2"
"2122","write","9647566","nsl_list1","28","nsl","nonaligned","cognate",1,1289.95600000594,2.96,2.75,0.6,"low","verb","near","atelic","trans",7,7,"yes","high","high","high","other","no","often",81,"right","serious","no","19"
"2123","write","9696122","nsl_list1","22","nsl","nonaligned","cognate",1,147.705000002228,2.96,2.75,0.6,"low","verb","near","atelic","trans",7,7,"yes","high","high","high","parents","yes","daily",34,"right","serious","yes","1"
"2124","write","9476587","rsl_list2","42","rsl","nonaligned","cognate",1,985,2.96,2.75,1.81,"high","verb","near","atelic","trans",7,7,"yes","high","high","high","school","yes","daily",25,"right","serious","yes","5"
"2125","write","9492137","rsl_list1","5","rsl","aligned","cognate",1,546.807000000743,2.96,2.75,1.81,"high","verb","near","atelic","trans",7,7,"yes","high","high","high","other","yes","daily",28,"right","moderate","no","3"
"2126","write","9472740","rsl_list2","26","rsl","nonaligned","cognate",1,1459.84299999999,2.96,2.75,1.81,"high","verb","near","atelic","trans",7,7,"yes","high","high","high","other","yes","daily",24,"right","moderate","yes","7"
"2127","write","9489076","rsl_list2","33","rsl","nonaligned","cognate",1,160.389999809267,2.96,2.75,1.81,"high","verb","near","atelic","trans",7,7,"yes","high","high","high","parents","yes","daily",38,"right","serious","no","1"
"2128","write","9377336","rsl_list2","19","rsl","nonaligned","cognate",1,1179.67199999999,2.96,2.75,1.81,"high","verb","near","atelic","trans",7,7,"yes","high","high","high","school","yes","daily",48,"right","serious","no","6.5"
"2129","write","9454658","rsl_list1","13","rsl","aligned","cognate",0,2265,2.96,2.75,1.81,"high","verb","near","atelic","trans",7,7,"yes","high","high","high","other","yes","daily",29,"right","serious","no","5"
"2130","write","9473190","rsl_list2","4","rsl","nonaligned","cognate",1,4527.48800000446,2.96,2.75,1.81,"high","verb","near","atelic","trans",7,7,"yes","high","high","high","school","yes","daily",49,"right","serious","no","7"
"2131","write","9479813","rsl_list2","32","rsl","nonaligned","cognate",1,60.8329999970156,2.96,2.75,1.81,"high","verb","near","atelic","trans",7,7,"yes","high","high","high","parents","yes","daily",35,"right","considerable","no","0"
"2132","write","9482266","rsl_list1","9","rsl","aligned","cognate",1,1109.60299997615,2.96,2.75,1.81,"high","verb","near","atelic","trans",7,6,"yes","high","low","high","other","no","daily",35,"right","considerable","no","15"
"2133","write","9454567","rsl_list2","7","rsl","nonaligned","cognate",1,564.231999999902,2.96,2.75,1.81,"high","verb","near","atelic","trans",7,6,"yes","high","low","high","school","yes","daily",38,"right","serious","yes","6"
"2134","write","9631781","nsl_list1","41","nsl","nonaligned","cognate",1,1924,2.96,2.75,0.6,"low","verb","near","atelic","trans",7,7,"yes","high","high","high","other","no","often",81,"right","serious","no","19"
"2135","write","9687063","nsl_list1","16","nsl","nonaligned","cognate",1,669,2.96,2.75,0.6,"low","verb","near","atelic","trans",7,7,"yes","high","high","high","parents","no","daily",23,"right","serious","no","0"
"2136","write","9477400","nsl_list2","13","nsl","aligned","cognate",1,1197.15099995231,2.96,2.75,0.6,"low","verb","near","atelic","trans",7,7,"yes","high","high","high","other","yes","daily",44,"right","serious","yes","1"
"2137","write","9368241","nsl_list2","31","nsl","aligned","cognate",1,816.202000005986,2.96,2.75,0.6,"low","verb","near","atelic","trans",7,7,"yes","high","high","high","other","yes","daily",37,"right","serious","yes","0.5"
"2138","write","9482437","nsl_list1","18","nsl","nonaligned","cognate",1,789,2.96,2.75,0.6,"low","verb","near","atelic","trans",7,7,"yes","high","high","high","school","yes","daily",70,"right","serious","no","8"
"2139","write","9462565","nsl_list1","35","nsl","nonaligned","cognate",1,1049,2.96,2.75,0.6,"low","verb","near","atelic","trans",7,7,"yes","high","high","high","parents","yes","daily",42,"right","serious","yes","0"
"2140","write","9612157","nsl_list1","16","nsl","nonaligned","cognate",1,94.1769999880926,2.96,2.75,0.6,"low","verb","near","atelic","trans",7,7,"yes","high","high","high","school","yes","daily",28,"left","serious","yes","5"
"2141","write","9483072","nsl_list2","38","nsl","aligned","cognate",1,1038.94900000148,2.96,2.75,0.6,"low","verb","near","atelic","trans",7,7,"yes","high","high","high","school","no","daily",45,"left","serious","no","14"
"2142","write","9481525","nsl_list1","13","nsl","nonaligned","cognate",1,1872.20000000001,2.96,2.75,0.6,"low","verb","near","atelic","trans",7,7,"yes","high","high","high","caregiver","yes","daily",53,"right","serious","yes","48"
"2143","write","9479027","nsl_list2","42","nsl","aligned","cognate",1,750.138000000035,2.96,2.75,0.6,"low","verb","near","atelic","trans",7,7,"yes","high","high","high","parents","yes","daily",48,"right","serious","yes","1"
"2144","write","9481563","nsl_list2","11","nsl","aligned","cognate",1,733.243999999977,2.96,2.75,0.6,"low","verb","near","atelic","trans",7,7,"yes","high","high","high","parents","yes","daily",50,"right","serious","yes","1"
"2145","write","9479413","nsl_list1","19","nsl","nonaligned","cognate",1,879.165999904624,2.96,2.75,0.6,"low","verb","near","atelic","trans",7,7,"yes","high","high","high","other","yes","daily",55,"right","serious","no","16"
"2146","write","9477538","nsl_list2","24","nsl","aligned","cognate",1,682.972000047681,2.96,2.75,0.6,"low","verb","near","atelic","trans",7,7,"yes","high","high","high","other","no","daily",37,"right","serious","yes","17"
"2147","write","9587228","rsl_list1","5","rsl","aligned","cognate",1,1694.80300000074,2.96,2.75,1.81,"high","verb","near","atelic","trans",7,7,"yes","high","high","high","parents","yes","daily",61,"right","considerable","no","0"
"2148","write","9555631","rsl_list1","11","rsl","aligned","cognate",1,11025.713,2.96,2.75,1.81,"high","verb","near","atelic","trans",7,7,"yes","high","high","high","other","no","daily",33,"right","considerable","yes","28"
"2149","write","9555238","rsl_list2","11","rsl","nonaligned","cognate",1,1618.42500000595,2.96,2.75,1.81,"high","verb","near","atelic","trans",7,7,"yes","high","high","high","caregiver","no","daily",13,"right","mild","no","0"
"2150","write","9481529","nsl_list2","27","nsl","aligned","cognate",1,340.639999988081,2.96,2.75,0.6,"low","verb","near","atelic","trans",7,7,"yes","high","high","high","other","yes","daily",43,"right","serious","no","3.5"
"2151","write","9685656","nsl_list2","9","nsl","aligned","cognate",1,546.207999928476,2.96,2.75,0.6,"low","verb","near","atelic","trans",7,7,"yes","high","high","high","parents","yes","daily",48,"right","serious","yes","2"
"2152","write","9498903","nsl_list1","14","nsl","nonaligned","cognate",1,889.033000286101,2.96,2.75,0.6,"low","verb","near","atelic","trans",7,7,"yes","high","high","high","school","yes","daily",49,"right","serious","no","18"
"2153","write","9476778","nsl_list1","42","nsl","nonaligned","cognate",1,79.5699999940116,2.96,2.75,0.6,"low","verb","near","atelic","trans",7,7,"yes","high","high","high","parents","yes","daily",46,"right","considerable","yes","0"
"2154","write","9458431","rsl_list2","7","rsl","nonaligned","cognate",1,911.124000047683,2.96,2.75,1.81,"high","verb","near","atelic","trans",7,7,"yes","high","high","high","parents","yes","daily",38,"right","serious","yes","0"
"2155","write","9483878","rsl_list1","14","rsl","aligned","cognate",1,729.299999999988,2.96,2.75,1.81,"high","verb","near","atelic","trans",7,7,"yes","high","high","high","parents","yes","daily",42,"right","considerable","yes","0"
"2156","write","9473110","rsl_list1","22","rsl","aligned","cognate",1,903.908000000753,2.96,2.75,1.81,"high","verb","near","atelic","trans",7,7,"yes","high","high","high","other","yes","daily",36,"right","serious","yes","3.5"
"2157","write","9483913","rsl_list1","13","rsl","aligned","cognate",1,1081.921,2.96,2.75,1.81,"high","verb","near","atelic","trans",7,7,"yes","high","high","high","parents","yes","daily",37,"right","considerable","yes","0"
"2158","write","9473775","rsl_list2","11","rsl","nonaligned","cognate",1,1421.73999999999,2.96,2.75,1.81,"high","verb","near","atelic","trans",7,6,"yes","high","low","high","school","yes","daily",44,"right","considerable","no","7"
"2159","write","9455706","rsl_list1","28","rsl","aligned","cognate",1,1314.55500000005,2.96,2.75,1.81,"high","verb","near","atelic","trans",7,7,"yes","high","high","high","other","yes","daily",31,"right","considerable","no","7"
"2160","write","9477675","nsl_list2","44","nsl","aligned","cognate",1,658.976000023831,2.96,2.75,0.6,"low","verb","near","atelic","trans",7,7,"yes","high","high","high","other","yes","daily",41,"right","serious","no","3"
